range_nmi,speed_kt,tecnologia,P
10.0,180.0,Battery-electric (fan),0.0
11.69989106589066,180.0,Battery-electric (fan),0.0
13.688745095370805,180.0,Battery-electric (fan),0.0
16.015682644458355,180.0,Battery-electric (fan),0.0
18.73817422860384,180.0,Battery-electric (fan),0.0
21.923459724834466,180.0,Battery-electric (fan),0.0
25.650209056800456,180.0,Battery-electric (fan),0.0
30.010465178188735,180.0,Battery-electric (fan),0.0
35.11191734215131,180.0,Battery-electric (fan),0.0
41.08056080177274,180.0,Battery-electric (fan),0.0
48.06380863064389,180.0,Battery-electric (fan),0.0
56.23413251903491,180.0,Battery-electric (fan),0.0
65.79332246575679,180.0,Battery-electric (fan),0.0
76.9774705712371,180.0,Battery-electric (fan),0.0
90.06280202112787,180.0,Battery-electric (fan),0.0
105.37249727360725,180.0,Battery-electric (fan),0.0
123.28467394420659,180.0,Battery-electric (fan),0.0
144.24172552410664,180.0,Battery-electric (fan),0.0
168.7612475788147,180.0,Battery-electric (fan),0.0
197.44882128159367,180.0,Battery-electric (fan),0.0
231.0129700083158,180.0,Battery-electric (fan),0.0
270.28265839051625,180.0,Battery-electric (fan),0.0
316.22776601683796,180.0,Battery-electric (fan),0.0
369.9830414406966,180.0,Battery-electric (fan),0.0
432.8761281083057,180.0,Battery-electric (fan),0.0
506.4603543891704,180.0,Battery-electric (fan),0.0
592.5530975545674,180.0,Battery-electric (fan),0.0
693.2806692144524,180.0,Battery-electric (fan),0.0
811.1308307896873,180.0,Battery-electric (fan),0.0
949.0142360424725,180.0,Battery-electric (fan),0.0
1110.336318167638,180.0,Battery-electric (fan),0.0
1299.0813969063468,180.0,Battery-electric (fan),0.0
1519.9110829529332,180.0,Battery-electric (fan),0.0
1778.2794100389228,180.0,Battery-electric (fan),0.0
2080.5675382171694,180.0,Battery-electric (fan),0.0
2434.2413552369194,180.0,Battery-electric (fan),0.0
2848.035868435799,180.0,Battery-electric (fan),0.0
3332.1709412448167,180.0,Battery-electric (fan),0.0
3898.603702549072,180.0,Battery-electric (fan),0.0
4561.323862890211,180.0,Battery-electric (fan),0.0
5336.699231206308,180.0,Battery-electric (fan),0.0
6243.879965653626,180.0,Battery-electric (fan),0.0
7305.271542664449,180.0,Battery-electric (fan),0.0
8547.08812559251,180.0,Battery-electric (fan),0.0
10000.0,180.0,Battery-electric (fan),0.0
10.0,188.2051282051282,Battery-electric (fan),0.0
11.69989106589066,188.2051282051282,Battery-electric (fan),0.0
13.688745095370805,188.2051282051282,Battery-electric (fan),0.0
16.015682644458355,188.2051282051282,Battery-electric (fan),0.0
18.73817422860384,188.2051282051282,Battery-electric (fan),0.0
21.923459724834466,188.2051282051282,Battery-electric (fan),0.0
25.650209056800456,188.2051282051282,Battery-electric (fan),0.0
30.010465178188735,188.2051282051282,Battery-electric (fan),0.0
35.11191734215131,188.2051282051282,Battery-electric (fan),0.0
41.08056080177274,188.2051282051282,Battery-electric (fan),0.0
48.06380863064389,188.2051282051282,Battery-electric (fan),0.0
56.23413251903491,188.2051282051282,Battery-electric (fan),0.0
65.79332246575679,188.2051282051282,Battery-electric (fan),0.0
76.9774705712371,188.2051282051282,Battery-electric (fan),0.0
90.06280202112787,188.2051282051282,Battery-electric (fan),0.0
105.37249727360725,188.2051282051282,Battery-electric (fan),0.0
123.28467394420659,188.2051282051282,Battery-electric (fan),0.0
144.24172552410664,188.2051282051282,Battery-electric (fan),0.0
168.7612475788147,188.2051282051282,Battery-electric (fan),0.0
197.44882128159367,188.2051282051282,Battery-electric (fan),0.0
231.0129700083158,188.2051282051282,Battery-electric (fan),0.0
270.28265839051625,188.2051282051282,Battery-electric (fan),0.0
316.22776601683796,188.2051282051282,Battery-electric (fan),0.0
369.9830414406966,188.2051282051282,Battery-electric (fan),0.0
432.8761281083057,188.2051282051282,Battery-electric (fan),0.0
506.4603543891704,188.2051282051282,Battery-electric (fan),0.0
592.5530975545674,188.2051282051282,Battery-electric (fan),0.0
693.2806692144524,188.2051282051282,Battery-electric (fan),0.0
811.1308307896873,188.2051282051282,Battery-electric (fan),0.0
949.0142360424725,188.2051282051282,Battery-electric (fan),0.0
1110.336318167638,188.2051282051282,Battery-electric (fan),0.0
1299.0813969063468,188.2051282051282,Battery-electric (fan),0.0
1519.9110829529332,188.2051282051282,Battery-electric (fan),0.0
1778.2794100389228,188.2051282051282,Battery-electric (fan),0.0
2080.5675382171694,188.2051282051282,Battery-electric (fan),0.0
2434.2413552369194,188.2051282051282,Battery-electric (fan),0.0
2848.035868435799,188.2051282051282,Battery-electric (fan),0.0
3332.1709412448167,188.2051282051282,Battery-electric (fan),0.0
3898.603702549072,188.2051282051282,Battery-electric (fan),0.0
4561.323862890211,188.2051282051282,Battery-electric (fan),0.0
5336.699231206308,188.2051282051282,Battery-electric (fan),0.0
6243.879965653626,188.2051282051282,Battery-electric (fan),0.0
7305.271542664449,188.2051282051282,Battery-electric (fan),0.0
8547.08812559251,188.2051282051282,Battery-electric (fan),0.0
10000.0,188.2051282051282,Battery-electric (fan),0.0
10.0,196.4102564102564,Battery-electric (fan),0.0
11.69989106589066,196.4102564102564,Battery-electric (fan),0.0
13.688745095370805,196.4102564102564,Battery-electric (fan),0.0
16.015682644458355,196.4102564102564,Battery-electric (fan),0.0
18.73817422860384,196.4102564102564,Battery-electric (fan),0.0
21.923459724834466,196.4102564102564,Battery-electric (fan),0.0
25.650209056800456,196.4102564102564,Battery-electric (fan),0.0
30.010465178188735,196.4102564102564,Battery-electric (fan),0.0
35.11191734215131,196.4102564102564,Battery-electric (fan),0.0
41.08056080177274,196.4102564102564,Battery-electric (fan),0.0
48.06380863064389,196.4102564102564,Battery-electric (fan),0.0
56.23413251903491,196.4102564102564,Battery-electric (fan),0.0
65.79332246575679,196.4102564102564,Battery-electric (fan),0.0
76.9774705712371,196.4102564102564,Battery-electric (fan),0.0
90.06280202112787,196.4102564102564,Battery-electric (fan),0.0
105.37249727360725,196.4102564102564,Battery-electric (fan),0.0
123.28467394420659,196.4102564102564,Battery-electric (fan),0.0
144.24172552410664,196.4102564102564,Battery-electric (fan),0.0
168.7612475788147,196.4102564102564,Battery-electric (fan),0.0
197.44882128159367,196.4102564102564,Battery-electric (fan),0.0
231.0129700083158,196.4102564102564,Battery-electric (fan),0.0
270.28265839051625,196.4102564102564,Battery-electric (fan),0.0
316.22776601683796,196.4102564102564,Battery-electric (fan),0.0
369.9830414406966,196.4102564102564,Battery-electric (fan),0.0
432.8761281083057,196.4102564102564,Battery-electric (fan),0.0
506.4603543891704,196.4102564102564,Battery-electric (fan),0.0
592.5530975545674,196.4102564102564,Battery-electric (fan),0.0
693.2806692144524,196.4102564102564,Battery-electric (fan),0.0
811.1308307896873,196.4102564102564,Battery-electric (fan),0.0
949.0142360424725,196.4102564102564,Battery-electric (fan),0.0
1110.336318167638,196.4102564102564,Battery-electric (fan),0.0
1299.0813969063468,196.4102564102564,Battery-electric (fan),0.0
1519.9110829529332,196.4102564102564,Battery-electric (fan),0.0
1778.2794100389228,196.4102564102564,Battery-electric (fan),0.0
2080.5675382171694,196.4102564102564,Battery-electric (fan),0.0
2434.2413552369194,196.4102564102564,Battery-electric (fan),0.0
2848.035868435799,196.4102564102564,Battery-electric (fan),0.0
3332.1709412448167,196.4102564102564,Battery-electric (fan),0.0
3898.603702549072,196.4102564102564,Battery-electric (fan),0.0
4561.323862890211,196.4102564102564,Battery-electric (fan),0.0
5336.699231206308,196.4102564102564,Battery-electric (fan),0.0
6243.879965653626,196.4102564102564,Battery-electric (fan),0.0
7305.271542664449,196.4102564102564,Battery-electric (fan),0.0
8547.08812559251,196.4102564102564,Battery-electric (fan),0.0
10000.0,196.4102564102564,Battery-electric (fan),0.0
10.0,204.6153846153846,Battery-electric (fan),0.0
11.69989106589066,204.6153846153846,Battery-electric (fan),0.0
13.688745095370805,204.6153846153846,Battery-electric (fan),0.0
16.015682644458355,204.6153846153846,Battery-electric (fan),0.0
18.73817422860384,204.6153846153846,Battery-electric (fan),0.0
21.923459724834466,204.6153846153846,Battery-electric (fan),0.0
25.650209056800456,204.6153846153846,Battery-electric (fan),0.0
30.010465178188735,204.6153846153846,Battery-electric (fan),0.0
35.11191734215131,204.6153846153846,Battery-electric (fan),0.0
41.08056080177274,204.6153846153846,Battery-electric (fan),0.0
48.06380863064389,204.6153846153846,Battery-electric (fan),0.0
56.23413251903491,204.6153846153846,Battery-electric (fan),0.0
65.79332246575679,204.6153846153846,Battery-electric (fan),0.0
76.9774705712371,204.6153846153846,Battery-electric (fan),0.0
90.06280202112787,204.6153846153846,Battery-electric (fan),0.0
105.37249727360725,204.6153846153846,Battery-electric (fan),0.0
123.28467394420659,204.6153846153846,Battery-electric (fan),0.0
144.24172552410664,204.6153846153846,Battery-electric (fan),0.0
168.7612475788147,204.6153846153846,Battery-electric (fan),0.0
197.44882128159367,204.6153846153846,Battery-electric (fan),0.0
231.0129700083158,204.6153846153846,Battery-electric (fan),0.0
270.28265839051625,204.6153846153846,Battery-electric (fan),0.0
316.22776601683796,204.6153846153846,Battery-electric (fan),0.0
369.9830414406966,204.6153846153846,Battery-electric (fan),0.0
432.8761281083057,204.6153846153846,Battery-electric (fan),0.0
506.4603543891704,204.6153846153846,Battery-electric (fan),0.0
592.5530975545674,204.6153846153846,Battery-electric (fan),0.0
693.2806692144524,204.6153846153846,Battery-electric (fan),0.0
811.1308307896873,204.6153846153846,Battery-electric (fan),0.0
949.0142360424725,204.6153846153846,Battery-electric (fan),0.0
1110.336318167638,204.6153846153846,Battery-electric (fan),0.0
1299.0813969063468,204.6153846153846,Battery-electric (fan),0.0
1519.9110829529332,204.6153846153846,Battery-electric (fan),0.0
1778.2794100389228,204.6153846153846,Battery-electric (fan),0.0
2080.5675382171694,204.6153846153846,Battery-electric (fan),0.0
2434.2413552369194,204.6153846153846,Battery-electric (fan),0.0
2848.035868435799,204.6153846153846,Battery-electric (fan),0.0
3332.1709412448167,204.6153846153846,Battery-electric (fan),0.0
3898.603702549072,204.6153846153846,Battery-electric (fan),0.0
4561.323862890211,204.6153846153846,Battery-electric (fan),0.0
5336.699231206308,204.6153846153846,Battery-electric (fan),0.0
6243.879965653626,204.6153846153846,Battery-electric (fan),0.0
7305.271542664449,204.6153846153846,Battery-electric (fan),0.0
8547.08812559251,204.6153846153846,Battery-electric (fan),0.0
10000.0,204.6153846153846,Battery-electric (fan),0.0
10.0,212.82051282051282,Battery-electric (fan),0.0
11.69989106589066,212.82051282051282,Battery-electric (fan),0.0
13.688745095370805,212.82051282051282,Battery-electric (fan),0.0
16.015682644458355,212.82051282051282,Battery-electric (fan),0.0
18.73817422860384,212.82051282051282,Battery-electric (fan),0.0
21.923459724834466,212.82051282051282,Battery-electric (fan),0.0
25.650209056800456,212.82051282051282,Battery-electric (fan),0.0
30.010465178188735,212.82051282051282,Battery-electric (fan),0.0
35.11191734215131,212.82051282051282,Battery-electric (fan),0.0
41.08056080177274,212.82051282051282,Battery-electric (fan),0.0
48.06380863064389,212.82051282051282,Battery-electric (fan),0.0
56.23413251903491,212.82051282051282,Battery-electric (fan),0.0
65.79332246575679,212.82051282051282,Battery-electric (fan),0.0
76.9774705712371,212.82051282051282,Battery-electric (fan),0.0
90.06280202112787,212.82051282051282,Battery-electric (fan),0.0
105.37249727360725,212.82051282051282,Battery-electric (fan),0.0
123.28467394420659,212.82051282051282,Battery-electric (fan),0.0
144.24172552410664,212.82051282051282,Battery-electric (fan),0.0
168.7612475788147,212.82051282051282,Battery-electric (fan),0.0
197.44882128159367,212.82051282051282,Battery-electric (fan),0.0
231.0129700083158,212.82051282051282,Battery-electric (fan),0.0
270.28265839051625,212.82051282051282,Battery-electric (fan),0.0
316.22776601683796,212.82051282051282,Battery-electric (fan),0.0
369.9830414406966,212.82051282051282,Battery-electric (fan),0.0
432.8761281083057,212.82051282051282,Battery-electric (fan),0.0
506.4603543891704,212.82051282051282,Battery-electric (fan),0.0
592.5530975545674,212.82051282051282,Battery-electric (fan),0.0
693.2806692144524,212.82051282051282,Battery-electric (fan),0.0
811.1308307896873,212.82051282051282,Battery-electric (fan),0.0
949.0142360424725,212.82051282051282,Battery-electric (fan),0.0
1110.336318167638,212.82051282051282,Battery-electric (fan),0.0
1299.0813969063468,212.82051282051282,Battery-electric (fan),0.0
1519.9110829529332,212.82051282051282,Battery-electric (fan),0.0
1778.2794100389228,212.82051282051282,Battery-electric (fan),0.0
2080.5675382171694,212.82051282051282,Battery-electric (fan),0.0
2434.2413552369194,212.82051282051282,Battery-electric (fan),0.0
2848.035868435799,212.82051282051282,Battery-electric (fan),0.0
3332.1709412448167,212.82051282051282,Battery-electric (fan),0.0
3898.603702549072,212.82051282051282,Battery-electric (fan),0.0
4561.323862890211,212.82051282051282,Battery-electric (fan),0.0
5336.699231206308,212.82051282051282,Battery-electric (fan),0.0
6243.879965653626,212.82051282051282,Battery-electric (fan),0.0
7305.271542664449,212.82051282051282,Battery-electric (fan),0.0
8547.08812559251,212.82051282051282,Battery-electric (fan),0.0
10000.0,212.82051282051282,Battery-electric (fan),0.0
10.0,221.02564102564102,Battery-electric (fan),0.0
11.69989106589066,221.02564102564102,Battery-electric (fan),0.0
13.688745095370805,221.02564102564102,Battery-electric (fan),0.0
16.015682644458355,221.02564102564102,Battery-electric (fan),0.0
18.73817422860384,221.02564102564102,Battery-electric (fan),0.0
21.923459724834466,221.02564102564102,Battery-electric (fan),0.0
25.650209056800456,221.02564102564102,Battery-electric (fan),0.0
30.010465178188735,221.02564102564102,Battery-electric (fan),0.0
35.11191734215131,221.02564102564102,Battery-electric (fan),0.0
41.08056080177274,221.02564102564102,Battery-electric (fan),0.0
48.06380863064389,221.02564102564102,Battery-electric (fan),0.0
56.23413251903491,221.02564102564102,Battery-electric (fan),0.0
65.79332246575679,221.02564102564102,Battery-electric (fan),0.0
76.9774705712371,221.02564102564102,Battery-electric (fan),0.0
90.06280202112787,221.02564102564102,Battery-electric (fan),0.0
105.37249727360725,221.02564102564102,Battery-electric (fan),0.0
123.28467394420659,221.02564102564102,Battery-electric (fan),0.0
144.24172552410664,221.02564102564102,Battery-electric (fan),0.0
168.7612475788147,221.02564102564102,Battery-electric (fan),0.0
197.44882128159367,221.02564102564102,Battery-electric (fan),0.0
231.0129700083158,221.02564102564102,Battery-electric (fan),0.0
270.28265839051625,221.02564102564102,Battery-electric (fan),0.0
316.22776601683796,221.02564102564102,Battery-electric (fan),0.0
369.9830414406966,221.02564102564102,Battery-electric (fan),0.0
432.8761281083057,221.02564102564102,Battery-electric (fan),0.0
506.4603543891704,221.02564102564102,Battery-electric (fan),0.0
592.5530975545674,221.02564102564102,Battery-electric (fan),0.0
693.2806692144524,221.02564102564102,Battery-electric (fan),0.0
811.1308307896873,221.02564102564102,Battery-electric (fan),0.0
949.0142360424725,221.02564102564102,Battery-electric (fan),0.0
1110.336318167638,221.02564102564102,Battery-electric (fan),0.0
1299.0813969063468,221.02564102564102,Battery-electric (fan),0.0
1519.9110829529332,221.02564102564102,Battery-electric (fan),0.0
1778.2794100389228,221.02564102564102,Battery-electric (fan),0.0
2080.5675382171694,221.02564102564102,Battery-electric (fan),0.0
2434.2413552369194,221.02564102564102,Battery-electric (fan),0.0
2848.035868435799,221.02564102564102,Battery-electric (fan),0.0
3332.1709412448167,221.02564102564102,Battery-electric (fan),0.0
3898.603702549072,221.02564102564102,Battery-electric (fan),0.0
4561.323862890211,221.02564102564102,Battery-electric (fan),0.0
5336.699231206308,221.02564102564102,Battery-electric (fan),0.0
6243.879965653626,221.02564102564102,Battery-electric (fan),0.0
7305.271542664449,221.02564102564102,Battery-electric (fan),0.0
8547.08812559251,221.02564102564102,Battery-electric (fan),0.0
10000.0,221.02564102564102,Battery-electric (fan),0.0
10.0,229.23076923076923,Battery-electric (fan),0.0
11.69989106589066,229.23076923076923,Battery-electric (fan),0.0
13.688745095370805,229.23076923076923,Battery-electric (fan),0.0
16.015682644458355,229.23076923076923,Battery-electric (fan),0.0
18.73817422860384,229.23076923076923,Battery-electric (fan),0.0
21.923459724834466,229.23076923076923,Battery-electric (fan),0.0
25.650209056800456,229.23076923076923,Battery-electric (fan),0.0
30.010465178188735,229.23076923076923,Battery-electric (fan),0.0
35.11191734215131,229.23076923076923,Battery-electric (fan),0.0
41.08056080177274,229.23076923076923,Battery-electric (fan),0.0
48.06380863064389,229.23076923076923,Battery-electric (fan),0.0
56.23413251903491,229.23076923076923,Battery-electric (fan),0.0
65.79332246575679,229.23076923076923,Battery-electric (fan),0.0
76.9774705712371,229.23076923076923,Battery-electric (fan),0.0
90.06280202112787,229.23076923076923,Battery-electric (fan),0.0
105.37249727360725,229.23076923076923,Battery-electric (fan),0.0
123.28467394420659,229.23076923076923,Battery-electric (fan),0.0
144.24172552410664,229.23076923076923,Battery-electric (fan),0.0
168.7612475788147,229.23076923076923,Battery-electric (fan),0.0
197.44882128159367,229.23076923076923,Battery-electric (fan),0.0
231.0129700083158,229.23076923076923,Battery-electric (fan),0.0
270.28265839051625,229.23076923076923,Battery-electric (fan),0.0
316.22776601683796,229.23076923076923,Battery-electric (fan),0.0
369.9830414406966,229.23076923076923,Battery-electric (fan),0.0
432.8761281083057,229.23076923076923,Battery-electric (fan),0.0
506.4603543891704,229.23076923076923,Battery-electric (fan),0.0
592.5530975545674,229.23076923076923,Battery-electric (fan),0.0
693.2806692144524,229.23076923076923,Battery-electric (fan),0.0
811.1308307896873,229.23076923076923,Battery-electric (fan),0.0
949.0142360424725,229.23076923076923,Battery-electric (fan),0.0
1110.336318167638,229.23076923076923,Battery-electric (fan),0.0
1299.0813969063468,229.23076923076923,Battery-electric (fan),0.0
1519.9110829529332,229.23076923076923,Battery-electric (fan),0.0
1778.2794100389228,229.23076923076923,Battery-electric (fan),0.0
2080.5675382171694,229.23076923076923,Battery-electric (fan),0.0
2434.2413552369194,229.23076923076923,Battery-electric (fan),0.0
2848.035868435799,229.23076923076923,Battery-electric (fan),0.0
3332.1709412448167,229.23076923076923,Battery-electric (fan),0.0
3898.603702549072,229.23076923076923,Battery-electric (fan),0.0
4561.323862890211,229.23076923076923,Battery-electric (fan),0.0
5336.699231206308,229.23076923076923,Battery-electric (fan),0.0
6243.879965653626,229.23076923076923,Battery-electric (fan),0.0
7305.271542664449,229.23076923076923,Battery-electric (fan),0.0
8547.08812559251,229.23076923076923,Battery-electric (fan),0.0
10000.0,229.23076923076923,Battery-electric (fan),0.0
10.0,237.43589743589743,Battery-electric (fan),0.0
11.69989106589066,237.43589743589743,Battery-electric (fan),0.0
13.688745095370805,237.43589743589743,Battery-electric (fan),0.0
16.015682644458355,237.43589743589743,Battery-electric (fan),0.0
18.73817422860384,237.43589743589743,Battery-electric (fan),0.0
21.923459724834466,237.43589743589743,Battery-electric (fan),0.0
25.650209056800456,237.43589743589743,Battery-electric (fan),0.0
30.010465178188735,237.43589743589743,Battery-electric (fan),0.0
35.11191734215131,237.43589743589743,Battery-electric (fan),0.0
41.08056080177274,237.43589743589743,Battery-electric (fan),0.0
48.06380863064389,237.43589743589743,Battery-electric (fan),0.0
56.23413251903491,237.43589743589743,Battery-electric (fan),0.0
65.79332246575679,237.43589743589743,Battery-electric (fan),0.0
76.9774705712371,237.43589743589743,Battery-electric (fan),0.0
90.06280202112787,237.43589743589743,Battery-electric (fan),0.0
105.37249727360725,237.43589743589743,Battery-electric (fan),0.0
123.28467394420659,237.43589743589743,Battery-electric (fan),0.0
144.24172552410664,237.43589743589743,Battery-electric (fan),0.0
168.7612475788147,237.43589743589743,Battery-electric (fan),0.0
197.44882128159367,237.43589743589743,Battery-electric (fan),0.0
231.0129700083158,237.43589743589743,Battery-electric (fan),0.0
270.28265839051625,237.43589743589743,Battery-electric (fan),0.0
316.22776601683796,237.43589743589743,Battery-electric (fan),0.0
369.9830414406966,237.43589743589743,Battery-electric (fan),0.0
432.8761281083057,237.43589743589743,Battery-electric (fan),0.0
506.4603543891704,237.43589743589743,Battery-electric (fan),0.0
592.5530975545674,237.43589743589743,Battery-electric (fan),0.0
693.2806692144524,237.43589743589743,Battery-electric (fan),0.0
811.1308307896873,237.43589743589743,Battery-electric (fan),0.0
949.0142360424725,237.43589743589743,Battery-electric (fan),0.0
1110.336318167638,237.43589743589743,Battery-electric (fan),0.0
1299.0813969063468,237.43589743589743,Battery-electric (fan),0.0
1519.9110829529332,237.43589743589743,Battery-electric (fan),0.0
1778.2794100389228,237.43589743589743,Battery-electric (fan),0.0
2080.5675382171694,237.43589743589743,Battery-electric (fan),0.0
2434.2413552369194,237.43589743589743,Battery-electric (fan),0.0
2848.035868435799,237.43589743589743,Battery-electric (fan),0.0
3332.1709412448167,237.43589743589743,Battery-electric (fan),0.0
3898.603702549072,237.43589743589743,Battery-electric (fan),0.0
4561.323862890211,237.43589743589743,Battery-electric (fan),0.0
5336.699231206308,237.43589743589743,Battery-electric (fan),0.0
6243.879965653626,237.43589743589743,Battery-electric (fan),0.0
7305.271542664449,237.43589743589743,Battery-electric (fan),0.0
8547.08812559251,237.43589743589743,Battery-electric (fan),0.0
10000.0,237.43589743589743,Battery-electric (fan),0.0
10.0,245.64102564102564,Battery-electric (fan),0.0
11.69989106589066,245.64102564102564,Battery-electric (fan),0.0
13.688745095370805,245.64102564102564,Battery-electric (fan),0.0
16.015682644458355,245.64102564102564,Battery-electric (fan),0.0
18.73817422860384,245.64102564102564,Battery-electric (fan),0.0
21.923459724834466,245.64102564102564,Battery-electric (fan),0.0
25.650209056800456,245.64102564102564,Battery-electric (fan),0.0
30.010465178188735,245.64102564102564,Battery-electric (fan),0.0
35.11191734215131,245.64102564102564,Battery-electric (fan),0.0
41.08056080177274,245.64102564102564,Battery-electric (fan),0.0
48.06380863064389,245.64102564102564,Battery-electric (fan),0.0
56.23413251903491,245.64102564102564,Battery-electric (fan),0.0
65.79332246575679,245.64102564102564,Battery-electric (fan),0.0
76.9774705712371,245.64102564102564,Battery-electric (fan),0.0
90.06280202112787,245.64102564102564,Battery-electric (fan),0.0
105.37249727360725,245.64102564102564,Battery-electric (fan),0.0
123.28467394420659,245.64102564102564,Battery-electric (fan),0.0
144.24172552410664,245.64102564102564,Battery-electric (fan),0.0
168.7612475788147,245.64102564102564,Battery-electric (fan),0.0
197.44882128159367,245.64102564102564,Battery-electric (fan),0.0
231.0129700083158,245.64102564102564,Battery-electric (fan),0.0
270.28265839051625,245.64102564102564,Battery-electric (fan),0.0
316.22776601683796,245.64102564102564,Battery-electric (fan),0.0
369.9830414406966,245.64102564102564,Battery-electric (fan),0.0
432.8761281083057,245.64102564102564,Battery-electric (fan),0.0
506.4603543891704,245.64102564102564,Battery-electric (fan),0.0
592.5530975545674,245.64102564102564,Battery-electric (fan),0.0
693.2806692144524,245.64102564102564,Battery-electric (fan),0.0
811.1308307896873,245.64102564102564,Battery-electric (fan),0.0
949.0142360424725,245.64102564102564,Battery-electric (fan),0.0
1110.336318167638,245.64102564102564,Battery-electric (fan),0.0
1299.0813969063468,245.64102564102564,Battery-electric (fan),0.0
1519.9110829529332,245.64102564102564,Battery-electric (fan),0.0
1778.2794100389228,245.64102564102564,Battery-electric (fan),0.0
2080.5675382171694,245.64102564102564,Battery-electric (fan),0.0
2434.2413552369194,245.64102564102564,Battery-electric (fan),0.0
2848.035868435799,245.64102564102564,Battery-electric (fan),0.0
3332.1709412448167,245.64102564102564,Battery-electric (fan),0.0
3898.603702549072,245.64102564102564,Battery-electric (fan),0.0
4561.323862890211,245.64102564102564,Battery-electric (fan),0.0
5336.699231206308,245.64102564102564,Battery-electric (fan),0.0
6243.879965653626,245.64102564102564,Battery-electric (fan),0.0
7305.271542664449,245.64102564102564,Battery-electric (fan),0.0
8547.08812559251,245.64102564102564,Battery-electric (fan),0.0
10000.0,245.64102564102564,Battery-electric (fan),0.0
10.0,253.84615384615384,Battery-electric (fan),0.0
11.69989106589066,253.84615384615384,Battery-electric (fan),0.0
13.688745095370805,253.84615384615384,Battery-electric (fan),0.0
16.015682644458355,253.84615384615384,Battery-electric (fan),0.0
18.73817422860384,253.84615384615384,Battery-electric (fan),0.0
21.923459724834466,253.84615384615384,Battery-electric (fan),0.0
25.650209056800456,253.84615384615384,Battery-electric (fan),0.0
30.010465178188735,253.84615384615384,Battery-electric (fan),0.0
35.11191734215131,253.84615384615384,Battery-electric (fan),0.0
41.08056080177274,253.84615384615384,Battery-electric (fan),0.0
48.06380863064389,253.84615384615384,Battery-electric (fan),0.0
56.23413251903491,253.84615384615384,Battery-electric (fan),0.0
65.79332246575679,253.84615384615384,Battery-electric (fan),0.0
76.9774705712371,253.84615384615384,Battery-electric (fan),0.0
90.06280202112787,253.84615384615384,Battery-electric (fan),0.0
105.37249727360725,253.84615384615384,Battery-electric (fan),0.0
123.28467394420659,253.84615384615384,Battery-electric (fan),0.0
144.24172552410664,253.84615384615384,Battery-electric (fan),0.0
168.7612475788147,253.84615384615384,Battery-electric (fan),0.0
197.44882128159367,253.84615384615384,Battery-electric (fan),0.0
231.0129700083158,253.84615384615384,Battery-electric (fan),0.0
270.28265839051625,253.84615384615384,Battery-electric (fan),0.0
316.22776601683796,253.84615384615384,Battery-electric (fan),0.0
369.9830414406966,253.84615384615384,Battery-electric (fan),0.0
432.8761281083057,253.84615384615384,Battery-electric (fan),0.0
506.4603543891704,253.84615384615384,Battery-electric (fan),0.0
592.5530975545674,253.84615384615384,Battery-electric (fan),0.0
693.2806692144524,253.84615384615384,Battery-electric (fan),0.0
811.1308307896873,253.84615384615384,Battery-electric (fan),0.0
949.0142360424725,253.84615384615384,Battery-electric (fan),0.0
1110.336318167638,253.84615384615384,Battery-electric (fan),0.0
1299.0813969063468,253.84615384615384,Battery-electric (fan),0.0
1519.9110829529332,253.84615384615384,Battery-electric (fan),0.0
1778.2794100389228,253.84615384615384,Battery-electric (fan),0.0
2080.5675382171694,253.84615384615384,Battery-electric (fan),0.0
2434.2413552369194,253.84615384615384,Battery-electric (fan),0.0
2848.035868435799,253.84615384615384,Battery-electric (fan),0.0
3332.1709412448167,253.84615384615384,Battery-electric (fan),0.0
3898.603702549072,253.84615384615384,Battery-electric (fan),0.0
4561.323862890211,253.84615384615384,Battery-electric (fan),0.0
5336.699231206308,253.84615384615384,Battery-electric (fan),0.0
6243.879965653626,253.84615384615384,Battery-electric (fan),0.0
7305.271542664449,253.84615384615384,Battery-electric (fan),0.0
8547.08812559251,253.84615384615384,Battery-electric (fan),0.0
10000.0,253.84615384615384,Battery-electric (fan),0.0
10.0,262.05128205128204,Battery-electric (fan),0.0
11.69989106589066,262.05128205128204,Battery-electric (fan),0.0
13.688745095370805,262.05128205128204,Battery-electric (fan),0.0
16.015682644458355,262.05128205128204,Battery-electric (fan),0.0
18.73817422860384,262.05128205128204,Battery-electric (fan),0.0
21.923459724834466,262.05128205128204,Battery-electric (fan),0.0
25.650209056800456,262.05128205128204,Battery-electric (fan),0.0
30.010465178188735,262.05128205128204,Battery-electric (fan),0.0
35.11191734215131,262.05128205128204,Battery-electric (fan),0.0
41.08056080177274,262.05128205128204,Battery-electric (fan),0.0
48.06380863064389,262.05128205128204,Battery-electric (fan),0.0
56.23413251903491,262.05128205128204,Battery-electric (fan),0.0
65.79332246575679,262.05128205128204,Battery-electric (fan),0.0
76.9774705712371,262.05128205128204,Battery-electric (fan),0.0
90.06280202112787,262.05128205128204,Battery-electric (fan),0.0
105.37249727360725,262.05128205128204,Battery-electric (fan),0.0
123.28467394420659,262.05128205128204,Battery-electric (fan),0.0
144.24172552410664,262.05128205128204,Battery-electric (fan),0.0
168.7612475788147,262.05128205128204,Battery-electric (fan),0.0
197.44882128159367,262.05128205128204,Battery-electric (fan),0.0
231.0129700083158,262.05128205128204,Battery-electric (fan),0.0
270.28265839051625,262.05128205128204,Battery-electric (fan),0.0
316.22776601683796,262.05128205128204,Battery-electric (fan),0.0
369.9830414406966,262.05128205128204,Battery-electric (fan),0.0
432.8761281083057,262.05128205128204,Battery-electric (fan),0.0
506.4603543891704,262.05128205128204,Battery-electric (fan),0.0
592.5530975545674,262.05128205128204,Battery-electric (fan),0.0
693.2806692144524,262.05128205128204,Battery-electric (fan),0.0
811.1308307896873,262.05128205128204,Battery-electric (fan),0.0
949.0142360424725,262.05128205128204,Battery-electric (fan),0.0
1110.336318167638,262.05128205128204,Battery-electric (fan),0.0
1299.0813969063468,262.05128205128204,Battery-electric (fan),0.0
1519.9110829529332,262.05128205128204,Battery-electric (fan),0.0
1778.2794100389228,262.05128205128204,Battery-electric (fan),0.0
2080.5675382171694,262.05128205128204,Battery-electric (fan),0.0
2434.2413552369194,262.05128205128204,Battery-electric (fan),0.0
2848.035868435799,262.05128205128204,Battery-electric (fan),0.0
3332.1709412448167,262.05128205128204,Battery-electric (fan),0.0
3898.603702549072,262.05128205128204,Battery-electric (fan),0.0
4561.323862890211,262.05128205128204,Battery-electric (fan),0.0
5336.699231206308,262.05128205128204,Battery-electric (fan),0.0
6243.879965653626,262.05128205128204,Battery-electric (fan),0.0
7305.271542664449,262.05128205128204,Battery-electric (fan),0.0
8547.08812559251,262.05128205128204,Battery-electric (fan),0.0
10000.0,262.05128205128204,Battery-electric (fan),0.0
10.0,270.2564102564103,Battery-electric (fan),0.0
11.69989106589066,270.2564102564103,Battery-electric (fan),0.0
13.688745095370805,270.2564102564103,Battery-electric (fan),0.0
16.015682644458355,270.2564102564103,Battery-electric (fan),0.0
18.73817422860384,270.2564102564103,Battery-electric (fan),0.0
21.923459724834466,270.2564102564103,Battery-electric (fan),0.0
25.650209056800456,270.2564102564103,Battery-electric (fan),0.0
30.010465178188735,270.2564102564103,Battery-electric (fan),0.0
35.11191734215131,270.2564102564103,Battery-electric (fan),0.0
41.08056080177274,270.2564102564103,Battery-electric (fan),0.0
48.06380863064389,270.2564102564103,Battery-electric (fan),0.0
56.23413251903491,270.2564102564103,Battery-electric (fan),0.0
65.79332246575679,270.2564102564103,Battery-electric (fan),0.0
76.9774705712371,270.2564102564103,Battery-electric (fan),0.0
90.06280202112787,270.2564102564103,Battery-electric (fan),0.0
105.37249727360725,270.2564102564103,Battery-electric (fan),0.0
123.28467394420659,270.2564102564103,Battery-electric (fan),0.0
144.24172552410664,270.2564102564103,Battery-electric (fan),0.0
168.7612475788147,270.2564102564103,Battery-electric (fan),0.0
197.44882128159367,270.2564102564103,Battery-electric (fan),0.0
231.0129700083158,270.2564102564103,Battery-electric (fan),0.0
270.28265839051625,270.2564102564103,Battery-electric (fan),0.0
316.22776601683796,270.2564102564103,Battery-electric (fan),0.0
369.9830414406966,270.2564102564103,Battery-electric (fan),0.0
432.8761281083057,270.2564102564103,Battery-electric (fan),0.0
506.4603543891704,270.2564102564103,Battery-electric (fan),0.0
592.5530975545674,270.2564102564103,Battery-electric (fan),0.0
693.2806692144524,270.2564102564103,Battery-electric (fan),0.0
811.1308307896873,270.2564102564103,Battery-electric (fan),0.0
949.0142360424725,270.2564102564103,Battery-electric (fan),0.0
1110.336318167638,270.2564102564103,Battery-electric (fan),0.0
1299.0813969063468,270.2564102564103,Battery-electric (fan),0.0
1519.9110829529332,270.2564102564103,Battery-electric (fan),0.0
1778.2794100389228,270.2564102564103,Battery-electric (fan),0.0
2080.5675382171694,270.2564102564103,Battery-electric (fan),0.0
2434.2413552369194,270.2564102564103,Battery-electric (fan),0.0
2848.035868435799,270.2564102564103,Battery-electric (fan),0.0
3332.1709412448167,270.2564102564103,Battery-electric (fan),0.0
3898.603702549072,270.2564102564103,Battery-electric (fan),0.0
4561.323862890211,270.2564102564103,Battery-electric (fan),0.0
5336.699231206308,270.2564102564103,Battery-electric (fan),0.0
6243.879965653626,270.2564102564103,Battery-electric (fan),0.0
7305.271542664449,270.2564102564103,Battery-electric (fan),0.0
8547.08812559251,270.2564102564103,Battery-electric (fan),0.0
10000.0,270.2564102564103,Battery-electric (fan),0.0
10.0,278.46153846153845,Battery-electric (fan),0.0
11.69989106589066,278.46153846153845,Battery-electric (fan),0.0
13.688745095370805,278.46153846153845,Battery-electric (fan),0.0
16.015682644458355,278.46153846153845,Battery-electric (fan),0.0
18.73817422860384,278.46153846153845,Battery-electric (fan),0.0
21.923459724834466,278.46153846153845,Battery-electric (fan),0.0
25.650209056800456,278.46153846153845,Battery-electric (fan),0.0
30.010465178188735,278.46153846153845,Battery-electric (fan),0.0
35.11191734215131,278.46153846153845,Battery-electric (fan),0.0
41.08056080177274,278.46153846153845,Battery-electric (fan),0.0
48.06380863064389,278.46153846153845,Battery-electric (fan),0.0
56.23413251903491,278.46153846153845,Battery-electric (fan),0.0
65.79332246575679,278.46153846153845,Battery-electric (fan),0.0
76.9774705712371,278.46153846153845,Battery-electric (fan),0.0
90.06280202112787,278.46153846153845,Battery-electric (fan),0.0
105.37249727360725,278.46153846153845,Battery-electric (fan),0.0
123.28467394420659,278.46153846153845,Battery-electric (fan),0.0
144.24172552410664,278.46153846153845,Battery-electric (fan),0.0
168.7612475788147,278.46153846153845,Battery-electric (fan),0.0
197.44882128159367,278.46153846153845,Battery-electric (fan),0.0
231.0129700083158,278.46153846153845,Battery-electric (fan),0.0
270.28265839051625,278.46153846153845,Battery-electric (fan),0.0
316.22776601683796,278.46153846153845,Battery-electric (fan),0.0
369.9830414406966,278.46153846153845,Battery-electric (fan),0.0
432.8761281083057,278.46153846153845,Battery-electric (fan),0.0
506.4603543891704,278.46153846153845,Battery-electric (fan),0.0
592.5530975545674,278.46153846153845,Battery-electric (fan),0.0
693.2806692144524,278.46153846153845,Battery-electric (fan),0.0
811.1308307896873,278.46153846153845,Battery-electric (fan),0.0
949.0142360424725,278.46153846153845,Battery-electric (fan),0.0
1110.336318167638,278.46153846153845,Battery-electric (fan),0.0
1299.0813969063468,278.46153846153845,Battery-electric (fan),0.0
1519.9110829529332,278.46153846153845,Battery-electric (fan),0.0
1778.2794100389228,278.46153846153845,Battery-electric (fan),0.0
2080.5675382171694,278.46153846153845,Battery-electric (fan),0.0
2434.2413552369194,278.46153846153845,Battery-electric (fan),0.0
2848.035868435799,278.46153846153845,Battery-electric (fan),0.0
3332.1709412448167,278.46153846153845,Battery-electric (fan),0.0
3898.603702549072,278.46153846153845,Battery-electric (fan),0.0
4561.323862890211,278.46153846153845,Battery-electric (fan),0.0
5336.699231206308,278.46153846153845,Battery-electric (fan),0.0
6243.879965653626,278.46153846153845,Battery-electric (fan),0.0
7305.271542664449,278.46153846153845,Battery-electric (fan),0.0
8547.08812559251,278.46153846153845,Battery-electric (fan),0.0
10000.0,278.46153846153845,Battery-electric (fan),0.0
10.0,286.66666666666663,Battery-electric (fan),0.0
11.69989106589066,286.66666666666663,Battery-electric (fan),0.0
13.688745095370805,286.66666666666663,Battery-electric (fan),0.0
16.015682644458355,286.66666666666663,Battery-electric (fan),0.0
18.73817422860384,286.66666666666663,Battery-electric (fan),0.0
21.923459724834466,286.66666666666663,Battery-electric (fan),0.0
25.650209056800456,286.66666666666663,Battery-electric (fan),0.0
30.010465178188735,286.66666666666663,Battery-electric (fan),0.0
35.11191734215131,286.66666666666663,Battery-electric (fan),0.0
41.08056080177274,286.66666666666663,Battery-electric (fan),0.0
48.06380863064389,286.66666666666663,Battery-electric (fan),0.0
56.23413251903491,286.66666666666663,Battery-electric (fan),0.0
65.79332246575679,286.66666666666663,Battery-electric (fan),0.0
76.9774705712371,286.66666666666663,Battery-electric (fan),0.0
90.06280202112787,286.66666666666663,Battery-electric (fan),0.0
105.37249727360725,286.66666666666663,Battery-electric (fan),0.0
123.28467394420659,286.66666666666663,Battery-electric (fan),0.0
144.24172552410664,286.66666666666663,Battery-electric (fan),0.0
168.7612475788147,286.66666666666663,Battery-electric (fan),0.0
197.44882128159367,286.66666666666663,Battery-electric (fan),0.0
231.0129700083158,286.66666666666663,Battery-electric (fan),0.0
270.28265839051625,286.66666666666663,Battery-electric (fan),0.0
316.22776601683796,286.66666666666663,Battery-electric (fan),0.0
369.9830414406966,286.66666666666663,Battery-electric (fan),0.0
432.8761281083057,286.66666666666663,Battery-electric (fan),0.0
506.4603543891704,286.66666666666663,Battery-electric (fan),0.0
592.5530975545674,286.66666666666663,Battery-electric (fan),0.0
693.2806692144524,286.66666666666663,Battery-electric (fan),0.0
811.1308307896873,286.66666666666663,Battery-electric (fan),0.0
949.0142360424725,286.66666666666663,Battery-electric (fan),0.0
1110.336318167638,286.66666666666663,Battery-electric (fan),0.0
1299.0813969063468,286.66666666666663,Battery-electric (fan),0.0
1519.9110829529332,286.66666666666663,Battery-electric (fan),0.0
1778.2794100389228,286.66666666666663,Battery-electric (fan),0.0
2080.5675382171694,286.66666666666663,Battery-electric (fan),0.0
2434.2413552369194,286.66666666666663,Battery-electric (fan),0.0
2848.035868435799,286.66666666666663,Battery-electric (fan),0.0
3332.1709412448167,286.66666666666663,Battery-electric (fan),0.0
3898.603702549072,286.66666666666663,Battery-electric (fan),0.0
4561.323862890211,286.66666666666663,Battery-electric (fan),0.0
5336.699231206308,286.66666666666663,Battery-electric (fan),0.0
6243.879965653626,286.66666666666663,Battery-electric (fan),0.0
7305.271542664449,286.66666666666663,Battery-electric (fan),0.0
8547.08812559251,286.66666666666663,Battery-electric (fan),0.0
10000.0,286.66666666666663,Battery-electric (fan),0.0
10.0,294.87179487179486,Battery-electric (fan),0.0
11.69989106589066,294.87179487179486,Battery-electric (fan),0.0
13.688745095370805,294.87179487179486,Battery-electric (fan),0.0
16.015682644458355,294.87179487179486,Battery-electric (fan),0.0
18.73817422860384,294.87179487179486,Battery-electric (fan),0.0
21.923459724834466,294.87179487179486,Battery-electric (fan),0.0
25.650209056800456,294.87179487179486,Battery-electric (fan),0.0
30.010465178188735,294.87179487179486,Battery-electric (fan),0.0
35.11191734215131,294.87179487179486,Battery-electric (fan),0.0
41.08056080177274,294.87179487179486,Battery-electric (fan),0.0
48.06380863064389,294.87179487179486,Battery-electric (fan),0.0
56.23413251903491,294.87179487179486,Battery-electric (fan),0.0
65.79332246575679,294.87179487179486,Battery-electric (fan),0.0
76.9774705712371,294.87179487179486,Battery-electric (fan),0.0
90.06280202112787,294.87179487179486,Battery-electric (fan),0.0
105.37249727360725,294.87179487179486,Battery-electric (fan),0.0
123.28467394420659,294.87179487179486,Battery-electric (fan),0.0
144.24172552410664,294.87179487179486,Battery-electric (fan),0.0
168.7612475788147,294.87179487179486,Battery-electric (fan),0.0
197.44882128159367,294.87179487179486,Battery-electric (fan),0.0
231.0129700083158,294.87179487179486,Battery-electric (fan),0.0
270.28265839051625,294.87179487179486,Battery-electric (fan),0.0
316.22776601683796,294.87179487179486,Battery-electric (fan),0.0
369.9830414406966,294.87179487179486,Battery-electric (fan),0.0
432.8761281083057,294.87179487179486,Battery-electric (fan),0.0
506.4603543891704,294.87179487179486,Battery-electric (fan),0.0
592.5530975545674,294.87179487179486,Battery-electric (fan),0.0
693.2806692144524,294.87179487179486,Battery-electric (fan),0.0
811.1308307896873,294.87179487179486,Battery-electric (fan),0.0
949.0142360424725,294.87179487179486,Battery-electric (fan),0.0
1110.336318167638,294.87179487179486,Battery-electric (fan),0.0
1299.0813969063468,294.87179487179486,Battery-electric (fan),0.0
1519.9110829529332,294.87179487179486,Battery-electric (fan),0.0
1778.2794100389228,294.87179487179486,Battery-electric (fan),0.0
2080.5675382171694,294.87179487179486,Battery-electric (fan),0.0
2434.2413552369194,294.87179487179486,Battery-electric (fan),0.0
2848.035868435799,294.87179487179486,Battery-electric (fan),0.0
3332.1709412448167,294.87179487179486,Battery-electric (fan),0.0
3898.603702549072,294.87179487179486,Battery-electric (fan),0.0
4561.323862890211,294.87179487179486,Battery-electric (fan),0.0
5336.699231206308,294.87179487179486,Battery-electric (fan),0.0
6243.879965653626,294.87179487179486,Battery-electric (fan),0.0
7305.271542664449,294.87179487179486,Battery-electric (fan),0.0
8547.08812559251,294.87179487179486,Battery-electric (fan),0.0
10000.0,294.87179487179486,Battery-electric (fan),0.0
10.0,303.0769230769231,Battery-electric (fan),0.0
11.69989106589066,303.0769230769231,Battery-electric (fan),0.0
13.688745095370805,303.0769230769231,Battery-electric (fan),0.0
16.015682644458355,303.0769230769231,Battery-electric (fan),0.0
18.73817422860384,303.0769230769231,Battery-electric (fan),0.0
21.923459724834466,303.0769230769231,Battery-electric (fan),0.0
25.650209056800456,303.0769230769231,Battery-electric (fan),0.0
30.010465178188735,303.0769230769231,Battery-electric (fan),0.0
35.11191734215131,303.0769230769231,Battery-electric (fan),0.0
41.08056080177274,303.0769230769231,Battery-electric (fan),0.0
48.06380863064389,303.0769230769231,Battery-electric (fan),0.0
56.23413251903491,303.0769230769231,Battery-electric (fan),0.0
65.79332246575679,303.0769230769231,Battery-electric (fan),0.0
76.9774705712371,303.0769230769231,Battery-electric (fan),0.0
90.06280202112787,303.0769230769231,Battery-electric (fan),0.0
105.37249727360725,303.0769230769231,Battery-electric (fan),0.0
123.28467394420659,303.0769230769231,Battery-electric (fan),0.0
144.24172552410664,303.0769230769231,Battery-electric (fan),0.0
168.7612475788147,303.0769230769231,Battery-electric (fan),0.0
197.44882128159367,303.0769230769231,Battery-electric (fan),0.0
231.0129700083158,303.0769230769231,Battery-electric (fan),0.0
270.28265839051625,303.0769230769231,Battery-electric (fan),0.0
316.22776601683796,303.0769230769231,Battery-electric (fan),0.0
369.9830414406966,303.0769230769231,Battery-electric (fan),0.0
432.8761281083057,303.0769230769231,Battery-electric (fan),0.0
506.4603543891704,303.0769230769231,Battery-electric (fan),0.0
592.5530975545674,303.0769230769231,Battery-electric (fan),0.0
693.2806692144524,303.0769230769231,Battery-electric (fan),0.0
811.1308307896873,303.0769230769231,Battery-electric (fan),0.0
949.0142360424725,303.0769230769231,Battery-electric (fan),0.0
1110.336318167638,303.0769230769231,Battery-electric (fan),0.0
1299.0813969063468,303.0769230769231,Battery-electric (fan),0.0
1519.9110829529332,303.0769230769231,Battery-electric (fan),0.0
1778.2794100389228,303.0769230769231,Battery-electric (fan),0.0
2080.5675382171694,303.0769230769231,Battery-electric (fan),0.0
2434.2413552369194,303.0769230769231,Battery-electric (fan),0.0
2848.035868435799,303.0769230769231,Battery-electric (fan),0.0
3332.1709412448167,303.0769230769231,Battery-electric (fan),0.0
3898.603702549072,303.0769230769231,Battery-electric (fan),0.0
4561.323862890211,303.0769230769231,Battery-electric (fan),0.0
5336.699231206308,303.0769230769231,Battery-electric (fan),0.0
6243.879965653626,303.0769230769231,Battery-electric (fan),0.0
7305.271542664449,303.0769230769231,Battery-electric (fan),0.0
8547.08812559251,303.0769230769231,Battery-electric (fan),0.0
10000.0,303.0769230769231,Battery-electric (fan),0.0
10.0,311.28205128205127,Battery-electric (fan),0.0
11.69989106589066,311.28205128205127,Battery-electric (fan),0.0
13.688745095370805,311.28205128205127,Battery-electric (fan),0.0
16.015682644458355,311.28205128205127,Battery-electric (fan),0.0
18.73817422860384,311.28205128205127,Battery-electric (fan),0.0
21.923459724834466,311.28205128205127,Battery-electric (fan),0.0
25.650209056800456,311.28205128205127,Battery-electric (fan),0.0
30.010465178188735,311.28205128205127,Battery-electric (fan),0.0
35.11191734215131,311.28205128205127,Battery-electric (fan),0.0
41.08056080177274,311.28205128205127,Battery-electric (fan),0.0
48.06380863064389,311.28205128205127,Battery-electric (fan),0.0
56.23413251903491,311.28205128205127,Battery-electric (fan),0.0
65.79332246575679,311.28205128205127,Battery-electric (fan),0.0
76.9774705712371,311.28205128205127,Battery-electric (fan),0.0
90.06280202112787,311.28205128205127,Battery-electric (fan),0.0
105.37249727360725,311.28205128205127,Battery-electric (fan),0.0
123.28467394420659,311.28205128205127,Battery-electric (fan),0.0
144.24172552410664,311.28205128205127,Battery-electric (fan),0.0
168.7612475788147,311.28205128205127,Battery-electric (fan),0.0
197.44882128159367,311.28205128205127,Battery-electric (fan),0.0
231.0129700083158,311.28205128205127,Battery-electric (fan),0.0
270.28265839051625,311.28205128205127,Battery-electric (fan),0.0
316.22776601683796,311.28205128205127,Battery-electric (fan),0.0
369.9830414406966,311.28205128205127,Battery-electric (fan),0.0
432.8761281083057,311.28205128205127,Battery-electric (fan),0.0
506.4603543891704,311.28205128205127,Battery-electric (fan),0.0
592.5530975545674,311.28205128205127,Battery-electric (fan),0.0
693.2806692144524,311.28205128205127,Battery-electric (fan),0.0
811.1308307896873,311.28205128205127,Battery-electric (fan),0.0
949.0142360424725,311.28205128205127,Battery-electric (fan),0.0
1110.336318167638,311.28205128205127,Battery-electric (fan),0.0
1299.0813969063468,311.28205128205127,Battery-electric (fan),0.0
1519.9110829529332,311.28205128205127,Battery-electric (fan),0.0
1778.2794100389228,311.28205128205127,Battery-electric (fan),0.0
2080.5675382171694,311.28205128205127,Battery-electric (fan),0.0
2434.2413552369194,311.28205128205127,Battery-electric (fan),0.0
2848.035868435799,311.28205128205127,Battery-electric (fan),0.0
3332.1709412448167,311.28205128205127,Battery-electric (fan),0.0
3898.603702549072,311.28205128205127,Battery-electric (fan),0.0
4561.323862890211,311.28205128205127,Battery-electric (fan),0.0
5336.699231206308,311.28205128205127,Battery-electric (fan),0.0
6243.879965653626,311.28205128205127,Battery-electric (fan),0.0
7305.271542664449,311.28205128205127,Battery-electric (fan),0.0
8547.08812559251,311.28205128205127,Battery-electric (fan),0.0
10000.0,311.28205128205127,Battery-electric (fan),0.0
10.0,319.48717948717945,Battery-electric (fan),0.0
11.69989106589066,319.48717948717945,Battery-electric (fan),0.0
13.688745095370805,319.48717948717945,Battery-electric (fan),0.0
16.015682644458355,319.48717948717945,Battery-electric (fan),0.0
18.73817422860384,319.48717948717945,Battery-electric (fan),0.0
21.923459724834466,319.48717948717945,Battery-electric (fan),0.0
25.650209056800456,319.48717948717945,Battery-electric (fan),0.0
30.010465178188735,319.48717948717945,Battery-electric (fan),0.0
35.11191734215131,319.48717948717945,Battery-electric (fan),0.0
41.08056080177274,319.48717948717945,Battery-electric (fan),0.0
48.06380863064389,319.48717948717945,Battery-electric (fan),0.0
56.23413251903491,319.48717948717945,Battery-electric (fan),0.0
65.79332246575679,319.48717948717945,Battery-electric (fan),0.0
76.9774705712371,319.48717948717945,Battery-electric (fan),0.0
90.06280202112787,319.48717948717945,Battery-electric (fan),0.0
105.37249727360725,319.48717948717945,Battery-electric (fan),0.0
123.28467394420659,319.48717948717945,Battery-electric (fan),0.0
144.24172552410664,319.48717948717945,Battery-electric (fan),0.0
168.7612475788147,319.48717948717945,Battery-electric (fan),0.0
197.44882128159367,319.48717948717945,Battery-electric (fan),0.0
231.0129700083158,319.48717948717945,Battery-electric (fan),0.0
270.28265839051625,319.48717948717945,Battery-electric (fan),0.0
316.22776601683796,319.48717948717945,Battery-electric (fan),0.0
369.9830414406966,319.48717948717945,Battery-electric (fan),0.0
432.8761281083057,319.48717948717945,Battery-electric (fan),0.0
506.4603543891704,319.48717948717945,Battery-electric (fan),0.0
592.5530975545674,319.48717948717945,Battery-electric (fan),0.0
693.2806692144524,319.48717948717945,Battery-electric (fan),0.0
811.1308307896873,319.48717948717945,Battery-electric (fan),0.0
949.0142360424725,319.48717948717945,Battery-electric (fan),0.0
1110.336318167638,319.48717948717945,Battery-electric (fan),0.0
1299.0813969063468,319.48717948717945,Battery-electric (fan),0.0
1519.9110829529332,319.48717948717945,Battery-electric (fan),0.0
1778.2794100389228,319.48717948717945,Battery-electric (fan),0.0
2080.5675382171694,319.48717948717945,Battery-electric (fan),0.0
2434.2413552369194,319.48717948717945,Battery-electric (fan),0.0
2848.035868435799,319.48717948717945,Battery-electric (fan),0.0
3332.1709412448167,319.48717948717945,Battery-electric (fan),0.0
3898.603702549072,319.48717948717945,Battery-electric (fan),0.0
4561.323862890211,319.48717948717945,Battery-electric (fan),0.0
5336.699231206308,319.48717948717945,Battery-electric (fan),0.0
6243.879965653626,319.48717948717945,Battery-electric (fan),0.0
7305.271542664449,319.48717948717945,Battery-electric (fan),0.0
8547.08812559251,319.48717948717945,Battery-electric (fan),0.0
10000.0,319.48717948717945,Battery-electric (fan),0.0
10.0,327.6923076923077,Battery-electric (fan),0.0
11.69989106589066,327.6923076923077,Battery-electric (fan),0.0
13.688745095370805,327.6923076923077,Battery-electric (fan),0.0
16.015682644458355,327.6923076923077,Battery-electric (fan),0.0
18.73817422860384,327.6923076923077,Battery-electric (fan),0.0
21.923459724834466,327.6923076923077,Battery-electric (fan),0.0
25.650209056800456,327.6923076923077,Battery-electric (fan),0.0
30.010465178188735,327.6923076923077,Battery-electric (fan),0.0
35.11191734215131,327.6923076923077,Battery-electric (fan),0.0
41.08056080177274,327.6923076923077,Battery-electric (fan),0.0
48.06380863064389,327.6923076923077,Battery-electric (fan),0.0
56.23413251903491,327.6923076923077,Battery-electric (fan),0.0
65.79332246575679,327.6923076923077,Battery-electric (fan),0.0
76.9774705712371,327.6923076923077,Battery-electric (fan),0.0
90.06280202112787,327.6923076923077,Battery-electric (fan),0.0
105.37249727360725,327.6923076923077,Battery-electric (fan),0.0
123.28467394420659,327.6923076923077,Battery-electric (fan),0.0
144.24172552410664,327.6923076923077,Battery-electric (fan),0.0
168.7612475788147,327.6923076923077,Battery-electric (fan),0.0
197.44882128159367,327.6923076923077,Battery-electric (fan),0.0
231.0129700083158,327.6923076923077,Battery-electric (fan),0.0
270.28265839051625,327.6923076923077,Battery-electric (fan),0.0
316.22776601683796,327.6923076923077,Battery-electric (fan),0.0
369.9830414406966,327.6923076923077,Battery-electric (fan),0.0
432.8761281083057,327.6923076923077,Battery-electric (fan),0.0
506.4603543891704,327.6923076923077,Battery-electric (fan),0.0
592.5530975545674,327.6923076923077,Battery-electric (fan),0.0
693.2806692144524,327.6923076923077,Battery-electric (fan),0.0
811.1308307896873,327.6923076923077,Battery-electric (fan),0.0
949.0142360424725,327.6923076923077,Battery-electric (fan),0.0
1110.336318167638,327.6923076923077,Battery-electric (fan),0.0
1299.0813969063468,327.6923076923077,Battery-electric (fan),0.0
1519.9110829529332,327.6923076923077,Battery-electric (fan),0.0
1778.2794100389228,327.6923076923077,Battery-electric (fan),0.0
2080.5675382171694,327.6923076923077,Battery-electric (fan),0.0
2434.2413552369194,327.6923076923077,Battery-electric (fan),0.0
2848.035868435799,327.6923076923077,Battery-electric (fan),0.0
3332.1709412448167,327.6923076923077,Battery-electric (fan),0.0
3898.603702549072,327.6923076923077,Battery-electric (fan),0.0
4561.323862890211,327.6923076923077,Battery-electric (fan),0.0
5336.699231206308,327.6923076923077,Battery-electric (fan),0.0
6243.879965653626,327.6923076923077,Battery-electric (fan),0.0
7305.271542664449,327.6923076923077,Battery-electric (fan),0.0
8547.08812559251,327.6923076923077,Battery-electric (fan),0.0
10000.0,327.6923076923077,Battery-electric (fan),0.0
10.0,335.8974358974359,Battery-electric (fan),0.0
11.69989106589066,335.8974358974359,Battery-electric (fan),0.0
13.688745095370805,335.8974358974359,Battery-electric (fan),0.0
16.015682644458355,335.8974358974359,Battery-electric (fan),0.0
18.73817422860384,335.8974358974359,Battery-electric (fan),0.0
21.923459724834466,335.8974358974359,Battery-electric (fan),0.0
25.650209056800456,335.8974358974359,Battery-electric (fan),0.0
30.010465178188735,335.8974358974359,Battery-electric (fan),0.0
35.11191734215131,335.8974358974359,Battery-electric (fan),0.0
41.08056080177274,335.8974358974359,Battery-electric (fan),0.0
48.06380863064389,335.8974358974359,Battery-electric (fan),0.0
56.23413251903491,335.8974358974359,Battery-electric (fan),0.0
65.79332246575679,335.8974358974359,Battery-electric (fan),0.0
76.9774705712371,335.8974358974359,Battery-electric (fan),0.0
90.06280202112787,335.8974358974359,Battery-electric (fan),0.0
105.37249727360725,335.8974358974359,Battery-electric (fan),0.0
123.28467394420659,335.8974358974359,Battery-electric (fan),0.0
144.24172552410664,335.8974358974359,Battery-electric (fan),0.0
168.7612475788147,335.8974358974359,Battery-electric (fan),0.0
197.44882128159367,335.8974358974359,Battery-electric (fan),0.0
231.0129700083158,335.8974358974359,Battery-electric (fan),0.0
270.28265839051625,335.8974358974359,Battery-electric (fan),0.0
316.22776601683796,335.8974358974359,Battery-electric (fan),0.0
369.9830414406966,335.8974358974359,Battery-electric (fan),0.0
432.8761281083057,335.8974358974359,Battery-electric (fan),0.0
506.4603543891704,335.8974358974359,Battery-electric (fan),0.0
592.5530975545674,335.8974358974359,Battery-electric (fan),0.0
693.2806692144524,335.8974358974359,Battery-electric (fan),0.0
811.1308307896873,335.8974358974359,Battery-electric (fan),0.0
949.0142360424725,335.8974358974359,Battery-electric (fan),0.0
1110.336318167638,335.8974358974359,Battery-electric (fan),0.0
1299.0813969063468,335.8974358974359,Battery-electric (fan),0.0
1519.9110829529332,335.8974358974359,Battery-electric (fan),0.0
1778.2794100389228,335.8974358974359,Battery-electric (fan),0.0
2080.5675382171694,335.8974358974359,Battery-electric (fan),0.0
2434.2413552369194,335.8974358974359,Battery-electric (fan),0.0
2848.035868435799,335.8974358974359,Battery-electric (fan),0.0
3332.1709412448167,335.8974358974359,Battery-electric (fan),0.0
3898.603702549072,335.8974358974359,Battery-electric (fan),0.0
4561.323862890211,335.8974358974359,Battery-electric (fan),0.0
5336.699231206308,335.8974358974359,Battery-electric (fan),0.0
6243.879965653626,335.8974358974359,Battery-electric (fan),0.0
7305.271542664449,335.8974358974359,Battery-electric (fan),0.0
8547.08812559251,335.8974358974359,Battery-electric (fan),0.0
10000.0,335.8974358974359,Battery-electric (fan),0.0
10.0,344.1025641025641,Battery-electric (fan),0.0
11.69989106589066,344.1025641025641,Battery-electric (fan),0.0
13.688745095370805,344.1025641025641,Battery-electric (fan),0.0
16.015682644458355,344.1025641025641,Battery-electric (fan),0.0
18.73817422860384,344.1025641025641,Battery-electric (fan),0.0
21.923459724834466,344.1025641025641,Battery-electric (fan),0.0
25.650209056800456,344.1025641025641,Battery-electric (fan),0.0
30.010465178188735,344.1025641025641,Battery-electric (fan),0.0
35.11191734215131,344.1025641025641,Battery-electric (fan),0.0
41.08056080177274,344.1025641025641,Battery-electric (fan),0.0
48.06380863064389,344.1025641025641,Battery-electric (fan),0.0
56.23413251903491,344.1025641025641,Battery-electric (fan),0.0
65.79332246575679,344.1025641025641,Battery-electric (fan),0.0
76.9774705712371,344.1025641025641,Battery-electric (fan),0.0
90.06280202112787,344.1025641025641,Battery-electric (fan),0.0
105.37249727360725,344.1025641025641,Battery-electric (fan),0.0
123.28467394420659,344.1025641025641,Battery-electric (fan),0.0
144.24172552410664,344.1025641025641,Battery-electric (fan),0.0
168.7612475788147,344.1025641025641,Battery-electric (fan),0.0
197.44882128159367,344.1025641025641,Battery-electric (fan),0.0
231.0129700083158,344.1025641025641,Battery-electric (fan),0.0
270.28265839051625,344.1025641025641,Battery-electric (fan),0.0
316.22776601683796,344.1025641025641,Battery-electric (fan),0.0
369.9830414406966,344.1025641025641,Battery-electric (fan),0.0
432.8761281083057,344.1025641025641,Battery-electric (fan),0.0
506.4603543891704,344.1025641025641,Battery-electric (fan),0.0
592.5530975545674,344.1025641025641,Battery-electric (fan),0.0
693.2806692144524,344.1025641025641,Battery-electric (fan),0.0
811.1308307896873,344.1025641025641,Battery-electric (fan),0.0
949.0142360424725,344.1025641025641,Battery-electric (fan),0.0
1110.336318167638,344.1025641025641,Battery-electric (fan),0.0
1299.0813969063468,344.1025641025641,Battery-electric (fan),0.0
1519.9110829529332,344.1025641025641,Battery-electric (fan),0.0
1778.2794100389228,344.1025641025641,Battery-electric (fan),0.0
2080.5675382171694,344.1025641025641,Battery-electric (fan),0.0
2434.2413552369194,344.1025641025641,Battery-electric (fan),0.0
2848.035868435799,344.1025641025641,Battery-electric (fan),0.0
3332.1709412448167,344.1025641025641,Battery-electric (fan),0.0
3898.603702549072,344.1025641025641,Battery-electric (fan),0.0
4561.323862890211,344.1025641025641,Battery-electric (fan),0.0
5336.699231206308,344.1025641025641,Battery-electric (fan),0.0
6243.879965653626,344.1025641025641,Battery-electric (fan),0.0
7305.271542664449,344.1025641025641,Battery-electric (fan),0.0
8547.08812559251,344.1025641025641,Battery-electric (fan),0.0
10000.0,344.1025641025641,Battery-electric (fan),0.0
10.0,352.30769230769226,Battery-electric (fan),0.0
11.69989106589066,352.30769230769226,Battery-electric (fan),0.0
13.688745095370805,352.30769230769226,Battery-electric (fan),0.0
16.015682644458355,352.30769230769226,Battery-electric (fan),0.0
18.73817422860384,352.30769230769226,Battery-electric (fan),0.0
21.923459724834466,352.30769230769226,Battery-electric (fan),0.0
25.650209056800456,352.30769230769226,Battery-electric (fan),0.0
30.010465178188735,352.30769230769226,Battery-electric (fan),0.0
35.11191734215131,352.30769230769226,Battery-electric (fan),0.0
41.08056080177274,352.30769230769226,Battery-electric (fan),0.0
48.06380863064389,352.30769230769226,Battery-electric (fan),0.0
56.23413251903491,352.30769230769226,Battery-electric (fan),0.0
65.79332246575679,352.30769230769226,Battery-electric (fan),0.0
76.9774705712371,352.30769230769226,Battery-electric (fan),0.0
90.06280202112787,352.30769230769226,Battery-electric (fan),0.0
105.37249727360725,352.30769230769226,Battery-electric (fan),0.0
123.28467394420659,352.30769230769226,Battery-electric (fan),0.0
144.24172552410664,352.30769230769226,Battery-electric (fan),0.0
168.7612475788147,352.30769230769226,Battery-electric (fan),0.0
197.44882128159367,352.30769230769226,Battery-electric (fan),0.0
231.0129700083158,352.30769230769226,Battery-electric (fan),0.0
270.28265839051625,352.30769230769226,Battery-electric (fan),0.0
316.22776601683796,352.30769230769226,Battery-electric (fan),0.0
369.9830414406966,352.30769230769226,Battery-electric (fan),0.0
432.8761281083057,352.30769230769226,Battery-electric (fan),0.0
506.4603543891704,352.30769230769226,Battery-electric (fan),0.0
592.5530975545674,352.30769230769226,Battery-electric (fan),0.0
693.2806692144524,352.30769230769226,Battery-electric (fan),0.0
811.1308307896873,352.30769230769226,Battery-electric (fan),0.0
949.0142360424725,352.30769230769226,Battery-electric (fan),0.0
1110.336318167638,352.30769230769226,Battery-electric (fan),0.0
1299.0813969063468,352.30769230769226,Battery-electric (fan),0.0
1519.9110829529332,352.30769230769226,Battery-electric (fan),0.0
1778.2794100389228,352.30769230769226,Battery-electric (fan),0.0
2080.5675382171694,352.30769230769226,Battery-electric (fan),0.0
2434.2413552369194,352.30769230769226,Battery-electric (fan),0.0
2848.035868435799,352.30769230769226,Battery-electric (fan),0.0
3332.1709412448167,352.30769230769226,Battery-electric (fan),0.0
3898.603702549072,352.30769230769226,Battery-electric (fan),0.0
4561.323862890211,352.30769230769226,Battery-electric (fan),0.0
5336.699231206308,352.30769230769226,Battery-electric (fan),0.0
6243.879965653626,352.30769230769226,Battery-electric (fan),0.0
7305.271542664449,352.30769230769226,Battery-electric (fan),0.0
8547.08812559251,352.30769230769226,Battery-electric (fan),0.0
10000.0,352.30769230769226,Battery-electric (fan),0.0
10.0,360.5128205128205,Battery-electric (fan),0.0
11.69989106589066,360.5128205128205,Battery-electric (fan),0.0
13.688745095370805,360.5128205128205,Battery-electric (fan),0.0
16.015682644458355,360.5128205128205,Battery-electric (fan),0.0
18.73817422860384,360.5128205128205,Battery-electric (fan),0.0
21.923459724834466,360.5128205128205,Battery-electric (fan),0.0
25.650209056800456,360.5128205128205,Battery-electric (fan),0.0
30.010465178188735,360.5128205128205,Battery-electric (fan),0.0
35.11191734215131,360.5128205128205,Battery-electric (fan),0.0
41.08056080177274,360.5128205128205,Battery-electric (fan),0.0
48.06380863064389,360.5128205128205,Battery-electric (fan),0.0
56.23413251903491,360.5128205128205,Battery-electric (fan),0.0
65.79332246575679,360.5128205128205,Battery-electric (fan),0.0
76.9774705712371,360.5128205128205,Battery-electric (fan),0.0
90.06280202112787,360.5128205128205,Battery-electric (fan),0.0
105.37249727360725,360.5128205128205,Battery-electric (fan),0.0
123.28467394420659,360.5128205128205,Battery-electric (fan),0.0
144.24172552410664,360.5128205128205,Battery-electric (fan),0.0
168.7612475788147,360.5128205128205,Battery-electric (fan),0.0
197.44882128159367,360.5128205128205,Battery-electric (fan),0.0
231.0129700083158,360.5128205128205,Battery-electric (fan),0.0
270.28265839051625,360.5128205128205,Battery-electric (fan),0.0
316.22776601683796,360.5128205128205,Battery-electric (fan),0.0
369.9830414406966,360.5128205128205,Battery-electric (fan),0.0
432.8761281083057,360.5128205128205,Battery-electric (fan),0.0
506.4603543891704,360.5128205128205,Battery-electric (fan),0.0
592.5530975545674,360.5128205128205,Battery-electric (fan),0.0
693.2806692144524,360.5128205128205,Battery-electric (fan),0.0
811.1308307896873,360.5128205128205,Battery-electric (fan),0.0
949.0142360424725,360.5128205128205,Battery-electric (fan),0.0
1110.336318167638,360.5128205128205,Battery-electric (fan),0.0
1299.0813969063468,360.5128205128205,Battery-electric (fan),0.0
1519.9110829529332,360.5128205128205,Battery-electric (fan),0.0
1778.2794100389228,360.5128205128205,Battery-electric (fan),0.0
2080.5675382171694,360.5128205128205,Battery-electric (fan),0.0
2434.2413552369194,360.5128205128205,Battery-electric (fan),0.0
2848.035868435799,360.5128205128205,Battery-electric (fan),0.0
3332.1709412448167,360.5128205128205,Battery-electric (fan),0.0
3898.603702549072,360.5128205128205,Battery-electric (fan),0.0
4561.323862890211,360.5128205128205,Battery-electric (fan),0.0
5336.699231206308,360.5128205128205,Battery-electric (fan),0.0
6243.879965653626,360.5128205128205,Battery-electric (fan),0.0
7305.271542664449,360.5128205128205,Battery-electric (fan),0.0
8547.08812559251,360.5128205128205,Battery-electric (fan),0.0
10000.0,360.5128205128205,Battery-electric (fan),0.0
10.0,368.71794871794873,Battery-electric (fan),0.0
11.69989106589066,368.71794871794873,Battery-electric (fan),0.0
13.688745095370805,368.71794871794873,Battery-electric (fan),0.0
16.015682644458355,368.71794871794873,Battery-electric (fan),0.0
18.73817422860384,368.71794871794873,Battery-electric (fan),0.0
21.923459724834466,368.71794871794873,Battery-electric (fan),0.0
25.650209056800456,368.71794871794873,Battery-electric (fan),0.0
30.010465178188735,368.71794871794873,Battery-electric (fan),0.0
35.11191734215131,368.71794871794873,Battery-electric (fan),0.0
41.08056080177274,368.71794871794873,Battery-electric (fan),0.0
48.06380863064389,368.71794871794873,Battery-electric (fan),0.0
56.23413251903491,368.71794871794873,Battery-electric (fan),0.0
65.79332246575679,368.71794871794873,Battery-electric (fan),0.0
76.9774705712371,368.71794871794873,Battery-electric (fan),0.0
90.06280202112787,368.71794871794873,Battery-electric (fan),0.0
105.37249727360725,368.71794871794873,Battery-electric (fan),0.0
123.28467394420659,368.71794871794873,Battery-electric (fan),0.0
144.24172552410664,368.71794871794873,Battery-electric (fan),0.0
168.7612475788147,368.71794871794873,Battery-electric (fan),0.0
197.44882128159367,368.71794871794873,Battery-electric (fan),0.0
231.0129700083158,368.71794871794873,Battery-electric (fan),0.0
270.28265839051625,368.71794871794873,Battery-electric (fan),0.0
316.22776601683796,368.71794871794873,Battery-electric (fan),0.0
369.9830414406966,368.71794871794873,Battery-electric (fan),0.0
432.8761281083057,368.71794871794873,Battery-electric (fan),0.0
506.4603543891704,368.71794871794873,Battery-electric (fan),0.0
592.5530975545674,368.71794871794873,Battery-electric (fan),0.0
693.2806692144524,368.71794871794873,Battery-electric (fan),0.0
811.1308307896873,368.71794871794873,Battery-electric (fan),0.0
949.0142360424725,368.71794871794873,Battery-electric (fan),0.0
1110.336318167638,368.71794871794873,Battery-electric (fan),0.0
1299.0813969063468,368.71794871794873,Battery-electric (fan),0.0
1519.9110829529332,368.71794871794873,Battery-electric (fan),0.0
1778.2794100389228,368.71794871794873,Battery-electric (fan),0.0
2080.5675382171694,368.71794871794873,Battery-electric (fan),0.0
2434.2413552369194,368.71794871794873,Battery-electric (fan),0.0
2848.035868435799,368.71794871794873,Battery-electric (fan),0.0
3332.1709412448167,368.71794871794873,Battery-electric (fan),0.0
3898.603702549072,368.71794871794873,Battery-electric (fan),0.0
4561.323862890211,368.71794871794873,Battery-electric (fan),0.0
5336.699231206308,368.71794871794873,Battery-electric (fan),0.0
6243.879965653626,368.71794871794873,Battery-electric (fan),0.0
7305.271542664449,368.71794871794873,Battery-electric (fan),0.0
8547.08812559251,368.71794871794873,Battery-electric (fan),0.0
10000.0,368.71794871794873,Battery-electric (fan),0.0
10.0,376.9230769230769,Battery-electric (fan),0.0
11.69989106589066,376.9230769230769,Battery-electric (fan),0.0
13.688745095370805,376.9230769230769,Battery-electric (fan),0.0
16.015682644458355,376.9230769230769,Battery-electric (fan),0.0
18.73817422860384,376.9230769230769,Battery-electric (fan),0.0
21.923459724834466,376.9230769230769,Battery-electric (fan),0.0
25.650209056800456,376.9230769230769,Battery-electric (fan),0.0
30.010465178188735,376.9230769230769,Battery-electric (fan),0.0
35.11191734215131,376.9230769230769,Battery-electric (fan),0.0
41.08056080177274,376.9230769230769,Battery-electric (fan),0.0
48.06380863064389,376.9230769230769,Battery-electric (fan),0.0
56.23413251903491,376.9230769230769,Battery-electric (fan),0.0
65.79332246575679,376.9230769230769,Battery-electric (fan),0.0
76.9774705712371,376.9230769230769,Battery-electric (fan),0.0
90.06280202112787,376.9230769230769,Battery-electric (fan),0.0
105.37249727360725,376.9230769230769,Battery-electric (fan),0.0
123.28467394420659,376.9230769230769,Battery-electric (fan),0.0
144.24172552410664,376.9230769230769,Battery-electric (fan),0.0
168.7612475788147,376.9230769230769,Battery-electric (fan),0.0
197.44882128159367,376.9230769230769,Battery-electric (fan),0.0
231.0129700083158,376.9230769230769,Battery-electric (fan),0.0
270.28265839051625,376.9230769230769,Battery-electric (fan),0.0
316.22776601683796,376.9230769230769,Battery-electric (fan),0.0
369.9830414406966,376.9230769230769,Battery-electric (fan),0.0
432.8761281083057,376.9230769230769,Battery-electric (fan),0.0
506.4603543891704,376.9230769230769,Battery-electric (fan),0.0
592.5530975545674,376.9230769230769,Battery-electric (fan),0.0
693.2806692144524,376.9230769230769,Battery-electric (fan),0.0
811.1308307896873,376.9230769230769,Battery-electric (fan),0.0
949.0142360424725,376.9230769230769,Battery-electric (fan),0.0
1110.336318167638,376.9230769230769,Battery-electric (fan),0.0
1299.0813969063468,376.9230769230769,Battery-electric (fan),0.0
1519.9110829529332,376.9230769230769,Battery-electric (fan),0.0
1778.2794100389228,376.9230769230769,Battery-electric (fan),0.0
2080.5675382171694,376.9230769230769,Battery-electric (fan),0.0
2434.2413552369194,376.9230769230769,Battery-electric (fan),0.0
2848.035868435799,376.9230769230769,Battery-electric (fan),0.0
3332.1709412448167,376.9230769230769,Battery-electric (fan),0.0
3898.603702549072,376.9230769230769,Battery-electric (fan),0.0
4561.323862890211,376.9230769230769,Battery-electric (fan),0.0
5336.699231206308,376.9230769230769,Battery-electric (fan),0.0
6243.879965653626,376.9230769230769,Battery-electric (fan),0.0
7305.271542664449,376.9230769230769,Battery-electric (fan),0.0
8547.08812559251,376.9230769230769,Battery-electric (fan),0.0
10000.0,376.9230769230769,Battery-electric (fan),0.0
10.0,385.1282051282051,Battery-electric (fan),0.0
11.69989106589066,385.1282051282051,Battery-electric (fan),0.0
13.688745095370805,385.1282051282051,Battery-electric (fan),0.0
16.015682644458355,385.1282051282051,Battery-electric (fan),0.0
18.73817422860384,385.1282051282051,Battery-electric (fan),0.0
21.923459724834466,385.1282051282051,Battery-electric (fan),0.0
25.650209056800456,385.1282051282051,Battery-electric (fan),0.0
30.010465178188735,385.1282051282051,Battery-electric (fan),0.0
35.11191734215131,385.1282051282051,Battery-electric (fan),0.0
41.08056080177274,385.1282051282051,Battery-electric (fan),0.0
48.06380863064389,385.1282051282051,Battery-electric (fan),0.0
56.23413251903491,385.1282051282051,Battery-electric (fan),0.0
65.79332246575679,385.1282051282051,Battery-electric (fan),0.0
76.9774705712371,385.1282051282051,Battery-electric (fan),0.0
90.06280202112787,385.1282051282051,Battery-electric (fan),0.0
105.37249727360725,385.1282051282051,Battery-electric (fan),0.0
123.28467394420659,385.1282051282051,Battery-electric (fan),0.0
144.24172552410664,385.1282051282051,Battery-electric (fan),0.0
168.7612475788147,385.1282051282051,Battery-electric (fan),0.0
197.44882128159367,385.1282051282051,Battery-electric (fan),0.0
231.0129700083158,385.1282051282051,Battery-electric (fan),0.0
270.28265839051625,385.1282051282051,Battery-electric (fan),0.0
316.22776601683796,385.1282051282051,Battery-electric (fan),0.0
369.9830414406966,385.1282051282051,Battery-electric (fan),0.0
432.8761281083057,385.1282051282051,Battery-electric (fan),0.0
506.4603543891704,385.1282051282051,Battery-electric (fan),0.0
592.5530975545674,385.1282051282051,Battery-electric (fan),0.0
693.2806692144524,385.1282051282051,Battery-electric (fan),0.0
811.1308307896873,385.1282051282051,Battery-electric (fan),0.0
949.0142360424725,385.1282051282051,Battery-electric (fan),0.0
1110.336318167638,385.1282051282051,Battery-electric (fan),0.0
1299.0813969063468,385.1282051282051,Battery-electric (fan),0.0
1519.9110829529332,385.1282051282051,Battery-electric (fan),0.0
1778.2794100389228,385.1282051282051,Battery-electric (fan),0.0
2080.5675382171694,385.1282051282051,Battery-electric (fan),0.0
2434.2413552369194,385.1282051282051,Battery-electric (fan),0.0
2848.035868435799,385.1282051282051,Battery-electric (fan),0.0
3332.1709412448167,385.1282051282051,Battery-electric (fan),0.0
3898.603702549072,385.1282051282051,Battery-electric (fan),0.0
4561.323862890211,385.1282051282051,Battery-electric (fan),0.0
5336.699231206308,385.1282051282051,Battery-electric (fan),0.0
6243.879965653626,385.1282051282051,Battery-electric (fan),0.0
7305.271542664449,385.1282051282051,Battery-electric (fan),0.0
8547.08812559251,385.1282051282051,Battery-electric (fan),0.0
10000.0,385.1282051282051,Battery-electric (fan),0.0
10.0,393.3333333333333,Battery-electric (fan),0.0
11.69989106589066,393.3333333333333,Battery-electric (fan),0.0
13.688745095370805,393.3333333333333,Battery-electric (fan),0.0
16.015682644458355,393.3333333333333,Battery-electric (fan),0.0
18.73817422860384,393.3333333333333,Battery-electric (fan),0.0
21.923459724834466,393.3333333333333,Battery-electric (fan),0.0
25.650209056800456,393.3333333333333,Battery-electric (fan),0.0
30.010465178188735,393.3333333333333,Battery-electric (fan),0.0
35.11191734215131,393.3333333333333,Battery-electric (fan),0.0
41.08056080177274,393.3333333333333,Battery-electric (fan),0.0
48.06380863064389,393.3333333333333,Battery-electric (fan),0.0
56.23413251903491,393.3333333333333,Battery-electric (fan),0.0
65.79332246575679,393.3333333333333,Battery-electric (fan),0.0
76.9774705712371,393.3333333333333,Battery-electric (fan),0.0
90.06280202112787,393.3333333333333,Battery-electric (fan),0.0
105.37249727360725,393.3333333333333,Battery-electric (fan),0.0
123.28467394420659,393.3333333333333,Battery-electric (fan),0.0
144.24172552410664,393.3333333333333,Battery-electric (fan),0.0
168.7612475788147,393.3333333333333,Battery-electric (fan),0.0
197.44882128159367,393.3333333333333,Battery-electric (fan),0.0
231.0129700083158,393.3333333333333,Battery-electric (fan),0.0
270.28265839051625,393.3333333333333,Battery-electric (fan),0.0
316.22776601683796,393.3333333333333,Battery-electric (fan),0.0
369.9830414406966,393.3333333333333,Battery-electric (fan),0.0
432.8761281083057,393.3333333333333,Battery-electric (fan),0.0
506.4603543891704,393.3333333333333,Battery-electric (fan),0.0
592.5530975545674,393.3333333333333,Battery-electric (fan),0.0
693.2806692144524,393.3333333333333,Battery-electric (fan),0.0
811.1308307896873,393.3333333333333,Battery-electric (fan),0.0
949.0142360424725,393.3333333333333,Battery-electric (fan),0.0
1110.336318167638,393.3333333333333,Battery-electric (fan),0.0
1299.0813969063468,393.3333333333333,Battery-electric (fan),0.0
1519.9110829529332,393.3333333333333,Battery-electric (fan),0.0
1778.2794100389228,393.3333333333333,Battery-electric (fan),0.0
2080.5675382171694,393.3333333333333,Battery-electric (fan),0.0
2434.2413552369194,393.3333333333333,Battery-electric (fan),0.0
2848.035868435799,393.3333333333333,Battery-electric (fan),0.0
3332.1709412448167,393.3333333333333,Battery-electric (fan),0.0
3898.603702549072,393.3333333333333,Battery-electric (fan),0.0
4561.323862890211,393.3333333333333,Battery-electric (fan),0.0
5336.699231206308,393.3333333333333,Battery-electric (fan),0.0
6243.879965653626,393.3333333333333,Battery-electric (fan),0.0
7305.271542664449,393.3333333333333,Battery-electric (fan),0.0
8547.08812559251,393.3333333333333,Battery-electric (fan),0.0
10000.0,393.3333333333333,Battery-electric (fan),0.0
10.0,401.53846153846155,Battery-electric (fan),0.0
11.69989106589066,401.53846153846155,Battery-electric (fan),0.0
13.688745095370805,401.53846153846155,Battery-electric (fan),0.0
16.015682644458355,401.53846153846155,Battery-electric (fan),0.0
18.73817422860384,401.53846153846155,Battery-electric (fan),0.0
21.923459724834466,401.53846153846155,Battery-electric (fan),0.0
25.650209056800456,401.53846153846155,Battery-electric (fan),0.0
30.010465178188735,401.53846153846155,Battery-electric (fan),0.0
35.11191734215131,401.53846153846155,Battery-electric (fan),0.0
41.08056080177274,401.53846153846155,Battery-electric (fan),0.0
48.06380863064389,401.53846153846155,Battery-electric (fan),0.0
56.23413251903491,401.53846153846155,Battery-electric (fan),0.0
65.79332246575679,401.53846153846155,Battery-electric (fan),0.0
76.9774705712371,401.53846153846155,Battery-electric (fan),0.0
90.06280202112787,401.53846153846155,Battery-electric (fan),0.0
105.37249727360725,401.53846153846155,Battery-electric (fan),0.0
123.28467394420659,401.53846153846155,Battery-electric (fan),0.0
144.24172552410664,401.53846153846155,Battery-electric (fan),0.0
168.7612475788147,401.53846153846155,Battery-electric (fan),0.0
197.44882128159367,401.53846153846155,Battery-electric (fan),0.0
231.0129700083158,401.53846153846155,Battery-electric (fan),0.0
270.28265839051625,401.53846153846155,Battery-electric (fan),0.0
316.22776601683796,401.53846153846155,Battery-electric (fan),0.0
369.9830414406966,401.53846153846155,Battery-electric (fan),0.0
432.8761281083057,401.53846153846155,Battery-electric (fan),0.0
506.4603543891704,401.53846153846155,Battery-electric (fan),0.0
592.5530975545674,401.53846153846155,Battery-electric (fan),0.0
693.2806692144524,401.53846153846155,Battery-electric (fan),0.0
811.1308307896873,401.53846153846155,Battery-electric (fan),0.0
949.0142360424725,401.53846153846155,Battery-electric (fan),0.0
1110.336318167638,401.53846153846155,Battery-electric (fan),0.0
1299.0813969063468,401.53846153846155,Battery-electric (fan),0.0
1519.9110829529332,401.53846153846155,Battery-electric (fan),0.0
1778.2794100389228,401.53846153846155,Battery-electric (fan),0.0
2080.5675382171694,401.53846153846155,Battery-electric (fan),0.0
2434.2413552369194,401.53846153846155,Battery-electric (fan),0.0
2848.035868435799,401.53846153846155,Battery-electric (fan),0.0
3332.1709412448167,401.53846153846155,Battery-electric (fan),0.0
3898.603702549072,401.53846153846155,Battery-electric (fan),0.0
4561.323862890211,401.53846153846155,Battery-electric (fan),0.0
5336.699231206308,401.53846153846155,Battery-electric (fan),0.0
6243.879965653626,401.53846153846155,Battery-electric (fan),0.0
7305.271542664449,401.53846153846155,Battery-electric (fan),0.0
8547.08812559251,401.53846153846155,Battery-electric (fan),0.0
10000.0,401.53846153846155,Battery-electric (fan),0.0
10.0,409.7435897435897,Battery-electric (fan),0.0
11.69989106589066,409.7435897435897,Battery-electric (fan),0.0
13.688745095370805,409.7435897435897,Battery-electric (fan),0.0
16.015682644458355,409.7435897435897,Battery-electric (fan),0.0
18.73817422860384,409.7435897435897,Battery-electric (fan),0.0
21.923459724834466,409.7435897435897,Battery-electric (fan),0.0
25.650209056800456,409.7435897435897,Battery-electric (fan),0.0
30.010465178188735,409.7435897435897,Battery-electric (fan),0.0
35.11191734215131,409.7435897435897,Battery-electric (fan),0.0
41.08056080177274,409.7435897435897,Battery-electric (fan),0.0
48.06380863064389,409.7435897435897,Battery-electric (fan),0.0
56.23413251903491,409.7435897435897,Battery-electric (fan),0.0
65.79332246575679,409.7435897435897,Battery-electric (fan),0.0
76.9774705712371,409.7435897435897,Battery-electric (fan),0.0
90.06280202112787,409.7435897435897,Battery-electric (fan),0.0
105.37249727360725,409.7435897435897,Battery-electric (fan),0.0
123.28467394420659,409.7435897435897,Battery-electric (fan),0.0
144.24172552410664,409.7435897435897,Battery-electric (fan),0.0
168.7612475788147,409.7435897435897,Battery-electric (fan),0.0
197.44882128159367,409.7435897435897,Battery-electric (fan),0.0
231.0129700083158,409.7435897435897,Battery-electric (fan),0.0
270.28265839051625,409.7435897435897,Battery-electric (fan),0.0
316.22776601683796,409.7435897435897,Battery-electric (fan),0.0
369.9830414406966,409.7435897435897,Battery-electric (fan),0.0
432.8761281083057,409.7435897435897,Battery-electric (fan),0.0
506.4603543891704,409.7435897435897,Battery-electric (fan),0.0
592.5530975545674,409.7435897435897,Battery-electric (fan),0.0
693.2806692144524,409.7435897435897,Battery-electric (fan),0.0
811.1308307896873,409.7435897435897,Battery-electric (fan),0.0
949.0142360424725,409.7435897435897,Battery-electric (fan),0.0
1110.336318167638,409.7435897435897,Battery-electric (fan),0.0
1299.0813969063468,409.7435897435897,Battery-electric (fan),0.0
1519.9110829529332,409.7435897435897,Battery-electric (fan),0.0
1778.2794100389228,409.7435897435897,Battery-electric (fan),0.0
2080.5675382171694,409.7435897435897,Battery-electric (fan),0.0
2434.2413552369194,409.7435897435897,Battery-electric (fan),0.0
2848.035868435799,409.7435897435897,Battery-electric (fan),0.0
3332.1709412448167,409.7435897435897,Battery-electric (fan),0.0
3898.603702549072,409.7435897435897,Battery-electric (fan),0.0
4561.323862890211,409.7435897435897,Battery-electric (fan),0.0
5336.699231206308,409.7435897435897,Battery-electric (fan),0.0
6243.879965653626,409.7435897435897,Battery-electric (fan),0.0
7305.271542664449,409.7435897435897,Battery-electric (fan),0.0
8547.08812559251,409.7435897435897,Battery-electric (fan),0.0
10000.0,409.7435897435897,Battery-electric (fan),0.0
10.0,417.9487179487179,Battery-electric (fan),0.0
11.69989106589066,417.9487179487179,Battery-electric (fan),0.0
13.688745095370805,417.9487179487179,Battery-electric (fan),0.0
16.015682644458355,417.9487179487179,Battery-electric (fan),0.0
18.73817422860384,417.9487179487179,Battery-electric (fan),0.0
21.923459724834466,417.9487179487179,Battery-electric (fan),0.0
25.650209056800456,417.9487179487179,Battery-electric (fan),0.0
30.010465178188735,417.9487179487179,Battery-electric (fan),0.0
35.11191734215131,417.9487179487179,Battery-electric (fan),0.0
41.08056080177274,417.9487179487179,Battery-electric (fan),0.0
48.06380863064389,417.9487179487179,Battery-electric (fan),0.0
56.23413251903491,417.9487179487179,Battery-electric (fan),0.0
65.79332246575679,417.9487179487179,Battery-electric (fan),0.0
76.9774705712371,417.9487179487179,Battery-electric (fan),0.0
90.06280202112787,417.9487179487179,Battery-electric (fan),0.0
105.37249727360725,417.9487179487179,Battery-electric (fan),0.0
123.28467394420659,417.9487179487179,Battery-electric (fan),0.0
144.24172552410664,417.9487179487179,Battery-electric (fan),0.0
168.7612475788147,417.9487179487179,Battery-electric (fan),0.0
197.44882128159367,417.9487179487179,Battery-electric (fan),0.0
231.0129700083158,417.9487179487179,Battery-electric (fan),0.0
270.28265839051625,417.9487179487179,Battery-electric (fan),0.0
316.22776601683796,417.9487179487179,Battery-electric (fan),0.0
369.9830414406966,417.9487179487179,Battery-electric (fan),0.0
432.8761281083057,417.9487179487179,Battery-electric (fan),0.0
506.4603543891704,417.9487179487179,Battery-electric (fan),0.0
592.5530975545674,417.9487179487179,Battery-electric (fan),0.0
693.2806692144524,417.9487179487179,Battery-electric (fan),0.0
811.1308307896873,417.9487179487179,Battery-electric (fan),0.0
949.0142360424725,417.9487179487179,Battery-electric (fan),0.0
1110.336318167638,417.9487179487179,Battery-electric (fan),0.0
1299.0813969063468,417.9487179487179,Battery-electric (fan),0.0
1519.9110829529332,417.9487179487179,Battery-electric (fan),0.0
1778.2794100389228,417.9487179487179,Battery-electric (fan),0.0
2080.5675382171694,417.9487179487179,Battery-electric (fan),0.0
2434.2413552369194,417.9487179487179,Battery-electric (fan),0.0
2848.035868435799,417.9487179487179,Battery-electric (fan),0.0
3332.1709412448167,417.9487179487179,Battery-electric (fan),0.0
3898.603702549072,417.9487179487179,Battery-electric (fan),0.0
4561.323862890211,417.9487179487179,Battery-electric (fan),0.0
5336.699231206308,417.9487179487179,Battery-electric (fan),0.0
6243.879965653626,417.9487179487179,Battery-electric (fan),0.0
7305.271542664449,417.9487179487179,Battery-electric (fan),0.0
8547.08812559251,417.9487179487179,Battery-electric (fan),0.0
10000.0,417.9487179487179,Battery-electric (fan),0.0
10.0,426.15384615384613,Battery-electric (fan),0.0
11.69989106589066,426.15384615384613,Battery-electric (fan),0.0
13.688745095370805,426.15384615384613,Battery-electric (fan),0.0
16.015682644458355,426.15384615384613,Battery-electric (fan),0.0
18.73817422860384,426.15384615384613,Battery-electric (fan),0.0
21.923459724834466,426.15384615384613,Battery-electric (fan),0.0
25.650209056800456,426.15384615384613,Battery-electric (fan),0.0
30.010465178188735,426.15384615384613,Battery-electric (fan),0.0
35.11191734215131,426.15384615384613,Battery-electric (fan),0.0
41.08056080177274,426.15384615384613,Battery-electric (fan),0.0
48.06380863064389,426.15384615384613,Battery-electric (fan),0.0
56.23413251903491,426.15384615384613,Battery-electric (fan),0.0
65.79332246575679,426.15384615384613,Battery-electric (fan),0.0
76.9774705712371,426.15384615384613,Battery-electric (fan),0.0
90.06280202112787,426.15384615384613,Battery-electric (fan),0.0
105.37249727360725,426.15384615384613,Battery-electric (fan),0.0
123.28467394420659,426.15384615384613,Battery-electric (fan),0.0
144.24172552410664,426.15384615384613,Battery-electric (fan),0.0
168.7612475788147,426.15384615384613,Battery-electric (fan),0.0
197.44882128159367,426.15384615384613,Battery-electric (fan),0.0
231.0129700083158,426.15384615384613,Battery-electric (fan),0.0
270.28265839051625,426.15384615384613,Battery-electric (fan),0.0
316.22776601683796,426.15384615384613,Battery-electric (fan),0.0
369.9830414406966,426.15384615384613,Battery-electric (fan),0.0
432.8761281083057,426.15384615384613,Battery-electric (fan),0.0
506.4603543891704,426.15384615384613,Battery-electric (fan),0.0
592.5530975545674,426.15384615384613,Battery-electric (fan),0.0
693.2806692144524,426.15384615384613,Battery-electric (fan),0.0
811.1308307896873,426.15384615384613,Battery-electric (fan),0.0
949.0142360424725,426.15384615384613,Battery-electric (fan),0.0
1110.336318167638,426.15384615384613,Battery-electric (fan),0.0
1299.0813969063468,426.15384615384613,Battery-electric (fan),0.0
1519.9110829529332,426.15384615384613,Battery-electric (fan),0.0
1778.2794100389228,426.15384615384613,Battery-electric (fan),0.0
2080.5675382171694,426.15384615384613,Battery-electric (fan),0.0
2434.2413552369194,426.15384615384613,Battery-electric (fan),0.0
2848.035868435799,426.15384615384613,Battery-electric (fan),0.0
3332.1709412448167,426.15384615384613,Battery-electric (fan),0.0
3898.603702549072,426.15384615384613,Battery-electric (fan),0.0
4561.323862890211,426.15384615384613,Battery-electric (fan),0.0
5336.699231206308,426.15384615384613,Battery-electric (fan),0.0
6243.879965653626,426.15384615384613,Battery-electric (fan),0.0
7305.271542664449,426.15384615384613,Battery-electric (fan),0.0
8547.08812559251,426.15384615384613,Battery-electric (fan),0.0
10000.0,426.15384615384613,Battery-electric (fan),0.0
10.0,434.35897435897436,Battery-electric (fan),0.0
11.69989106589066,434.35897435897436,Battery-electric (fan),0.0
13.688745095370805,434.35897435897436,Battery-electric (fan),0.0
16.015682644458355,434.35897435897436,Battery-electric (fan),0.0
18.73817422860384,434.35897435897436,Battery-electric (fan),0.0
21.923459724834466,434.35897435897436,Battery-electric (fan),0.0
25.650209056800456,434.35897435897436,Battery-electric (fan),0.0
30.010465178188735,434.35897435897436,Battery-electric (fan),0.0
35.11191734215131,434.35897435897436,Battery-electric (fan),0.0
41.08056080177274,434.35897435897436,Battery-electric (fan),0.0
48.06380863064389,434.35897435897436,Battery-electric (fan),0.0
56.23413251903491,434.35897435897436,Battery-electric (fan),0.0
65.79332246575679,434.35897435897436,Battery-electric (fan),0.0
76.9774705712371,434.35897435897436,Battery-electric (fan),0.0
90.06280202112787,434.35897435897436,Battery-electric (fan),0.0
105.37249727360725,434.35897435897436,Battery-electric (fan),0.0
123.28467394420659,434.35897435897436,Battery-electric (fan),0.0
144.24172552410664,434.35897435897436,Battery-electric (fan),0.0
168.7612475788147,434.35897435897436,Battery-electric (fan),0.0
197.44882128159367,434.35897435897436,Battery-electric (fan),0.0
231.0129700083158,434.35897435897436,Battery-electric (fan),0.0
270.28265839051625,434.35897435897436,Battery-electric (fan),0.0
316.22776601683796,434.35897435897436,Battery-electric (fan),0.0
369.9830414406966,434.35897435897436,Battery-electric (fan),0.0
432.8761281083057,434.35897435897436,Battery-electric (fan),0.0
506.4603543891704,434.35897435897436,Battery-electric (fan),0.0
592.5530975545674,434.35897435897436,Battery-electric (fan),0.0
693.2806692144524,434.35897435897436,Battery-electric (fan),0.0
811.1308307896873,434.35897435897436,Battery-electric (fan),0.0
949.0142360424725,434.35897435897436,Battery-electric (fan),0.0
1110.336318167638,434.35897435897436,Battery-electric (fan),0.0
1299.0813969063468,434.35897435897436,Battery-electric (fan),0.0
1519.9110829529332,434.35897435897436,Battery-electric (fan),0.0
1778.2794100389228,434.35897435897436,Battery-electric (fan),0.0
2080.5675382171694,434.35897435897436,Battery-electric (fan),0.0
2434.2413552369194,434.35897435897436,Battery-electric (fan),0.0
2848.035868435799,434.35897435897436,Battery-electric (fan),0.0
3332.1709412448167,434.35897435897436,Battery-electric (fan),0.0
3898.603702549072,434.35897435897436,Battery-electric (fan),0.0
4561.323862890211,434.35897435897436,Battery-electric (fan),0.0
5336.699231206308,434.35897435897436,Battery-electric (fan),0.0
6243.879965653626,434.35897435897436,Battery-electric (fan),0.0
7305.271542664449,434.35897435897436,Battery-electric (fan),0.0
8547.08812559251,434.35897435897436,Battery-electric (fan),0.0
10000.0,434.35897435897436,Battery-electric (fan),0.0
10.0,442.56410256410254,Battery-electric (fan),0.0
11.69989106589066,442.56410256410254,Battery-electric (fan),0.0
13.688745095370805,442.56410256410254,Battery-electric (fan),0.0
16.015682644458355,442.56410256410254,Battery-electric (fan),0.0
18.73817422860384,442.56410256410254,Battery-electric (fan),0.0
21.923459724834466,442.56410256410254,Battery-electric (fan),0.0
25.650209056800456,442.56410256410254,Battery-electric (fan),0.0
30.010465178188735,442.56410256410254,Battery-electric (fan),0.0
35.11191734215131,442.56410256410254,Battery-electric (fan),0.0
41.08056080177274,442.56410256410254,Battery-electric (fan),0.0
48.06380863064389,442.56410256410254,Battery-electric (fan),0.0
56.23413251903491,442.56410256410254,Battery-electric (fan),0.0
65.79332246575679,442.56410256410254,Battery-electric (fan),0.0
76.9774705712371,442.56410256410254,Battery-electric (fan),0.0
90.06280202112787,442.56410256410254,Battery-electric (fan),0.0
105.37249727360725,442.56410256410254,Battery-electric (fan),0.0
123.28467394420659,442.56410256410254,Battery-electric (fan),0.0
144.24172552410664,442.56410256410254,Battery-electric (fan),0.0
168.7612475788147,442.56410256410254,Battery-electric (fan),0.0
197.44882128159367,442.56410256410254,Battery-electric (fan),0.0
231.0129700083158,442.56410256410254,Battery-electric (fan),0.0
270.28265839051625,442.56410256410254,Battery-electric (fan),0.0
316.22776601683796,442.56410256410254,Battery-electric (fan),0.0
369.9830414406966,442.56410256410254,Battery-electric (fan),0.0
432.8761281083057,442.56410256410254,Battery-electric (fan),0.0
506.4603543891704,442.56410256410254,Battery-electric (fan),0.0
592.5530975545674,442.56410256410254,Battery-electric (fan),0.0
693.2806692144524,442.56410256410254,Battery-electric (fan),0.0
811.1308307896873,442.56410256410254,Battery-electric (fan),0.0
949.0142360424725,442.56410256410254,Battery-electric (fan),0.0
1110.336318167638,442.56410256410254,Battery-electric (fan),0.0
1299.0813969063468,442.56410256410254,Battery-electric (fan),0.0
1519.9110829529332,442.56410256410254,Battery-electric (fan),0.0
1778.2794100389228,442.56410256410254,Battery-electric (fan),0.0
2080.5675382171694,442.56410256410254,Battery-electric (fan),0.0
2434.2413552369194,442.56410256410254,Battery-electric (fan),0.0
2848.035868435799,442.56410256410254,Battery-electric (fan),0.0
3332.1709412448167,442.56410256410254,Battery-electric (fan),0.0
3898.603702549072,442.56410256410254,Battery-electric (fan),0.0
4561.323862890211,442.56410256410254,Battery-electric (fan),0.0
5336.699231206308,442.56410256410254,Battery-electric (fan),0.0
6243.879965653626,442.56410256410254,Battery-electric (fan),0.0
7305.271542664449,442.56410256410254,Battery-electric (fan),0.0
8547.08812559251,442.56410256410254,Battery-electric (fan),0.0
10000.0,442.56410256410254,Battery-electric (fan),0.0
10.0,450.7692307692307,Battery-electric (fan),0.0
11.69989106589066,450.7692307692307,Battery-electric (fan),0.0
13.688745095370805,450.7692307692307,Battery-electric (fan),0.0
16.015682644458355,450.7692307692307,Battery-electric (fan),0.0
18.73817422860384,450.7692307692307,Battery-electric (fan),0.0
21.923459724834466,450.7692307692307,Battery-electric (fan),0.0
25.650209056800456,450.7692307692307,Battery-electric (fan),0.0
30.010465178188735,450.7692307692307,Battery-electric (fan),0.0
35.11191734215131,450.7692307692307,Battery-electric (fan),0.0
41.08056080177274,450.7692307692307,Battery-electric (fan),0.0
48.06380863064389,450.7692307692307,Battery-electric (fan),0.0
56.23413251903491,450.7692307692307,Battery-electric (fan),0.0
65.79332246575679,450.7692307692307,Battery-electric (fan),0.0
76.9774705712371,450.7692307692307,Battery-electric (fan),0.0
90.06280202112787,450.7692307692307,Battery-electric (fan),0.0
105.37249727360725,450.7692307692307,Battery-electric (fan),0.0
123.28467394420659,450.7692307692307,Battery-electric (fan),0.0
144.24172552410664,450.7692307692307,Battery-electric (fan),0.0
168.7612475788147,450.7692307692307,Battery-electric (fan),0.0
197.44882128159367,450.7692307692307,Battery-electric (fan),0.0
231.0129700083158,450.7692307692307,Battery-electric (fan),0.0
270.28265839051625,450.7692307692307,Battery-electric (fan),0.0
316.22776601683796,450.7692307692307,Battery-electric (fan),0.0
369.9830414406966,450.7692307692307,Battery-electric (fan),0.0
432.8761281083057,450.7692307692307,Battery-electric (fan),0.0
506.4603543891704,450.7692307692307,Battery-electric (fan),0.0
592.5530975545674,450.7692307692307,Battery-electric (fan),0.0
693.2806692144524,450.7692307692307,Battery-electric (fan),0.0
811.1308307896873,450.7692307692307,Battery-electric (fan),0.0
949.0142360424725,450.7692307692307,Battery-electric (fan),0.0
1110.336318167638,450.7692307692307,Battery-electric (fan),0.0
1299.0813969063468,450.7692307692307,Battery-electric (fan),0.0
1519.9110829529332,450.7692307692307,Battery-electric (fan),0.0
1778.2794100389228,450.7692307692307,Battery-electric (fan),0.0
2080.5675382171694,450.7692307692307,Battery-electric (fan),0.0
2434.2413552369194,450.7692307692307,Battery-electric (fan),0.0
2848.035868435799,450.7692307692307,Battery-electric (fan),0.0
3332.1709412448167,450.7692307692307,Battery-electric (fan),0.0
3898.603702549072,450.7692307692307,Battery-electric (fan),0.0
4561.323862890211,450.7692307692307,Battery-electric (fan),0.0
5336.699231206308,450.7692307692307,Battery-electric (fan),0.0
6243.879965653626,450.7692307692307,Battery-electric (fan),0.0
7305.271542664449,450.7692307692307,Battery-electric (fan),0.0
8547.08812559251,450.7692307692307,Battery-electric (fan),0.0
10000.0,450.7692307692307,Battery-electric (fan),0.0
10.0,458.97435897435895,Battery-electric (fan),0.0
11.69989106589066,458.97435897435895,Battery-electric (fan),0.0
13.688745095370805,458.97435897435895,Battery-electric (fan),0.0
16.015682644458355,458.97435897435895,Battery-electric (fan),0.0
18.73817422860384,458.97435897435895,Battery-electric (fan),0.0
21.923459724834466,458.97435897435895,Battery-electric (fan),0.0
25.650209056800456,458.97435897435895,Battery-electric (fan),0.0
30.010465178188735,458.97435897435895,Battery-electric (fan),0.0
35.11191734215131,458.97435897435895,Battery-electric (fan),0.0
41.08056080177274,458.97435897435895,Battery-electric (fan),0.0
48.06380863064389,458.97435897435895,Battery-electric (fan),0.0
56.23413251903491,458.97435897435895,Battery-electric (fan),0.0
65.79332246575679,458.97435897435895,Battery-electric (fan),0.0
76.9774705712371,458.97435897435895,Battery-electric (fan),0.0
90.06280202112787,458.97435897435895,Battery-electric (fan),0.0
105.37249727360725,458.97435897435895,Battery-electric (fan),0.0
123.28467394420659,458.97435897435895,Battery-electric (fan),0.0
144.24172552410664,458.97435897435895,Battery-electric (fan),0.0
168.7612475788147,458.97435897435895,Battery-electric (fan),0.0
197.44882128159367,458.97435897435895,Battery-electric (fan),0.0
231.0129700083158,458.97435897435895,Battery-electric (fan),0.0
270.28265839051625,458.97435897435895,Battery-electric (fan),0.0
316.22776601683796,458.97435897435895,Battery-electric (fan),0.0
369.9830414406966,458.97435897435895,Battery-electric (fan),0.0
432.8761281083057,458.97435897435895,Battery-electric (fan),0.0
506.4603543891704,458.97435897435895,Battery-electric (fan),0.0
592.5530975545674,458.97435897435895,Battery-electric (fan),0.0
693.2806692144524,458.97435897435895,Battery-electric (fan),0.0
811.1308307896873,458.97435897435895,Battery-electric (fan),0.0
949.0142360424725,458.97435897435895,Battery-electric (fan),0.0
1110.336318167638,458.97435897435895,Battery-electric (fan),0.0
1299.0813969063468,458.97435897435895,Battery-electric (fan),0.0
1519.9110829529332,458.97435897435895,Battery-electric (fan),0.0
1778.2794100389228,458.97435897435895,Battery-electric (fan),0.0
2080.5675382171694,458.97435897435895,Battery-electric (fan),0.0
2434.2413552369194,458.97435897435895,Battery-electric (fan),0.0
2848.035868435799,458.97435897435895,Battery-electric (fan),0.0
3332.1709412448167,458.97435897435895,Battery-electric (fan),0.0
3898.603702549072,458.97435897435895,Battery-electric (fan),0.0
4561.323862890211,458.97435897435895,Battery-electric (fan),0.0
5336.699231206308,458.97435897435895,Battery-electric (fan),0.0
6243.879965653626,458.97435897435895,Battery-electric (fan),0.0
7305.271542664449,458.97435897435895,Battery-electric (fan),0.0
8547.08812559251,458.97435897435895,Battery-electric (fan),0.0
10000.0,458.97435897435895,Battery-electric (fan),0.0
10.0,467.1794871794872,Battery-electric (fan),0.0
11.69989106589066,467.1794871794872,Battery-electric (fan),0.0
13.688745095370805,467.1794871794872,Battery-electric (fan),0.0
16.015682644458355,467.1794871794872,Battery-electric (fan),0.0
18.73817422860384,467.1794871794872,Battery-electric (fan),0.0
21.923459724834466,467.1794871794872,Battery-electric (fan),0.0
25.650209056800456,467.1794871794872,Battery-electric (fan),0.0
30.010465178188735,467.1794871794872,Battery-electric (fan),0.0
35.11191734215131,467.1794871794872,Battery-electric (fan),0.0
41.08056080177274,467.1794871794872,Battery-electric (fan),0.0
48.06380863064389,467.1794871794872,Battery-electric (fan),0.0
56.23413251903491,467.1794871794872,Battery-electric (fan),0.0
65.79332246575679,467.1794871794872,Battery-electric (fan),0.0
76.9774705712371,467.1794871794872,Battery-electric (fan),0.0
90.06280202112787,467.1794871794872,Battery-electric (fan),0.0
105.37249727360725,467.1794871794872,Battery-electric (fan),0.0
123.28467394420659,467.1794871794872,Battery-electric (fan),0.0
144.24172552410664,467.1794871794872,Battery-electric (fan),0.0
168.7612475788147,467.1794871794872,Battery-electric (fan),0.0
197.44882128159367,467.1794871794872,Battery-electric (fan),0.0
231.0129700083158,467.1794871794872,Battery-electric (fan),0.0
270.28265839051625,467.1794871794872,Battery-electric (fan),0.0
316.22776601683796,467.1794871794872,Battery-electric (fan),0.0
369.9830414406966,467.1794871794872,Battery-electric (fan),0.0
432.8761281083057,467.1794871794872,Battery-electric (fan),0.0
506.4603543891704,467.1794871794872,Battery-electric (fan),0.0
592.5530975545674,467.1794871794872,Battery-electric (fan),0.0
693.2806692144524,467.1794871794872,Battery-electric (fan),0.0
811.1308307896873,467.1794871794872,Battery-electric (fan),0.0
949.0142360424725,467.1794871794872,Battery-electric (fan),0.0
1110.336318167638,467.1794871794872,Battery-electric (fan),0.0
1299.0813969063468,467.1794871794872,Battery-electric (fan),0.0
1519.9110829529332,467.1794871794872,Battery-electric (fan),0.0
1778.2794100389228,467.1794871794872,Battery-electric (fan),0.0
2080.5675382171694,467.1794871794872,Battery-electric (fan),0.0
2434.2413552369194,467.1794871794872,Battery-electric (fan),0.0
2848.035868435799,467.1794871794872,Battery-electric (fan),0.0
3332.1709412448167,467.1794871794872,Battery-electric (fan),0.0
3898.603702549072,467.1794871794872,Battery-electric (fan),0.0
4561.323862890211,467.1794871794872,Battery-electric (fan),0.0
5336.699231206308,467.1794871794872,Battery-electric (fan),0.0
6243.879965653626,467.1794871794872,Battery-electric (fan),0.0
7305.271542664449,467.1794871794872,Battery-electric (fan),0.0
8547.08812559251,467.1794871794872,Battery-electric (fan),0.0
10000.0,467.1794871794872,Battery-electric (fan),0.0
10.0,475.38461538461536,Battery-electric (fan),0.0
11.69989106589066,475.38461538461536,Battery-electric (fan),0.0
13.688745095370805,475.38461538461536,Battery-electric (fan),0.0
16.015682644458355,475.38461538461536,Battery-electric (fan),0.0
18.73817422860384,475.38461538461536,Battery-electric (fan),0.0
21.923459724834466,475.38461538461536,Battery-electric (fan),0.0
25.650209056800456,475.38461538461536,Battery-electric (fan),0.0
30.010465178188735,475.38461538461536,Battery-electric (fan),0.0
35.11191734215131,475.38461538461536,Battery-electric (fan),0.0
41.08056080177274,475.38461538461536,Battery-electric (fan),0.0
48.06380863064389,475.38461538461536,Battery-electric (fan),0.0
56.23413251903491,475.38461538461536,Battery-electric (fan),0.0
65.79332246575679,475.38461538461536,Battery-electric (fan),0.0
76.9774705712371,475.38461538461536,Battery-electric (fan),0.0
90.06280202112787,475.38461538461536,Battery-electric (fan),0.0
105.37249727360725,475.38461538461536,Battery-electric (fan),0.0
123.28467394420659,475.38461538461536,Battery-electric (fan),0.0
144.24172552410664,475.38461538461536,Battery-electric (fan),0.0
168.7612475788147,475.38461538461536,Battery-electric (fan),0.0
197.44882128159367,475.38461538461536,Battery-electric (fan),0.0
231.0129700083158,475.38461538461536,Battery-electric (fan),0.0
270.28265839051625,475.38461538461536,Battery-electric (fan),0.0
316.22776601683796,475.38461538461536,Battery-electric (fan),0.0
369.9830414406966,475.38461538461536,Battery-electric (fan),0.0
432.8761281083057,475.38461538461536,Battery-electric (fan),0.0
506.4603543891704,475.38461538461536,Battery-electric (fan),0.0
592.5530975545674,475.38461538461536,Battery-electric (fan),0.0
693.2806692144524,475.38461538461536,Battery-electric (fan),0.0
811.1308307896873,475.38461538461536,Battery-electric (fan),0.0
949.0142360424725,475.38461538461536,Battery-electric (fan),0.0
1110.336318167638,475.38461538461536,Battery-electric (fan),0.0
1299.0813969063468,475.38461538461536,Battery-electric (fan),0.0
1519.9110829529332,475.38461538461536,Battery-electric (fan),0.0
1778.2794100389228,475.38461538461536,Battery-electric (fan),0.0
2080.5675382171694,475.38461538461536,Battery-electric (fan),0.0
2434.2413552369194,475.38461538461536,Battery-electric (fan),0.0
2848.035868435799,475.38461538461536,Battery-electric (fan),0.0
3332.1709412448167,475.38461538461536,Battery-electric (fan),0.0
3898.603702549072,475.38461538461536,Battery-electric (fan),0.0
4561.323862890211,475.38461538461536,Battery-electric (fan),0.0
5336.699231206308,475.38461538461536,Battery-electric (fan),0.0
6243.879965653626,475.38461538461536,Battery-electric (fan),0.0
7305.271542664449,475.38461538461536,Battery-electric (fan),0.0
8547.08812559251,475.38461538461536,Battery-electric (fan),0.0
10000.0,475.38461538461536,Battery-electric (fan),0.0
10.0,483.58974358974353,Battery-electric (fan),0.0
11.69989106589066,483.58974358974353,Battery-electric (fan),0.0
13.688745095370805,483.58974358974353,Battery-electric (fan),0.0
16.015682644458355,483.58974358974353,Battery-electric (fan),0.0
18.73817422860384,483.58974358974353,Battery-electric (fan),0.0
21.923459724834466,483.58974358974353,Battery-electric (fan),0.0
25.650209056800456,483.58974358974353,Battery-electric (fan),0.0
30.010465178188735,483.58974358974353,Battery-electric (fan),0.0
35.11191734215131,483.58974358974353,Battery-electric (fan),0.0
41.08056080177274,483.58974358974353,Battery-electric (fan),0.0
48.06380863064389,483.58974358974353,Battery-electric (fan),0.0
56.23413251903491,483.58974358974353,Battery-electric (fan),0.0
65.79332246575679,483.58974358974353,Battery-electric (fan),0.0
76.9774705712371,483.58974358974353,Battery-electric (fan),0.0
90.06280202112787,483.58974358974353,Battery-electric (fan),0.0
105.37249727360725,483.58974358974353,Battery-electric (fan),0.0
123.28467394420659,483.58974358974353,Battery-electric (fan),0.0
144.24172552410664,483.58974358974353,Battery-electric (fan),0.0
168.7612475788147,483.58974358974353,Battery-electric (fan),0.0
197.44882128159367,483.58974358974353,Battery-electric (fan),0.0
231.0129700083158,483.58974358974353,Battery-electric (fan),0.0
270.28265839051625,483.58974358974353,Battery-electric (fan),0.0
316.22776601683796,483.58974358974353,Battery-electric (fan),0.0
369.9830414406966,483.58974358974353,Battery-electric (fan),0.0
432.8761281083057,483.58974358974353,Battery-electric (fan),0.0
506.4603543891704,483.58974358974353,Battery-electric (fan),0.0
592.5530975545674,483.58974358974353,Battery-electric (fan),0.0
693.2806692144524,483.58974358974353,Battery-electric (fan),0.0
811.1308307896873,483.58974358974353,Battery-electric (fan),0.0
949.0142360424725,483.58974358974353,Battery-electric (fan),0.0
1110.336318167638,483.58974358974353,Battery-electric (fan),0.0
1299.0813969063468,483.58974358974353,Battery-electric (fan),0.0
1519.9110829529332,483.58974358974353,Battery-electric (fan),0.0
1778.2794100389228,483.58974358974353,Battery-electric (fan),0.0
2080.5675382171694,483.58974358974353,Battery-electric (fan),0.0
2434.2413552369194,483.58974358974353,Battery-electric (fan),0.0
2848.035868435799,483.58974358974353,Battery-electric (fan),0.0
3332.1709412448167,483.58974358974353,Battery-electric (fan),0.0
3898.603702549072,483.58974358974353,Battery-electric (fan),0.0
4561.323862890211,483.58974358974353,Battery-electric (fan),0.0
5336.699231206308,483.58974358974353,Battery-electric (fan),0.0
6243.879965653626,483.58974358974353,Battery-electric (fan),0.0
7305.271542664449,483.58974358974353,Battery-electric (fan),0.0
8547.08812559251,483.58974358974353,Battery-electric (fan),0.0
10000.0,483.58974358974353,Battery-electric (fan),0.0
10.0,491.79487179487177,Battery-electric (fan),0.0
11.69989106589066,491.79487179487177,Battery-electric (fan),0.0
13.688745095370805,491.79487179487177,Battery-electric (fan),0.0
16.015682644458355,491.79487179487177,Battery-electric (fan),0.0
18.73817422860384,491.79487179487177,Battery-electric (fan),0.0
21.923459724834466,491.79487179487177,Battery-electric (fan),0.0
25.650209056800456,491.79487179487177,Battery-electric (fan),0.0
30.010465178188735,491.79487179487177,Battery-electric (fan),0.0
35.11191734215131,491.79487179487177,Battery-electric (fan),0.0
41.08056080177274,491.79487179487177,Battery-electric (fan),0.0
48.06380863064389,491.79487179487177,Battery-electric (fan),0.0
56.23413251903491,491.79487179487177,Battery-electric (fan),0.0
65.79332246575679,491.79487179487177,Battery-electric (fan),0.0
76.9774705712371,491.79487179487177,Battery-electric (fan),0.0
90.06280202112787,491.79487179487177,Battery-electric (fan),0.0
105.37249727360725,491.79487179487177,Battery-electric (fan),0.0
123.28467394420659,491.79487179487177,Battery-electric (fan),0.0
144.24172552410664,491.79487179487177,Battery-electric (fan),0.0
168.7612475788147,491.79487179487177,Battery-electric (fan),0.0
197.44882128159367,491.79487179487177,Battery-electric (fan),0.0
231.0129700083158,491.79487179487177,Battery-electric (fan),0.0
270.28265839051625,491.79487179487177,Battery-electric (fan),0.0
316.22776601683796,491.79487179487177,Battery-electric (fan),0.0
369.9830414406966,491.79487179487177,Battery-electric (fan),0.0
432.8761281083057,491.79487179487177,Battery-electric (fan),0.0
506.4603543891704,491.79487179487177,Battery-electric (fan),0.0
592.5530975545674,491.79487179487177,Battery-electric (fan),0.0
693.2806692144524,491.79487179487177,Battery-electric (fan),0.0
811.1308307896873,491.79487179487177,Battery-electric (fan),0.0
949.0142360424725,491.79487179487177,Battery-electric (fan),0.0
1110.336318167638,491.79487179487177,Battery-electric (fan),0.0
1299.0813969063468,491.79487179487177,Battery-electric (fan),0.0
1519.9110829529332,491.79487179487177,Battery-electric (fan),0.0
1778.2794100389228,491.79487179487177,Battery-electric (fan),0.0
2080.5675382171694,491.79487179487177,Battery-electric (fan),0.0
2434.2413552369194,491.79487179487177,Battery-electric (fan),0.0
2848.035868435799,491.79487179487177,Battery-electric (fan),0.0
3332.1709412448167,491.79487179487177,Battery-electric (fan),0.0
3898.603702549072,491.79487179487177,Battery-electric (fan),0.0
4561.323862890211,491.79487179487177,Battery-electric (fan),0.0
5336.699231206308,491.79487179487177,Battery-electric (fan),0.0
6243.879965653626,491.79487179487177,Battery-electric (fan),0.0
7305.271542664449,491.79487179487177,Battery-electric (fan),0.0
8547.08812559251,491.79487179487177,Battery-electric (fan),0.0
10000.0,491.79487179487177,Battery-electric (fan),0.0
10.0,500.0,Battery-electric (fan),0.0
11.69989106589066,500.0,Battery-electric (fan),0.0
13.688745095370805,500.0,Battery-electric (fan),0.0
16.015682644458355,500.0,Battery-electric (fan),0.0
18.73817422860384,500.0,Battery-electric (fan),0.0
21.923459724834466,500.0,Battery-electric (fan),0.0
25.650209056800456,500.0,Battery-electric (fan),0.0
30.010465178188735,500.0,Battery-electric (fan),0.0
35.11191734215131,500.0,Battery-electric (fan),0.0
41.08056080177274,500.0,Battery-electric (fan),0.0
48.06380863064389,500.0,Battery-electric (fan),0.0
56.23413251903491,500.0,Battery-electric (fan),0.0
65.79332246575679,500.0,Battery-electric (fan),0.0
76.9774705712371,500.0,Battery-electric (fan),0.0
90.06280202112787,500.0,Battery-electric (fan),0.0
105.37249727360725,500.0,Battery-electric (fan),0.0
123.28467394420659,500.0,Battery-electric (fan),0.0
144.24172552410664,500.0,Battery-electric (fan),0.0
168.7612475788147,500.0,Battery-electric (fan),0.0
197.44882128159367,500.0,Battery-electric (fan),0.0
231.0129700083158,500.0,Battery-electric (fan),0.0
270.28265839051625,500.0,Battery-electric (fan),0.0
316.22776601683796,500.0,Battery-electric (fan),0.0
369.9830414406966,500.0,Battery-electric (fan),0.0
432.8761281083057,500.0,Battery-electric (fan),0.0
506.4603543891704,500.0,Battery-electric (fan),0.0
592.5530975545674,500.0,Battery-electric (fan),0.0
693.2806692144524,500.0,Battery-electric (fan),0.0
811.1308307896873,500.0,Battery-electric (fan),0.0
949.0142360424725,500.0,Battery-electric (fan),0.0
1110.336318167638,500.0,Battery-electric (fan),0.0
1299.0813969063468,500.0,Battery-electric (fan),0.0
1519.9110829529332,500.0,Battery-electric (fan),0.0
1778.2794100389228,500.0,Battery-electric (fan),0.0
2080.5675382171694,500.0,Battery-electric (fan),0.0
2434.2413552369194,500.0,Battery-electric (fan),0.0
2848.035868435799,500.0,Battery-electric (fan),0.0
3332.1709412448167,500.0,Battery-electric (fan),0.0
3898.603702549072,500.0,Battery-electric (fan),0.0
4561.323862890211,500.0,Battery-electric (fan),0.0
5336.699231206308,500.0,Battery-electric (fan),0.0
6243.879965653626,500.0,Battery-electric (fan),0.0
7305.271542664449,500.0,Battery-electric (fan),0.0
8547.08812559251,500.0,Battery-electric (fan),0.0
10000.0,500.0,Battery-electric (fan),0.0
10.0,180.0,Battery-electric (propeller),0.0
11.69989106589066,180.0,Battery-electric (propeller),0.0
13.688745095370805,180.0,Battery-electric (propeller),0.0
16.015682644458355,180.0,Battery-electric (propeller),0.0
18.73817422860384,180.0,Battery-electric (propeller),0.0
21.923459724834466,180.0,Battery-electric (propeller),0.0
25.650209056800456,180.0,Battery-electric (propeller),0.0
30.010465178188735,180.0,Battery-electric (propeller),0.0
35.11191734215131,180.0,Battery-electric (propeller),0.0
41.08056080177274,180.0,Battery-electric (propeller),0.0
48.06380863064389,180.0,Battery-electric (propeller),0.0
56.23413251903491,180.0,Battery-electric (propeller),0.0
65.79332246575679,180.0,Battery-electric (propeller),0.0
76.9774705712371,180.0,Battery-electric (propeller),0.0
90.06280202112787,180.0,Battery-electric (propeller),0.0
105.37249727360725,180.0,Battery-electric (propeller),0.0
123.28467394420659,180.0,Battery-electric (propeller),0.0
144.24172552410664,180.0,Battery-electric (propeller),0.0
168.7612475788147,180.0,Battery-electric (propeller),0.0
197.44882128159367,180.0,Battery-electric (propeller),0.0
231.0129700083158,180.0,Battery-electric (propeller),0.0
270.28265839051625,180.0,Battery-electric (propeller),0.0
316.22776601683796,180.0,Battery-electric (propeller),0.0
369.9830414406966,180.0,Battery-electric (propeller),0.0
432.8761281083057,180.0,Battery-electric (propeller),0.0
506.4603543891704,180.0,Battery-electric (propeller),0.0
592.5530975545674,180.0,Battery-electric (propeller),0.0
693.2806692144524,180.0,Battery-electric (propeller),0.0
811.1308307896873,180.0,Battery-electric (propeller),0.0
949.0142360424725,180.0,Battery-electric (propeller),0.0
1110.336318167638,180.0,Battery-electric (propeller),0.0
1299.0813969063468,180.0,Battery-electric (propeller),0.0
1519.9110829529332,180.0,Battery-electric (propeller),0.0
1778.2794100389228,180.0,Battery-electric (propeller),0.0
2080.5675382171694,180.0,Battery-electric (propeller),0.0
2434.2413552369194,180.0,Battery-electric (propeller),0.0
2848.035868435799,180.0,Battery-electric (propeller),0.0
3332.1709412448167,180.0,Battery-electric (propeller),0.0
3898.603702549072,180.0,Battery-electric (propeller),0.0
4561.323862890211,180.0,Battery-electric (propeller),0.0
5336.699231206308,180.0,Battery-electric (propeller),0.0
6243.879965653626,180.0,Battery-electric (propeller),0.0
7305.271542664449,180.0,Battery-electric (propeller),0.0
8547.08812559251,180.0,Battery-electric (propeller),0.0
10000.0,180.0,Battery-electric (propeller),0.0
10.0,188.2051282051282,Battery-electric (propeller),0.0
11.69989106589066,188.2051282051282,Battery-electric (propeller),0.0
13.688745095370805,188.2051282051282,Battery-electric (propeller),0.0
16.015682644458355,188.2051282051282,Battery-electric (propeller),0.0
18.73817422860384,188.2051282051282,Battery-electric (propeller),0.0
21.923459724834466,188.2051282051282,Battery-electric (propeller),0.0
25.650209056800456,188.2051282051282,Battery-electric (propeller),0.0
30.010465178188735,188.2051282051282,Battery-electric (propeller),0.0
35.11191734215131,188.2051282051282,Battery-electric (propeller),0.0
41.08056080177274,188.2051282051282,Battery-electric (propeller),0.0
48.06380863064389,188.2051282051282,Battery-electric (propeller),0.0
56.23413251903491,188.2051282051282,Battery-electric (propeller),0.0
65.79332246575679,188.2051282051282,Battery-electric (propeller),0.0
76.9774705712371,188.2051282051282,Battery-electric (propeller),0.0
90.06280202112787,188.2051282051282,Battery-electric (propeller),0.0
105.37249727360725,188.2051282051282,Battery-electric (propeller),0.0
123.28467394420659,188.2051282051282,Battery-electric (propeller),0.0
144.24172552410664,188.2051282051282,Battery-electric (propeller),0.0
168.7612475788147,188.2051282051282,Battery-electric (propeller),0.0
197.44882128159367,188.2051282051282,Battery-electric (propeller),0.0
231.0129700083158,188.2051282051282,Battery-electric (propeller),0.0
270.28265839051625,188.2051282051282,Battery-electric (propeller),0.0
316.22776601683796,188.2051282051282,Battery-electric (propeller),0.0
369.9830414406966,188.2051282051282,Battery-electric (propeller),0.0
432.8761281083057,188.2051282051282,Battery-electric (propeller),0.0
506.4603543891704,188.2051282051282,Battery-electric (propeller),0.0
592.5530975545674,188.2051282051282,Battery-electric (propeller),0.0
693.2806692144524,188.2051282051282,Battery-electric (propeller),0.0
811.1308307896873,188.2051282051282,Battery-electric (propeller),0.0
949.0142360424725,188.2051282051282,Battery-electric (propeller),0.0
1110.336318167638,188.2051282051282,Battery-electric (propeller),0.0
1299.0813969063468,188.2051282051282,Battery-electric (propeller),0.0
1519.9110829529332,188.2051282051282,Battery-electric (propeller),0.0
1778.2794100389228,188.2051282051282,Battery-electric (propeller),0.0
2080.5675382171694,188.2051282051282,Battery-electric (propeller),0.0
2434.2413552369194,188.2051282051282,Battery-electric (propeller),0.0
2848.035868435799,188.2051282051282,Battery-electric (propeller),0.0
3332.1709412448167,188.2051282051282,Battery-electric (propeller),0.0
3898.603702549072,188.2051282051282,Battery-electric (propeller),0.0
4561.323862890211,188.2051282051282,Battery-electric (propeller),0.0
5336.699231206308,188.2051282051282,Battery-electric (propeller),0.0
6243.879965653626,188.2051282051282,Battery-electric (propeller),0.0
7305.271542664449,188.2051282051282,Battery-electric (propeller),0.0
8547.08812559251,188.2051282051282,Battery-electric (propeller),0.0
10000.0,188.2051282051282,Battery-electric (propeller),0.0
10.0,196.4102564102564,Battery-electric (propeller),0.0
11.69989106589066,196.4102564102564,Battery-electric (propeller),0.0
13.688745095370805,196.4102564102564,Battery-electric (propeller),0.0
16.015682644458355,196.4102564102564,Battery-electric (propeller),0.0
18.73817422860384,196.4102564102564,Battery-electric (propeller),0.0
21.923459724834466,196.4102564102564,Battery-electric (propeller),0.0
25.650209056800456,196.4102564102564,Battery-electric (propeller),0.0
30.010465178188735,196.4102564102564,Battery-electric (propeller),0.0
35.11191734215131,196.4102564102564,Battery-electric (propeller),0.0
41.08056080177274,196.4102564102564,Battery-electric (propeller),0.0
48.06380863064389,196.4102564102564,Battery-electric (propeller),0.0
56.23413251903491,196.4102564102564,Battery-electric (propeller),0.0
65.79332246575679,196.4102564102564,Battery-electric (propeller),0.0
76.9774705712371,196.4102564102564,Battery-electric (propeller),0.0
90.06280202112787,196.4102564102564,Battery-electric (propeller),0.0
105.37249727360725,196.4102564102564,Battery-electric (propeller),0.0
123.28467394420659,196.4102564102564,Battery-electric (propeller),0.0
144.24172552410664,196.4102564102564,Battery-electric (propeller),0.0
168.7612475788147,196.4102564102564,Battery-electric (propeller),0.0
197.44882128159367,196.4102564102564,Battery-electric (propeller),0.0
231.0129700083158,196.4102564102564,Battery-electric (propeller),0.0
270.28265839051625,196.4102564102564,Battery-electric (propeller),0.0
316.22776601683796,196.4102564102564,Battery-electric (propeller),0.0
369.9830414406966,196.4102564102564,Battery-electric (propeller),0.0
432.8761281083057,196.4102564102564,Battery-electric (propeller),0.0
506.4603543891704,196.4102564102564,Battery-electric (propeller),0.0
592.5530975545674,196.4102564102564,Battery-electric (propeller),0.0
693.2806692144524,196.4102564102564,Battery-electric (propeller),0.0
811.1308307896873,196.4102564102564,Battery-electric (propeller),0.0
949.0142360424725,196.4102564102564,Battery-electric (propeller),0.0
1110.336318167638,196.4102564102564,Battery-electric (propeller),0.0
1299.0813969063468,196.4102564102564,Battery-electric (propeller),0.0
1519.9110829529332,196.4102564102564,Battery-electric (propeller),0.0
1778.2794100389228,196.4102564102564,Battery-electric (propeller),0.0
2080.5675382171694,196.4102564102564,Battery-electric (propeller),0.0
2434.2413552369194,196.4102564102564,Battery-electric (propeller),0.0
2848.035868435799,196.4102564102564,Battery-electric (propeller),0.0
3332.1709412448167,196.4102564102564,Battery-electric (propeller),0.0
3898.603702549072,196.4102564102564,Battery-electric (propeller),0.0
4561.323862890211,196.4102564102564,Battery-electric (propeller),0.0
5336.699231206308,196.4102564102564,Battery-electric (propeller),0.0
6243.879965653626,196.4102564102564,Battery-electric (propeller),0.0
7305.271542664449,196.4102564102564,Battery-electric (propeller),0.0
8547.08812559251,196.4102564102564,Battery-electric (propeller),0.0
10000.0,196.4102564102564,Battery-electric (propeller),0.0
10.0,204.6153846153846,Battery-electric (propeller),0.0
11.69989106589066,204.6153846153846,Battery-electric (propeller),0.0
13.688745095370805,204.6153846153846,Battery-electric (propeller),0.0
16.015682644458355,204.6153846153846,Battery-electric (propeller),0.0
18.73817422860384,204.6153846153846,Battery-electric (propeller),0.0
21.923459724834466,204.6153846153846,Battery-electric (propeller),0.0
25.650209056800456,204.6153846153846,Battery-electric (propeller),0.0
30.010465178188735,204.6153846153846,Battery-electric (propeller),0.0
35.11191734215131,204.6153846153846,Battery-electric (propeller),0.0
41.08056080177274,204.6153846153846,Battery-electric (propeller),0.0
48.06380863064389,204.6153846153846,Battery-electric (propeller),0.0
56.23413251903491,204.6153846153846,Battery-electric (propeller),0.0
65.79332246575679,204.6153846153846,Battery-electric (propeller),0.0
76.9774705712371,204.6153846153846,Battery-electric (propeller),0.0
90.06280202112787,204.6153846153846,Battery-electric (propeller),0.0
105.37249727360725,204.6153846153846,Battery-electric (propeller),0.0
123.28467394420659,204.6153846153846,Battery-electric (propeller),0.0
144.24172552410664,204.6153846153846,Battery-electric (propeller),0.0
168.7612475788147,204.6153846153846,Battery-electric (propeller),0.0
197.44882128159367,204.6153846153846,Battery-electric (propeller),0.0
231.0129700083158,204.6153846153846,Battery-electric (propeller),0.0
270.28265839051625,204.6153846153846,Battery-electric (propeller),0.0
316.22776601683796,204.6153846153846,Battery-electric (propeller),0.0
369.9830414406966,204.6153846153846,Battery-electric (propeller),0.0
432.8761281083057,204.6153846153846,Battery-electric (propeller),0.0
506.4603543891704,204.6153846153846,Battery-electric (propeller),0.0
592.5530975545674,204.6153846153846,Battery-electric (propeller),0.0
693.2806692144524,204.6153846153846,Battery-electric (propeller),0.0
811.1308307896873,204.6153846153846,Battery-electric (propeller),0.0
949.0142360424725,204.6153846153846,Battery-electric (propeller),0.0
1110.336318167638,204.6153846153846,Battery-electric (propeller),0.0
1299.0813969063468,204.6153846153846,Battery-electric (propeller),0.0
1519.9110829529332,204.6153846153846,Battery-electric (propeller),0.0
1778.2794100389228,204.6153846153846,Battery-electric (propeller),0.0
2080.5675382171694,204.6153846153846,Battery-electric (propeller),0.0
2434.2413552369194,204.6153846153846,Battery-electric (propeller),0.0
2848.035868435799,204.6153846153846,Battery-electric (propeller),0.0
3332.1709412448167,204.6153846153846,Battery-electric (propeller),0.0
3898.603702549072,204.6153846153846,Battery-electric (propeller),0.0
4561.323862890211,204.6153846153846,Battery-electric (propeller),0.0
5336.699231206308,204.6153846153846,Battery-electric (propeller),0.0
6243.879965653626,204.6153846153846,Battery-electric (propeller),0.0
7305.271542664449,204.6153846153846,Battery-electric (propeller),0.0
8547.08812559251,204.6153846153846,Battery-electric (propeller),0.0
10000.0,204.6153846153846,Battery-electric (propeller),0.0
10.0,212.82051282051282,Battery-electric (propeller),0.0
11.69989106589066,212.82051282051282,Battery-electric (propeller),0.0
13.688745095370805,212.82051282051282,Battery-electric (propeller),0.0
16.015682644458355,212.82051282051282,Battery-electric (propeller),0.0
18.73817422860384,212.82051282051282,Battery-electric (propeller),0.0
21.923459724834466,212.82051282051282,Battery-electric (propeller),0.0
25.650209056800456,212.82051282051282,Battery-electric (propeller),0.0
30.010465178188735,212.82051282051282,Battery-electric (propeller),0.0
35.11191734215131,212.82051282051282,Battery-electric (propeller),0.0
41.08056080177274,212.82051282051282,Battery-electric (propeller),0.0
48.06380863064389,212.82051282051282,Battery-electric (propeller),0.0
56.23413251903491,212.82051282051282,Battery-electric (propeller),0.0
65.79332246575679,212.82051282051282,Battery-electric (propeller),0.0
76.9774705712371,212.82051282051282,Battery-electric (propeller),0.0
90.06280202112787,212.82051282051282,Battery-electric (propeller),0.0
105.37249727360725,212.82051282051282,Battery-electric (propeller),0.0
123.28467394420659,212.82051282051282,Battery-electric (propeller),0.0
144.24172552410664,212.82051282051282,Battery-electric (propeller),0.0
168.7612475788147,212.82051282051282,Battery-electric (propeller),0.0
197.44882128159367,212.82051282051282,Battery-electric (propeller),0.0
231.0129700083158,212.82051282051282,Battery-electric (propeller),0.0
270.28265839051625,212.82051282051282,Battery-electric (propeller),0.0
316.22776601683796,212.82051282051282,Battery-electric (propeller),0.0
369.9830414406966,212.82051282051282,Battery-electric (propeller),0.0
432.8761281083057,212.82051282051282,Battery-electric (propeller),0.0
506.4603543891704,212.82051282051282,Battery-electric (propeller),0.0
592.5530975545674,212.82051282051282,Battery-electric (propeller),0.0
693.2806692144524,212.82051282051282,Battery-electric (propeller),0.0
811.1308307896873,212.82051282051282,Battery-electric (propeller),0.0
949.0142360424725,212.82051282051282,Battery-electric (propeller),0.0
1110.336318167638,212.82051282051282,Battery-electric (propeller),0.0
1299.0813969063468,212.82051282051282,Battery-electric (propeller),0.0
1519.9110829529332,212.82051282051282,Battery-electric (propeller),0.0
1778.2794100389228,212.82051282051282,Battery-electric (propeller),0.0
2080.5675382171694,212.82051282051282,Battery-electric (propeller),0.0
2434.2413552369194,212.82051282051282,Battery-electric (propeller),0.0
2848.035868435799,212.82051282051282,Battery-electric (propeller),0.0
3332.1709412448167,212.82051282051282,Battery-electric (propeller),0.0
3898.603702549072,212.82051282051282,Battery-electric (propeller),0.0
4561.323862890211,212.82051282051282,Battery-electric (propeller),0.0
5336.699231206308,212.82051282051282,Battery-electric (propeller),0.0
6243.879965653626,212.82051282051282,Battery-electric (propeller),0.0
7305.271542664449,212.82051282051282,Battery-electric (propeller),0.0
8547.08812559251,212.82051282051282,Battery-electric (propeller),0.0
10000.0,212.82051282051282,Battery-electric (propeller),0.0
10.0,221.02564102564102,Battery-electric (propeller),0.0
11.69989106589066,221.02564102564102,Battery-electric (propeller),0.0
13.688745095370805,221.02564102564102,Battery-electric (propeller),0.0
16.015682644458355,221.02564102564102,Battery-electric (propeller),0.0
18.73817422860384,221.02564102564102,Battery-electric (propeller),0.0
21.923459724834466,221.02564102564102,Battery-electric (propeller),0.0
25.650209056800456,221.02564102564102,Battery-electric (propeller),0.0
30.010465178188735,221.02564102564102,Battery-electric (propeller),0.0
35.11191734215131,221.02564102564102,Battery-electric (propeller),0.0
41.08056080177274,221.02564102564102,Battery-electric (propeller),0.0
48.06380863064389,221.02564102564102,Battery-electric (propeller),0.0
56.23413251903491,221.02564102564102,Battery-electric (propeller),0.0
65.79332246575679,221.02564102564102,Battery-electric (propeller),0.0
76.9774705712371,221.02564102564102,Battery-electric (propeller),0.0
90.06280202112787,221.02564102564102,Battery-electric (propeller),0.0
105.37249727360725,221.02564102564102,Battery-electric (propeller),0.0
123.28467394420659,221.02564102564102,Battery-electric (propeller),0.0
144.24172552410664,221.02564102564102,Battery-electric (propeller),0.0
168.7612475788147,221.02564102564102,Battery-electric (propeller),0.0
197.44882128159367,221.02564102564102,Battery-electric (propeller),0.0
231.0129700083158,221.02564102564102,Battery-electric (propeller),0.0
270.28265839051625,221.02564102564102,Battery-electric (propeller),0.0
316.22776601683796,221.02564102564102,Battery-electric (propeller),0.0
369.9830414406966,221.02564102564102,Battery-electric (propeller),0.0
432.8761281083057,221.02564102564102,Battery-electric (propeller),0.0
506.4603543891704,221.02564102564102,Battery-electric (propeller),0.0
592.5530975545674,221.02564102564102,Battery-electric (propeller),0.0
693.2806692144524,221.02564102564102,Battery-electric (propeller),0.0
811.1308307896873,221.02564102564102,Battery-electric (propeller),0.0
949.0142360424725,221.02564102564102,Battery-electric (propeller),0.0
1110.336318167638,221.02564102564102,Battery-electric (propeller),0.0
1299.0813969063468,221.02564102564102,Battery-electric (propeller),0.0
1519.9110829529332,221.02564102564102,Battery-electric (propeller),0.0
1778.2794100389228,221.02564102564102,Battery-electric (propeller),0.0
2080.5675382171694,221.02564102564102,Battery-electric (propeller),0.0
2434.2413552369194,221.02564102564102,Battery-electric (propeller),0.0
2848.035868435799,221.02564102564102,Battery-electric (propeller),0.0
3332.1709412448167,221.02564102564102,Battery-electric (propeller),0.0
3898.603702549072,221.02564102564102,Battery-electric (propeller),0.0
4561.323862890211,221.02564102564102,Battery-electric (propeller),0.0
5336.699231206308,221.02564102564102,Battery-electric (propeller),0.0
6243.879965653626,221.02564102564102,Battery-electric (propeller),0.0
7305.271542664449,221.02564102564102,Battery-electric (propeller),0.0
8547.08812559251,221.02564102564102,Battery-electric (propeller),0.0
10000.0,221.02564102564102,Battery-electric (propeller),0.0
10.0,229.23076923076923,Battery-electric (propeller),0.0
11.69989106589066,229.23076923076923,Battery-electric (propeller),0.0
13.688745095370805,229.23076923076923,Battery-electric (propeller),0.0
16.015682644458355,229.23076923076923,Battery-electric (propeller),0.0
18.73817422860384,229.23076923076923,Battery-electric (propeller),0.0
21.923459724834466,229.23076923076923,Battery-electric (propeller),0.0
25.650209056800456,229.23076923076923,Battery-electric (propeller),0.0
30.010465178188735,229.23076923076923,Battery-electric (propeller),0.0
35.11191734215131,229.23076923076923,Battery-electric (propeller),0.0
41.08056080177274,229.23076923076923,Battery-electric (propeller),0.0
48.06380863064389,229.23076923076923,Battery-electric (propeller),0.0
56.23413251903491,229.23076923076923,Battery-electric (propeller),0.0
65.79332246575679,229.23076923076923,Battery-electric (propeller),0.0
76.9774705712371,229.23076923076923,Battery-electric (propeller),0.0
90.06280202112787,229.23076923076923,Battery-electric (propeller),0.0
105.37249727360725,229.23076923076923,Battery-electric (propeller),0.0
123.28467394420659,229.23076923076923,Battery-electric (propeller),0.0
144.24172552410664,229.23076923076923,Battery-electric (propeller),0.0
168.7612475788147,229.23076923076923,Battery-electric (propeller),0.0
197.44882128159367,229.23076923076923,Battery-electric (propeller),0.0
231.0129700083158,229.23076923076923,Battery-electric (propeller),0.0
270.28265839051625,229.23076923076923,Battery-electric (propeller),0.0
316.22776601683796,229.23076923076923,Battery-electric (propeller),0.0
369.9830414406966,229.23076923076923,Battery-electric (propeller),0.0
432.8761281083057,229.23076923076923,Battery-electric (propeller),0.0
506.4603543891704,229.23076923076923,Battery-electric (propeller),0.0
592.5530975545674,229.23076923076923,Battery-electric (propeller),0.0
693.2806692144524,229.23076923076923,Battery-electric (propeller),0.0
811.1308307896873,229.23076923076923,Battery-electric (propeller),0.0
949.0142360424725,229.23076923076923,Battery-electric (propeller),0.0
1110.336318167638,229.23076923076923,Battery-electric (propeller),0.0
1299.0813969063468,229.23076923076923,Battery-electric (propeller),0.0
1519.9110829529332,229.23076923076923,Battery-electric (propeller),0.0
1778.2794100389228,229.23076923076923,Battery-electric (propeller),0.0
2080.5675382171694,229.23076923076923,Battery-electric (propeller),0.0
2434.2413552369194,229.23076923076923,Battery-electric (propeller),0.0
2848.035868435799,229.23076923076923,Battery-electric (propeller),0.0
3332.1709412448167,229.23076923076923,Battery-electric (propeller),0.0
3898.603702549072,229.23076923076923,Battery-electric (propeller),0.0
4561.323862890211,229.23076923076923,Battery-electric (propeller),0.0
5336.699231206308,229.23076923076923,Battery-electric (propeller),0.0
6243.879965653626,229.23076923076923,Battery-electric (propeller),0.0
7305.271542664449,229.23076923076923,Battery-electric (propeller),0.0
8547.08812559251,229.23076923076923,Battery-electric (propeller),0.0
10000.0,229.23076923076923,Battery-electric (propeller),0.0
10.0,237.43589743589743,Battery-electric (propeller),0.0
11.69989106589066,237.43589743589743,Battery-electric (propeller),0.0
13.688745095370805,237.43589743589743,Battery-electric (propeller),0.0
16.015682644458355,237.43589743589743,Battery-electric (propeller),0.0
18.73817422860384,237.43589743589743,Battery-electric (propeller),0.0
21.923459724834466,237.43589743589743,Battery-electric (propeller),0.0
25.650209056800456,237.43589743589743,Battery-electric (propeller),0.0
30.010465178188735,237.43589743589743,Battery-electric (propeller),0.0
35.11191734215131,237.43589743589743,Battery-electric (propeller),0.0
41.08056080177274,237.43589743589743,Battery-electric (propeller),0.0
48.06380863064389,237.43589743589743,Battery-electric (propeller),0.0
56.23413251903491,237.43589743589743,Battery-electric (propeller),0.0
65.79332246575679,237.43589743589743,Battery-electric (propeller),0.0
76.9774705712371,237.43589743589743,Battery-electric (propeller),0.0
90.06280202112787,237.43589743589743,Battery-electric (propeller),0.0
105.37249727360725,237.43589743589743,Battery-electric (propeller),0.0
123.28467394420659,237.43589743589743,Battery-electric (propeller),0.0
144.24172552410664,237.43589743589743,Battery-electric (propeller),0.0
168.7612475788147,237.43589743589743,Battery-electric (propeller),0.0
197.44882128159367,237.43589743589743,Battery-electric (propeller),0.0
231.0129700083158,237.43589743589743,Battery-electric (propeller),0.0
270.28265839051625,237.43589743589743,Battery-electric (propeller),0.0
316.22776601683796,237.43589743589743,Battery-electric (propeller),0.0
369.9830414406966,237.43589743589743,Battery-electric (propeller),0.0
432.8761281083057,237.43589743589743,Battery-electric (propeller),0.0
506.4603543891704,237.43589743589743,Battery-electric (propeller),0.0
592.5530975545674,237.43589743589743,Battery-electric (propeller),0.0
693.2806692144524,237.43589743589743,Battery-electric (propeller),0.0
811.1308307896873,237.43589743589743,Battery-electric (propeller),0.0
949.0142360424725,237.43589743589743,Battery-electric (propeller),0.0
1110.336318167638,237.43589743589743,Battery-electric (propeller),0.0
1299.0813969063468,237.43589743589743,Battery-electric (propeller),0.0
1519.9110829529332,237.43589743589743,Battery-electric (propeller),0.0
1778.2794100389228,237.43589743589743,Battery-electric (propeller),0.0
2080.5675382171694,237.43589743589743,Battery-electric (propeller),0.0
2434.2413552369194,237.43589743589743,Battery-electric (propeller),0.0
2848.035868435799,237.43589743589743,Battery-electric (propeller),0.0
3332.1709412448167,237.43589743589743,Battery-electric (propeller),0.0
3898.603702549072,237.43589743589743,Battery-electric (propeller),0.0
4561.323862890211,237.43589743589743,Battery-electric (propeller),0.0
5336.699231206308,237.43589743589743,Battery-electric (propeller),0.0
6243.879965653626,237.43589743589743,Battery-electric (propeller),0.0
7305.271542664449,237.43589743589743,Battery-electric (propeller),0.0
8547.08812559251,237.43589743589743,Battery-electric (propeller),0.0
10000.0,237.43589743589743,Battery-electric (propeller),0.0
10.0,245.64102564102564,Battery-electric (propeller),0.0
11.69989106589066,245.64102564102564,Battery-electric (propeller),0.0
13.688745095370805,245.64102564102564,Battery-electric (propeller),0.0
16.015682644458355,245.64102564102564,Battery-electric (propeller),0.0
18.73817422860384,245.64102564102564,Battery-electric (propeller),0.0
21.923459724834466,245.64102564102564,Battery-electric (propeller),0.0
25.650209056800456,245.64102564102564,Battery-electric (propeller),0.0
30.010465178188735,245.64102564102564,Battery-electric (propeller),0.0
35.11191734215131,245.64102564102564,Battery-electric (propeller),0.0
41.08056080177274,245.64102564102564,Battery-electric (propeller),0.0
48.06380863064389,245.64102564102564,Battery-electric (propeller),0.0
56.23413251903491,245.64102564102564,Battery-electric (propeller),0.0
65.79332246575679,245.64102564102564,Battery-electric (propeller),0.0
76.9774705712371,245.64102564102564,Battery-electric (propeller),0.0
90.06280202112787,245.64102564102564,Battery-electric (propeller),0.0
105.37249727360725,245.64102564102564,Battery-electric (propeller),0.0
123.28467394420659,245.64102564102564,Battery-electric (propeller),0.0
144.24172552410664,245.64102564102564,Battery-electric (propeller),0.0
168.7612475788147,245.64102564102564,Battery-electric (propeller),0.0
197.44882128159367,245.64102564102564,Battery-electric (propeller),0.0
231.0129700083158,245.64102564102564,Battery-electric (propeller),0.0
270.28265839051625,245.64102564102564,Battery-electric (propeller),0.0
316.22776601683796,245.64102564102564,Battery-electric (propeller),0.0
369.9830414406966,245.64102564102564,Battery-electric (propeller),0.0
432.8761281083057,245.64102564102564,Battery-electric (propeller),0.0
506.4603543891704,245.64102564102564,Battery-electric (propeller),0.0
592.5530975545674,245.64102564102564,Battery-electric (propeller),0.0
693.2806692144524,245.64102564102564,Battery-electric (propeller),0.0
811.1308307896873,245.64102564102564,Battery-electric (propeller),0.0
949.0142360424725,245.64102564102564,Battery-electric (propeller),0.0
1110.336318167638,245.64102564102564,Battery-electric (propeller),0.0
1299.0813969063468,245.64102564102564,Battery-electric (propeller),0.0
1519.9110829529332,245.64102564102564,Battery-electric (propeller),0.0
1778.2794100389228,245.64102564102564,Battery-electric (propeller),0.0
2080.5675382171694,245.64102564102564,Battery-electric (propeller),0.0
2434.2413552369194,245.64102564102564,Battery-electric (propeller),0.0
2848.035868435799,245.64102564102564,Battery-electric (propeller),0.0
3332.1709412448167,245.64102564102564,Battery-electric (propeller),0.0
3898.603702549072,245.64102564102564,Battery-electric (propeller),0.0
4561.323862890211,245.64102564102564,Battery-electric (propeller),0.0
5336.699231206308,245.64102564102564,Battery-electric (propeller),0.0
6243.879965653626,245.64102564102564,Battery-electric (propeller),0.0
7305.271542664449,245.64102564102564,Battery-electric (propeller),0.0
8547.08812559251,245.64102564102564,Battery-electric (propeller),0.0
10000.0,245.64102564102564,Battery-electric (propeller),0.0
10.0,253.84615384615384,Battery-electric (propeller),0.0
11.69989106589066,253.84615384615384,Battery-electric (propeller),0.0
13.688745095370805,253.84615384615384,Battery-electric (propeller),0.0
16.015682644458355,253.84615384615384,Battery-electric (propeller),0.0
18.73817422860384,253.84615384615384,Battery-electric (propeller),0.0
21.923459724834466,253.84615384615384,Battery-electric (propeller),0.0
25.650209056800456,253.84615384615384,Battery-electric (propeller),0.0
30.010465178188735,253.84615384615384,Battery-electric (propeller),0.0
35.11191734215131,253.84615384615384,Battery-electric (propeller),0.0
41.08056080177274,253.84615384615384,Battery-electric (propeller),0.0
48.06380863064389,253.84615384615384,Battery-electric (propeller),0.0
56.23413251903491,253.84615384615384,Battery-electric (propeller),0.0
65.79332246575679,253.84615384615384,Battery-electric (propeller),0.0
76.9774705712371,253.84615384615384,Battery-electric (propeller),0.0
90.06280202112787,253.84615384615384,Battery-electric (propeller),0.0
105.37249727360725,253.84615384615384,Battery-electric (propeller),0.0
123.28467394420659,253.84615384615384,Battery-electric (propeller),0.0
144.24172552410664,253.84615384615384,Battery-electric (propeller),0.0
168.7612475788147,253.84615384615384,Battery-electric (propeller),0.0
197.44882128159367,253.84615384615384,Battery-electric (propeller),0.0
231.0129700083158,253.84615384615384,Battery-electric (propeller),0.0
270.28265839051625,253.84615384615384,Battery-electric (propeller),0.0
316.22776601683796,253.84615384615384,Battery-electric (propeller),0.0
369.9830414406966,253.84615384615384,Battery-electric (propeller),0.0
432.8761281083057,253.84615384615384,Battery-electric (propeller),0.0
506.4603543891704,253.84615384615384,Battery-electric (propeller),0.0
592.5530975545674,253.84615384615384,Battery-electric (propeller),0.0
693.2806692144524,253.84615384615384,Battery-electric (propeller),0.0
811.1308307896873,253.84615384615384,Battery-electric (propeller),0.0
949.0142360424725,253.84615384615384,Battery-electric (propeller),0.0
1110.336318167638,253.84615384615384,Battery-electric (propeller),0.0
1299.0813969063468,253.84615384615384,Battery-electric (propeller),0.0
1519.9110829529332,253.84615384615384,Battery-electric (propeller),0.0
1778.2794100389228,253.84615384615384,Battery-electric (propeller),0.0
2080.5675382171694,253.84615384615384,Battery-electric (propeller),0.0
2434.2413552369194,253.84615384615384,Battery-electric (propeller),0.0
2848.035868435799,253.84615384615384,Battery-electric (propeller),0.0
3332.1709412448167,253.84615384615384,Battery-electric (propeller),0.0
3898.603702549072,253.84615384615384,Battery-electric (propeller),0.0
4561.323862890211,253.84615384615384,Battery-electric (propeller),0.0
5336.699231206308,253.84615384615384,Battery-electric (propeller),0.0
6243.879965653626,253.84615384615384,Battery-electric (propeller),0.0
7305.271542664449,253.84615384615384,Battery-electric (propeller),0.0
8547.08812559251,253.84615384615384,Battery-electric (propeller),0.0
10000.0,253.84615384615384,Battery-electric (propeller),0.0
10.0,262.05128205128204,Battery-electric (propeller),0.0
11.69989106589066,262.05128205128204,Battery-electric (propeller),0.0
13.688745095370805,262.05128205128204,Battery-electric (propeller),0.0
16.015682644458355,262.05128205128204,Battery-electric (propeller),0.0
18.73817422860384,262.05128205128204,Battery-electric (propeller),0.0
21.923459724834466,262.05128205128204,Battery-electric (propeller),0.0
25.650209056800456,262.05128205128204,Battery-electric (propeller),0.0
30.010465178188735,262.05128205128204,Battery-electric (propeller),0.0
35.11191734215131,262.05128205128204,Battery-electric (propeller),0.0
41.08056080177274,262.05128205128204,Battery-electric (propeller),0.0
48.06380863064389,262.05128205128204,Battery-electric (propeller),0.0
56.23413251903491,262.05128205128204,Battery-electric (propeller),0.0
65.79332246575679,262.05128205128204,Battery-electric (propeller),0.0
76.9774705712371,262.05128205128204,Battery-electric (propeller),0.0
90.06280202112787,262.05128205128204,Battery-electric (propeller),0.0
105.37249727360725,262.05128205128204,Battery-electric (propeller),0.0
123.28467394420659,262.05128205128204,Battery-electric (propeller),0.0
144.24172552410664,262.05128205128204,Battery-electric (propeller),0.0
168.7612475788147,262.05128205128204,Battery-electric (propeller),0.0
197.44882128159367,262.05128205128204,Battery-electric (propeller),0.0
231.0129700083158,262.05128205128204,Battery-electric (propeller),0.0
270.28265839051625,262.05128205128204,Battery-electric (propeller),0.0
316.22776601683796,262.05128205128204,Battery-electric (propeller),0.0
369.9830414406966,262.05128205128204,Battery-electric (propeller),0.0
432.8761281083057,262.05128205128204,Battery-electric (propeller),0.0
506.4603543891704,262.05128205128204,Battery-electric (propeller),0.0
592.5530975545674,262.05128205128204,Battery-electric (propeller),0.0
693.2806692144524,262.05128205128204,Battery-electric (propeller),0.0
811.1308307896873,262.05128205128204,Battery-electric (propeller),0.0
949.0142360424725,262.05128205128204,Battery-electric (propeller),0.0
1110.336318167638,262.05128205128204,Battery-electric (propeller),0.0
1299.0813969063468,262.05128205128204,Battery-electric (propeller),0.0
1519.9110829529332,262.05128205128204,Battery-electric (propeller),0.0
1778.2794100389228,262.05128205128204,Battery-electric (propeller),0.0
2080.5675382171694,262.05128205128204,Battery-electric (propeller),0.0
2434.2413552369194,262.05128205128204,Battery-electric (propeller),0.0
2848.035868435799,262.05128205128204,Battery-electric (propeller),0.0
3332.1709412448167,262.05128205128204,Battery-electric (propeller),0.0
3898.603702549072,262.05128205128204,Battery-electric (propeller),0.0
4561.323862890211,262.05128205128204,Battery-electric (propeller),0.0
5336.699231206308,262.05128205128204,Battery-electric (propeller),0.0
6243.879965653626,262.05128205128204,Battery-electric (propeller),0.0
7305.271542664449,262.05128205128204,Battery-electric (propeller),0.0
8547.08812559251,262.05128205128204,Battery-electric (propeller),0.0
10000.0,262.05128205128204,Battery-electric (propeller),0.0
10.0,270.2564102564103,Battery-electric (propeller),0.0
11.69989106589066,270.2564102564103,Battery-electric (propeller),0.0
13.688745095370805,270.2564102564103,Battery-electric (propeller),0.0
16.015682644458355,270.2564102564103,Battery-electric (propeller),0.0
18.73817422860384,270.2564102564103,Battery-electric (propeller),0.0
21.923459724834466,270.2564102564103,Battery-electric (propeller),0.0
25.650209056800456,270.2564102564103,Battery-electric (propeller),0.0
30.010465178188735,270.2564102564103,Battery-electric (propeller),0.0
35.11191734215131,270.2564102564103,Battery-electric (propeller),0.0
41.08056080177274,270.2564102564103,Battery-electric (propeller),0.0
48.06380863064389,270.2564102564103,Battery-electric (propeller),0.0
56.23413251903491,270.2564102564103,Battery-electric (propeller),0.0
65.79332246575679,270.2564102564103,Battery-electric (propeller),0.0
76.9774705712371,270.2564102564103,Battery-electric (propeller),0.0
90.06280202112787,270.2564102564103,Battery-electric (propeller),0.0
105.37249727360725,270.2564102564103,Battery-electric (propeller),0.0
123.28467394420659,270.2564102564103,Battery-electric (propeller),0.0
144.24172552410664,270.2564102564103,Battery-electric (propeller),0.0
168.7612475788147,270.2564102564103,Battery-electric (propeller),0.0
197.44882128159367,270.2564102564103,Battery-electric (propeller),0.0
231.0129700083158,270.2564102564103,Battery-electric (propeller),0.0
270.28265839051625,270.2564102564103,Battery-electric (propeller),0.0
316.22776601683796,270.2564102564103,Battery-electric (propeller),0.0
369.9830414406966,270.2564102564103,Battery-electric (propeller),0.0
432.8761281083057,270.2564102564103,Battery-electric (propeller),0.0
506.4603543891704,270.2564102564103,Battery-electric (propeller),0.0
592.5530975545674,270.2564102564103,Battery-electric (propeller),0.0
693.2806692144524,270.2564102564103,Battery-electric (propeller),0.0
811.1308307896873,270.2564102564103,Battery-electric (propeller),0.0
949.0142360424725,270.2564102564103,Battery-electric (propeller),0.0
1110.336318167638,270.2564102564103,Battery-electric (propeller),0.0
1299.0813969063468,270.2564102564103,Battery-electric (propeller),0.0
1519.9110829529332,270.2564102564103,Battery-electric (propeller),0.0
1778.2794100389228,270.2564102564103,Battery-electric (propeller),0.0
2080.5675382171694,270.2564102564103,Battery-electric (propeller),0.0
2434.2413552369194,270.2564102564103,Battery-electric (propeller),0.0
2848.035868435799,270.2564102564103,Battery-electric (propeller),0.0
3332.1709412448167,270.2564102564103,Battery-electric (propeller),0.0
3898.603702549072,270.2564102564103,Battery-electric (propeller),0.0
4561.323862890211,270.2564102564103,Battery-electric (propeller),0.0
5336.699231206308,270.2564102564103,Battery-electric (propeller),0.0
6243.879965653626,270.2564102564103,Battery-electric (propeller),0.0
7305.271542664449,270.2564102564103,Battery-electric (propeller),0.0
8547.08812559251,270.2564102564103,Battery-electric (propeller),0.0
10000.0,270.2564102564103,Battery-electric (propeller),0.0
10.0,278.46153846153845,Battery-electric (propeller),0.0
11.69989106589066,278.46153846153845,Battery-electric (propeller),0.0
13.688745095370805,278.46153846153845,Battery-electric (propeller),0.0
16.015682644458355,278.46153846153845,Battery-electric (propeller),0.0
18.73817422860384,278.46153846153845,Battery-electric (propeller),0.0
21.923459724834466,278.46153846153845,Battery-electric (propeller),0.0
25.650209056800456,278.46153846153845,Battery-electric (propeller),0.0
30.010465178188735,278.46153846153845,Battery-electric (propeller),0.0
35.11191734215131,278.46153846153845,Battery-electric (propeller),0.0
41.08056080177274,278.46153846153845,Battery-electric (propeller),0.0
48.06380863064389,278.46153846153845,Battery-electric (propeller),0.0
56.23413251903491,278.46153846153845,Battery-electric (propeller),0.0
65.79332246575679,278.46153846153845,Battery-electric (propeller),0.0
76.9774705712371,278.46153846153845,Battery-electric (propeller),0.0
90.06280202112787,278.46153846153845,Battery-electric (propeller),0.0
105.37249727360725,278.46153846153845,Battery-electric (propeller),0.0
123.28467394420659,278.46153846153845,Battery-electric (propeller),0.0
144.24172552410664,278.46153846153845,Battery-electric (propeller),0.0
168.7612475788147,278.46153846153845,Battery-electric (propeller),0.0
197.44882128159367,278.46153846153845,Battery-electric (propeller),0.0
231.0129700083158,278.46153846153845,Battery-electric (propeller),0.0
270.28265839051625,278.46153846153845,Battery-electric (propeller),0.0
316.22776601683796,278.46153846153845,Battery-electric (propeller),0.0
369.9830414406966,278.46153846153845,Battery-electric (propeller),0.0
432.8761281083057,278.46153846153845,Battery-electric (propeller),0.0
506.4603543891704,278.46153846153845,Battery-electric (propeller),0.0
592.5530975545674,278.46153846153845,Battery-electric (propeller),0.0
693.2806692144524,278.46153846153845,Battery-electric (propeller),0.0
811.1308307896873,278.46153846153845,Battery-electric (propeller),0.0
949.0142360424725,278.46153846153845,Battery-electric (propeller),0.0
1110.336318167638,278.46153846153845,Battery-electric (propeller),0.0
1299.0813969063468,278.46153846153845,Battery-electric (propeller),0.0
1519.9110829529332,278.46153846153845,Battery-electric (propeller),0.0
1778.2794100389228,278.46153846153845,Battery-electric (propeller),0.0
2080.5675382171694,278.46153846153845,Battery-electric (propeller),0.0
2434.2413552369194,278.46153846153845,Battery-electric (propeller),0.0
2848.035868435799,278.46153846153845,Battery-electric (propeller),0.0
3332.1709412448167,278.46153846153845,Battery-electric (propeller),0.0
3898.603702549072,278.46153846153845,Battery-electric (propeller),0.0
4561.323862890211,278.46153846153845,Battery-electric (propeller),0.0
5336.699231206308,278.46153846153845,Battery-electric (propeller),0.0
6243.879965653626,278.46153846153845,Battery-electric (propeller),0.0
7305.271542664449,278.46153846153845,Battery-electric (propeller),0.0
8547.08812559251,278.46153846153845,Battery-electric (propeller),0.0
10000.0,278.46153846153845,Battery-electric (propeller),0.0
10.0,286.66666666666663,Battery-electric (propeller),0.0
11.69989106589066,286.66666666666663,Battery-electric (propeller),0.0
13.688745095370805,286.66666666666663,Battery-electric (propeller),0.0
16.015682644458355,286.66666666666663,Battery-electric (propeller),0.0
18.73817422860384,286.66666666666663,Battery-electric (propeller),0.0
21.923459724834466,286.66666666666663,Battery-electric (propeller),0.0
25.650209056800456,286.66666666666663,Battery-electric (propeller),0.0
30.010465178188735,286.66666666666663,Battery-electric (propeller),0.0
35.11191734215131,286.66666666666663,Battery-electric (propeller),0.0
41.08056080177274,286.66666666666663,Battery-electric (propeller),0.0
48.06380863064389,286.66666666666663,Battery-electric (propeller),0.0
56.23413251903491,286.66666666666663,Battery-electric (propeller),0.0
65.79332246575679,286.66666666666663,Battery-electric (propeller),0.0
76.9774705712371,286.66666666666663,Battery-electric (propeller),0.0
90.06280202112787,286.66666666666663,Battery-electric (propeller),0.0
105.37249727360725,286.66666666666663,Battery-electric (propeller),0.0
123.28467394420659,286.66666666666663,Battery-electric (propeller),0.0
144.24172552410664,286.66666666666663,Battery-electric (propeller),0.0
168.7612475788147,286.66666666666663,Battery-electric (propeller),0.0
197.44882128159367,286.66666666666663,Battery-electric (propeller),0.0
231.0129700083158,286.66666666666663,Battery-electric (propeller),0.0
270.28265839051625,286.66666666666663,Battery-electric (propeller),0.0
316.22776601683796,286.66666666666663,Battery-electric (propeller),0.0
369.9830414406966,286.66666666666663,Battery-electric (propeller),0.0
432.8761281083057,286.66666666666663,Battery-electric (propeller),0.0
506.4603543891704,286.66666666666663,Battery-electric (propeller),0.0
592.5530975545674,286.66666666666663,Battery-electric (propeller),0.0
693.2806692144524,286.66666666666663,Battery-electric (propeller),0.0
811.1308307896873,286.66666666666663,Battery-electric (propeller),0.0
949.0142360424725,286.66666666666663,Battery-electric (propeller),0.0
1110.336318167638,286.66666666666663,Battery-electric (propeller),0.0
1299.0813969063468,286.66666666666663,Battery-electric (propeller),0.0
1519.9110829529332,286.66666666666663,Battery-electric (propeller),0.0
1778.2794100389228,286.66666666666663,Battery-electric (propeller),0.0
2080.5675382171694,286.66666666666663,Battery-electric (propeller),0.0
2434.2413552369194,286.66666666666663,Battery-electric (propeller),0.0
2848.035868435799,286.66666666666663,Battery-electric (propeller),0.0
3332.1709412448167,286.66666666666663,Battery-electric (propeller),0.0
3898.603702549072,286.66666666666663,Battery-electric (propeller),0.0
4561.323862890211,286.66666666666663,Battery-electric (propeller),0.0
5336.699231206308,286.66666666666663,Battery-electric (propeller),0.0
6243.879965653626,286.66666666666663,Battery-electric (propeller),0.0
7305.271542664449,286.66666666666663,Battery-electric (propeller),0.0
8547.08812559251,286.66666666666663,Battery-electric (propeller),0.0
10000.0,286.66666666666663,Battery-electric (propeller),0.0
10.0,294.87179487179486,Battery-electric (propeller),0.0
11.69989106589066,294.87179487179486,Battery-electric (propeller),0.0
13.688745095370805,294.87179487179486,Battery-electric (propeller),0.0
16.015682644458355,294.87179487179486,Battery-electric (propeller),0.0
18.73817422860384,294.87179487179486,Battery-electric (propeller),0.0
21.923459724834466,294.87179487179486,Battery-electric (propeller),0.0
25.650209056800456,294.87179487179486,Battery-electric (propeller),0.0
30.010465178188735,294.87179487179486,Battery-electric (propeller),0.0
35.11191734215131,294.87179487179486,Battery-electric (propeller),0.0
41.08056080177274,294.87179487179486,Battery-electric (propeller),0.0
48.06380863064389,294.87179487179486,Battery-electric (propeller),0.0
56.23413251903491,294.87179487179486,Battery-electric (propeller),0.0
65.79332246575679,294.87179487179486,Battery-electric (propeller),0.0
76.9774705712371,294.87179487179486,Battery-electric (propeller),0.0
90.06280202112787,294.87179487179486,Battery-electric (propeller),0.0
105.37249727360725,294.87179487179486,Battery-electric (propeller),0.0
123.28467394420659,294.87179487179486,Battery-electric (propeller),0.0
144.24172552410664,294.87179487179486,Battery-electric (propeller),0.0
168.7612475788147,294.87179487179486,Battery-electric (propeller),0.0
197.44882128159367,294.87179487179486,Battery-electric (propeller),0.0
231.0129700083158,294.87179487179486,Battery-electric (propeller),0.0
270.28265839051625,294.87179487179486,Battery-electric (propeller),0.0
316.22776601683796,294.87179487179486,Battery-electric (propeller),0.0
369.9830414406966,294.87179487179486,Battery-electric (propeller),0.0
432.8761281083057,294.87179487179486,Battery-electric (propeller),0.0
506.4603543891704,294.87179487179486,Battery-electric (propeller),0.0
592.5530975545674,294.87179487179486,Battery-electric (propeller),0.0
693.2806692144524,294.87179487179486,Battery-electric (propeller),0.0
811.1308307896873,294.87179487179486,Battery-electric (propeller),0.0
949.0142360424725,294.87179487179486,Battery-electric (propeller),0.0
1110.336318167638,294.87179487179486,Battery-electric (propeller),0.0
1299.0813969063468,294.87179487179486,Battery-electric (propeller),0.0
1519.9110829529332,294.87179487179486,Battery-electric (propeller),0.0
1778.2794100389228,294.87179487179486,Battery-electric (propeller),0.0
2080.5675382171694,294.87179487179486,Battery-electric (propeller),0.0
2434.2413552369194,294.87179487179486,Battery-electric (propeller),0.0
2848.035868435799,294.87179487179486,Battery-electric (propeller),0.0
3332.1709412448167,294.87179487179486,Battery-electric (propeller),0.0
3898.603702549072,294.87179487179486,Battery-electric (propeller),0.0
4561.323862890211,294.87179487179486,Battery-electric (propeller),0.0
5336.699231206308,294.87179487179486,Battery-electric (propeller),0.0
6243.879965653626,294.87179487179486,Battery-electric (propeller),0.0
7305.271542664449,294.87179487179486,Battery-electric (propeller),0.0
8547.08812559251,294.87179487179486,Battery-electric (propeller),0.0
10000.0,294.87179487179486,Battery-electric (propeller),0.0
10.0,303.0769230769231,Battery-electric (propeller),0.0
11.69989106589066,303.0769230769231,Battery-electric (propeller),0.0
13.688745095370805,303.0769230769231,Battery-electric (propeller),0.0
16.015682644458355,303.0769230769231,Battery-electric (propeller),0.0
18.73817422860384,303.0769230769231,Battery-electric (propeller),0.0
21.923459724834466,303.0769230769231,Battery-electric (propeller),0.0
25.650209056800456,303.0769230769231,Battery-electric (propeller),0.0
30.010465178188735,303.0769230769231,Battery-electric (propeller),0.0
35.11191734215131,303.0769230769231,Battery-electric (propeller),0.0
41.08056080177274,303.0769230769231,Battery-electric (propeller),0.0
48.06380863064389,303.0769230769231,Battery-electric (propeller),0.0
56.23413251903491,303.0769230769231,Battery-electric (propeller),0.0
65.79332246575679,303.0769230769231,Battery-electric (propeller),0.0
76.9774705712371,303.0769230769231,Battery-electric (propeller),0.0
90.06280202112787,303.0769230769231,Battery-electric (propeller),0.0
105.37249727360725,303.0769230769231,Battery-electric (propeller),0.0
123.28467394420659,303.0769230769231,Battery-electric (propeller),0.0
144.24172552410664,303.0769230769231,Battery-electric (propeller),0.0
168.7612475788147,303.0769230769231,Battery-electric (propeller),0.0
197.44882128159367,303.0769230769231,Battery-electric (propeller),0.0
231.0129700083158,303.0769230769231,Battery-electric (propeller),0.0
270.28265839051625,303.0769230769231,Battery-electric (propeller),0.0
316.22776601683796,303.0769230769231,Battery-electric (propeller),0.0
369.9830414406966,303.0769230769231,Battery-electric (propeller),0.0
432.8761281083057,303.0769230769231,Battery-electric (propeller),0.0
506.4603543891704,303.0769230769231,Battery-electric (propeller),0.0
592.5530975545674,303.0769230769231,Battery-electric (propeller),0.0
693.2806692144524,303.0769230769231,Battery-electric (propeller),0.0
811.1308307896873,303.0769230769231,Battery-electric (propeller),0.0
949.0142360424725,303.0769230769231,Battery-electric (propeller),0.0
1110.336318167638,303.0769230769231,Battery-electric (propeller),0.0
1299.0813969063468,303.0769230769231,Battery-electric (propeller),0.0
1519.9110829529332,303.0769230769231,Battery-electric (propeller),0.0
1778.2794100389228,303.0769230769231,Battery-electric (propeller),0.0
2080.5675382171694,303.0769230769231,Battery-electric (propeller),0.0
2434.2413552369194,303.0769230769231,Battery-electric (propeller),0.0
2848.035868435799,303.0769230769231,Battery-electric (propeller),0.0
3332.1709412448167,303.0769230769231,Battery-electric (propeller),0.0
3898.603702549072,303.0769230769231,Battery-electric (propeller),0.0
4561.323862890211,303.0769230769231,Battery-electric (propeller),0.0
5336.699231206308,303.0769230769231,Battery-electric (propeller),0.0
6243.879965653626,303.0769230769231,Battery-electric (propeller),0.0
7305.271542664449,303.0769230769231,Battery-electric (propeller),0.0
8547.08812559251,303.0769230769231,Battery-electric (propeller),0.0
10000.0,303.0769230769231,Battery-electric (propeller),0.0
10.0,311.28205128205127,Battery-electric (propeller),0.0
11.69989106589066,311.28205128205127,Battery-electric (propeller),0.0
13.688745095370805,311.28205128205127,Battery-electric (propeller),0.0
16.015682644458355,311.28205128205127,Battery-electric (propeller),0.0
18.73817422860384,311.28205128205127,Battery-electric (propeller),0.0
21.923459724834466,311.28205128205127,Battery-electric (propeller),0.0
25.650209056800456,311.28205128205127,Battery-electric (propeller),0.0
30.010465178188735,311.28205128205127,Battery-electric (propeller),0.0
35.11191734215131,311.28205128205127,Battery-electric (propeller),0.0
41.08056080177274,311.28205128205127,Battery-electric (propeller),0.0
48.06380863064389,311.28205128205127,Battery-electric (propeller),0.0
56.23413251903491,311.28205128205127,Battery-electric (propeller),0.0
65.79332246575679,311.28205128205127,Battery-electric (propeller),0.0
76.9774705712371,311.28205128205127,Battery-electric (propeller),0.0
90.06280202112787,311.28205128205127,Battery-electric (propeller),0.0
105.37249727360725,311.28205128205127,Battery-electric (propeller),0.0
123.28467394420659,311.28205128205127,Battery-electric (propeller),0.0
144.24172552410664,311.28205128205127,Battery-electric (propeller),0.0
168.7612475788147,311.28205128205127,Battery-electric (propeller),0.0
197.44882128159367,311.28205128205127,Battery-electric (propeller),0.0
231.0129700083158,311.28205128205127,Battery-electric (propeller),0.0
270.28265839051625,311.28205128205127,Battery-electric (propeller),0.0
316.22776601683796,311.28205128205127,Battery-electric (propeller),0.0
369.9830414406966,311.28205128205127,Battery-electric (propeller),0.0
432.8761281083057,311.28205128205127,Battery-electric (propeller),0.0
506.4603543891704,311.28205128205127,Battery-electric (propeller),0.0
592.5530975545674,311.28205128205127,Battery-electric (propeller),0.0
693.2806692144524,311.28205128205127,Battery-electric (propeller),0.0
811.1308307896873,311.28205128205127,Battery-electric (propeller),0.0
949.0142360424725,311.28205128205127,Battery-electric (propeller),0.0
1110.336318167638,311.28205128205127,Battery-electric (propeller),0.0
1299.0813969063468,311.28205128205127,Battery-electric (propeller),0.0
1519.9110829529332,311.28205128205127,Battery-electric (propeller),0.0
1778.2794100389228,311.28205128205127,Battery-electric (propeller),0.0
2080.5675382171694,311.28205128205127,Battery-electric (propeller),0.0
2434.2413552369194,311.28205128205127,Battery-electric (propeller),0.0
2848.035868435799,311.28205128205127,Battery-electric (propeller),0.0
3332.1709412448167,311.28205128205127,Battery-electric (propeller),0.0
3898.603702549072,311.28205128205127,Battery-electric (propeller),0.0
4561.323862890211,311.28205128205127,Battery-electric (propeller),0.0
5336.699231206308,311.28205128205127,Battery-electric (propeller),0.0
6243.879965653626,311.28205128205127,Battery-electric (propeller),0.0
7305.271542664449,311.28205128205127,Battery-electric (propeller),0.0
8547.08812559251,311.28205128205127,Battery-electric (propeller),0.0
10000.0,311.28205128205127,Battery-electric (propeller),0.0
10.0,319.48717948717945,Battery-electric (propeller),0.0
11.69989106589066,319.48717948717945,Battery-electric (propeller),0.0
13.688745095370805,319.48717948717945,Battery-electric (propeller),0.0
16.015682644458355,319.48717948717945,Battery-electric (propeller),0.0
18.73817422860384,319.48717948717945,Battery-electric (propeller),0.0
21.923459724834466,319.48717948717945,Battery-electric (propeller),0.0
25.650209056800456,319.48717948717945,Battery-electric (propeller),0.0
30.010465178188735,319.48717948717945,Battery-electric (propeller),0.0
35.11191734215131,319.48717948717945,Battery-electric (propeller),0.0
41.08056080177274,319.48717948717945,Battery-electric (propeller),0.0
48.06380863064389,319.48717948717945,Battery-electric (propeller),0.0
56.23413251903491,319.48717948717945,Battery-electric (propeller),0.0
65.79332246575679,319.48717948717945,Battery-electric (propeller),0.0
76.9774705712371,319.48717948717945,Battery-electric (propeller),0.0
90.06280202112787,319.48717948717945,Battery-electric (propeller),0.0
105.37249727360725,319.48717948717945,Battery-electric (propeller),0.0
123.28467394420659,319.48717948717945,Battery-electric (propeller),0.0
144.24172552410664,319.48717948717945,Battery-electric (propeller),0.0
168.7612475788147,319.48717948717945,Battery-electric (propeller),0.0
197.44882128159367,319.48717948717945,Battery-electric (propeller),0.0
231.0129700083158,319.48717948717945,Battery-electric (propeller),0.0
270.28265839051625,319.48717948717945,Battery-electric (propeller),0.0
316.22776601683796,319.48717948717945,Battery-electric (propeller),0.0
369.9830414406966,319.48717948717945,Battery-electric (propeller),0.0
432.8761281083057,319.48717948717945,Battery-electric (propeller),0.0
506.4603543891704,319.48717948717945,Battery-electric (propeller),0.0
592.5530975545674,319.48717948717945,Battery-electric (propeller),0.0
693.2806692144524,319.48717948717945,Battery-electric (propeller),0.0
811.1308307896873,319.48717948717945,Battery-electric (propeller),0.0
949.0142360424725,319.48717948717945,Battery-electric (propeller),0.0
1110.336318167638,319.48717948717945,Battery-electric (propeller),0.0
1299.0813969063468,319.48717948717945,Battery-electric (propeller),0.0
1519.9110829529332,319.48717948717945,Battery-electric (propeller),0.0
1778.2794100389228,319.48717948717945,Battery-electric (propeller),0.0
2080.5675382171694,319.48717948717945,Battery-electric (propeller),0.0
2434.2413552369194,319.48717948717945,Battery-electric (propeller),0.0
2848.035868435799,319.48717948717945,Battery-electric (propeller),0.0
3332.1709412448167,319.48717948717945,Battery-electric (propeller),0.0
3898.603702549072,319.48717948717945,Battery-electric (propeller),0.0
4561.323862890211,319.48717948717945,Battery-electric (propeller),0.0
5336.699231206308,319.48717948717945,Battery-electric (propeller),0.0
6243.879965653626,319.48717948717945,Battery-electric (propeller),0.0
7305.271542664449,319.48717948717945,Battery-electric (propeller),0.0
8547.08812559251,319.48717948717945,Battery-electric (propeller),0.0
10000.0,319.48717948717945,Battery-electric (propeller),0.0
10.0,327.6923076923077,Battery-electric (propeller),0.0
11.69989106589066,327.6923076923077,Battery-electric (propeller),0.0
13.688745095370805,327.6923076923077,Battery-electric (propeller),0.0
16.015682644458355,327.6923076923077,Battery-electric (propeller),0.0
18.73817422860384,327.6923076923077,Battery-electric (propeller),0.0
21.923459724834466,327.6923076923077,Battery-electric (propeller),0.0
25.650209056800456,327.6923076923077,Battery-electric (propeller),0.0
30.010465178188735,327.6923076923077,Battery-electric (propeller),0.0
35.11191734215131,327.6923076923077,Battery-electric (propeller),0.0
41.08056080177274,327.6923076923077,Battery-electric (propeller),0.0
48.06380863064389,327.6923076923077,Battery-electric (propeller),0.0
56.23413251903491,327.6923076923077,Battery-electric (propeller),0.0
65.79332246575679,327.6923076923077,Battery-electric (propeller),0.0
76.9774705712371,327.6923076923077,Battery-electric (propeller),0.0
90.06280202112787,327.6923076923077,Battery-electric (propeller),0.0
105.37249727360725,327.6923076923077,Battery-electric (propeller),0.0
123.28467394420659,327.6923076923077,Battery-electric (propeller),0.0
144.24172552410664,327.6923076923077,Battery-electric (propeller),0.0
168.7612475788147,327.6923076923077,Battery-electric (propeller),0.0
197.44882128159367,327.6923076923077,Battery-electric (propeller),0.0
231.0129700083158,327.6923076923077,Battery-electric (propeller),0.0
270.28265839051625,327.6923076923077,Battery-electric (propeller),0.0
316.22776601683796,327.6923076923077,Battery-electric (propeller),0.0
369.9830414406966,327.6923076923077,Battery-electric (propeller),0.0
432.8761281083057,327.6923076923077,Battery-electric (propeller),0.0
506.4603543891704,327.6923076923077,Battery-electric (propeller),0.0
592.5530975545674,327.6923076923077,Battery-electric (propeller),0.0
693.2806692144524,327.6923076923077,Battery-electric (propeller),0.0
811.1308307896873,327.6923076923077,Battery-electric (propeller),0.0
949.0142360424725,327.6923076923077,Battery-electric (propeller),0.0
1110.336318167638,327.6923076923077,Battery-electric (propeller),0.0
1299.0813969063468,327.6923076923077,Battery-electric (propeller),0.0
1519.9110829529332,327.6923076923077,Battery-electric (propeller),0.0
1778.2794100389228,327.6923076923077,Battery-electric (propeller),0.0
2080.5675382171694,327.6923076923077,Battery-electric (propeller),0.0
2434.2413552369194,327.6923076923077,Battery-electric (propeller),0.0
2848.035868435799,327.6923076923077,Battery-electric (propeller),0.0
3332.1709412448167,327.6923076923077,Battery-electric (propeller),0.0
3898.603702549072,327.6923076923077,Battery-electric (propeller),0.0
4561.323862890211,327.6923076923077,Battery-electric (propeller),0.0
5336.699231206308,327.6923076923077,Battery-electric (propeller),0.0
6243.879965653626,327.6923076923077,Battery-electric (propeller),0.0
7305.271542664449,327.6923076923077,Battery-electric (propeller),0.0
8547.08812559251,327.6923076923077,Battery-electric (propeller),0.0
10000.0,327.6923076923077,Battery-electric (propeller),0.0
10.0,335.8974358974359,Battery-electric (propeller),0.0
11.69989106589066,335.8974358974359,Battery-electric (propeller),0.0
13.688745095370805,335.8974358974359,Battery-electric (propeller),0.0
16.015682644458355,335.8974358974359,Battery-electric (propeller),0.0
18.73817422860384,335.8974358974359,Battery-electric (propeller),0.0
21.923459724834466,335.8974358974359,Battery-electric (propeller),0.0
25.650209056800456,335.8974358974359,Battery-electric (propeller),0.0
30.010465178188735,335.8974358974359,Battery-electric (propeller),0.0
35.11191734215131,335.8974358974359,Battery-electric (propeller),0.0
41.08056080177274,335.8974358974359,Battery-electric (propeller),0.0
48.06380863064389,335.8974358974359,Battery-electric (propeller),0.0
56.23413251903491,335.8974358974359,Battery-electric (propeller),0.0
65.79332246575679,335.8974358974359,Battery-electric (propeller),0.0
76.9774705712371,335.8974358974359,Battery-electric (propeller),0.0
90.06280202112787,335.8974358974359,Battery-electric (propeller),0.0
105.37249727360725,335.8974358974359,Battery-electric (propeller),0.0
123.28467394420659,335.8974358974359,Battery-electric (propeller),0.0
144.24172552410664,335.8974358974359,Battery-electric (propeller),0.0
168.7612475788147,335.8974358974359,Battery-electric (propeller),0.0
197.44882128159367,335.8974358974359,Battery-electric (propeller),0.0
231.0129700083158,335.8974358974359,Battery-electric (propeller),0.0
270.28265839051625,335.8974358974359,Battery-electric (propeller),0.0
316.22776601683796,335.8974358974359,Battery-electric (propeller),0.0
369.9830414406966,335.8974358974359,Battery-electric (propeller),0.0
432.8761281083057,335.8974358974359,Battery-electric (propeller),0.0
506.4603543891704,335.8974358974359,Battery-electric (propeller),0.0
592.5530975545674,335.8974358974359,Battery-electric (propeller),0.0
693.2806692144524,335.8974358974359,Battery-electric (propeller),0.0
811.1308307896873,335.8974358974359,Battery-electric (propeller),0.0
949.0142360424725,335.8974358974359,Battery-electric (propeller),0.0
1110.336318167638,335.8974358974359,Battery-electric (propeller),0.0
1299.0813969063468,335.8974358974359,Battery-electric (propeller),0.0
1519.9110829529332,335.8974358974359,Battery-electric (propeller),0.0
1778.2794100389228,335.8974358974359,Battery-electric (propeller),0.0
2080.5675382171694,335.8974358974359,Battery-electric (propeller),0.0
2434.2413552369194,335.8974358974359,Battery-electric (propeller),0.0
2848.035868435799,335.8974358974359,Battery-electric (propeller),0.0
3332.1709412448167,335.8974358974359,Battery-electric (propeller),0.0
3898.603702549072,335.8974358974359,Battery-electric (propeller),0.0
4561.323862890211,335.8974358974359,Battery-electric (propeller),0.0
5336.699231206308,335.8974358974359,Battery-electric (propeller),0.0
6243.879965653626,335.8974358974359,Battery-electric (propeller),0.0
7305.271542664449,335.8974358974359,Battery-electric (propeller),0.0
8547.08812559251,335.8974358974359,Battery-electric (propeller),0.0
10000.0,335.8974358974359,Battery-electric (propeller),0.0
10.0,344.1025641025641,Battery-electric (propeller),0.0
11.69989106589066,344.1025641025641,Battery-electric (propeller),0.0
13.688745095370805,344.1025641025641,Battery-electric (propeller),0.0
16.015682644458355,344.1025641025641,Battery-electric (propeller),0.0
18.73817422860384,344.1025641025641,Battery-electric (propeller),0.0
21.923459724834466,344.1025641025641,Battery-electric (propeller),0.0
25.650209056800456,344.1025641025641,Battery-electric (propeller),0.0
30.010465178188735,344.1025641025641,Battery-electric (propeller),0.0
35.11191734215131,344.1025641025641,Battery-electric (propeller),0.0
41.08056080177274,344.1025641025641,Battery-electric (propeller),0.0
48.06380863064389,344.1025641025641,Battery-electric (propeller),0.0
56.23413251903491,344.1025641025641,Battery-electric (propeller),0.0
65.79332246575679,344.1025641025641,Battery-electric (propeller),0.0
76.9774705712371,344.1025641025641,Battery-electric (propeller),0.0
90.06280202112787,344.1025641025641,Battery-electric (propeller),0.0
105.37249727360725,344.1025641025641,Battery-electric (propeller),0.0
123.28467394420659,344.1025641025641,Battery-electric (propeller),0.0
144.24172552410664,344.1025641025641,Battery-electric (propeller),0.0
168.7612475788147,344.1025641025641,Battery-electric (propeller),0.0
197.44882128159367,344.1025641025641,Battery-electric (propeller),0.0
231.0129700083158,344.1025641025641,Battery-electric (propeller),0.0
270.28265839051625,344.1025641025641,Battery-electric (propeller),0.0
316.22776601683796,344.1025641025641,Battery-electric (propeller),0.0
369.9830414406966,344.1025641025641,Battery-electric (propeller),0.0
432.8761281083057,344.1025641025641,Battery-electric (propeller),0.0
506.4603543891704,344.1025641025641,Battery-electric (propeller),0.0
592.5530975545674,344.1025641025641,Battery-electric (propeller),0.0
693.2806692144524,344.1025641025641,Battery-electric (propeller),0.0
811.1308307896873,344.1025641025641,Battery-electric (propeller),0.0
949.0142360424725,344.1025641025641,Battery-electric (propeller),0.0
1110.336318167638,344.1025641025641,Battery-electric (propeller),0.0
1299.0813969063468,344.1025641025641,Battery-electric (propeller),0.0
1519.9110829529332,344.1025641025641,Battery-electric (propeller),0.0
1778.2794100389228,344.1025641025641,Battery-electric (propeller),0.0
2080.5675382171694,344.1025641025641,Battery-electric (propeller),0.0
2434.2413552369194,344.1025641025641,Battery-electric (propeller),0.0
2848.035868435799,344.1025641025641,Battery-electric (propeller),0.0
3332.1709412448167,344.1025641025641,Battery-electric (propeller),0.0
3898.603702549072,344.1025641025641,Battery-electric (propeller),0.0
4561.323862890211,344.1025641025641,Battery-electric (propeller),0.0
5336.699231206308,344.1025641025641,Battery-electric (propeller),0.0
6243.879965653626,344.1025641025641,Battery-electric (propeller),0.0
7305.271542664449,344.1025641025641,Battery-electric (propeller),0.0
8547.08812559251,344.1025641025641,Battery-electric (propeller),0.0
10000.0,344.1025641025641,Battery-electric (propeller),0.0
10.0,352.30769230769226,Battery-electric (propeller),0.0
11.69989106589066,352.30769230769226,Battery-electric (propeller),0.0
13.688745095370805,352.30769230769226,Battery-electric (propeller),0.0
16.015682644458355,352.30769230769226,Battery-electric (propeller),0.0
18.73817422860384,352.30769230769226,Battery-electric (propeller),0.0
21.923459724834466,352.30769230769226,Battery-electric (propeller),0.0
25.650209056800456,352.30769230769226,Battery-electric (propeller),0.0
30.010465178188735,352.30769230769226,Battery-electric (propeller),0.0
35.11191734215131,352.30769230769226,Battery-electric (propeller),0.0
41.08056080177274,352.30769230769226,Battery-electric (propeller),0.0
48.06380863064389,352.30769230769226,Battery-electric (propeller),0.0
56.23413251903491,352.30769230769226,Battery-electric (propeller),0.0
65.79332246575679,352.30769230769226,Battery-electric (propeller),0.0
76.9774705712371,352.30769230769226,Battery-electric (propeller),0.0
90.06280202112787,352.30769230769226,Battery-electric (propeller),0.0
105.37249727360725,352.30769230769226,Battery-electric (propeller),0.0
123.28467394420659,352.30769230769226,Battery-electric (propeller),0.0
144.24172552410664,352.30769230769226,Battery-electric (propeller),0.0
168.7612475788147,352.30769230769226,Battery-electric (propeller),0.0
197.44882128159367,352.30769230769226,Battery-electric (propeller),0.0
231.0129700083158,352.30769230769226,Battery-electric (propeller),0.0
270.28265839051625,352.30769230769226,Battery-electric (propeller),0.0
316.22776601683796,352.30769230769226,Battery-electric (propeller),0.0
369.9830414406966,352.30769230769226,Battery-electric (propeller),0.0
432.8761281083057,352.30769230769226,Battery-electric (propeller),0.0
506.4603543891704,352.30769230769226,Battery-electric (propeller),0.0
592.5530975545674,352.30769230769226,Battery-electric (propeller),0.0
693.2806692144524,352.30769230769226,Battery-electric (propeller),0.0
811.1308307896873,352.30769230769226,Battery-electric (propeller),0.0
949.0142360424725,352.30769230769226,Battery-electric (propeller),0.0
1110.336318167638,352.30769230769226,Battery-electric (propeller),0.0
1299.0813969063468,352.30769230769226,Battery-electric (propeller),0.0
1519.9110829529332,352.30769230769226,Battery-electric (propeller),0.0
1778.2794100389228,352.30769230769226,Battery-electric (propeller),0.0
2080.5675382171694,352.30769230769226,Battery-electric (propeller),0.0
2434.2413552369194,352.30769230769226,Battery-electric (propeller),0.0
2848.035868435799,352.30769230769226,Battery-electric (propeller),0.0
3332.1709412448167,352.30769230769226,Battery-electric (propeller),0.0
3898.603702549072,352.30769230769226,Battery-electric (propeller),0.0
4561.323862890211,352.30769230769226,Battery-electric (propeller),0.0
5336.699231206308,352.30769230769226,Battery-electric (propeller),0.0
6243.879965653626,352.30769230769226,Battery-electric (propeller),0.0
7305.271542664449,352.30769230769226,Battery-electric (propeller),0.0
8547.08812559251,352.30769230769226,Battery-electric (propeller),0.0
10000.0,352.30769230769226,Battery-electric (propeller),0.0
10.0,360.5128205128205,Battery-electric (propeller),0.0
11.69989106589066,360.5128205128205,Battery-electric (propeller),0.0
13.688745095370805,360.5128205128205,Battery-electric (propeller),0.0
16.015682644458355,360.5128205128205,Battery-electric (propeller),0.0
18.73817422860384,360.5128205128205,Battery-electric (propeller),0.0
21.923459724834466,360.5128205128205,Battery-electric (propeller),0.0
25.650209056800456,360.5128205128205,Battery-electric (propeller),0.0
30.010465178188735,360.5128205128205,Battery-electric (propeller),0.0
35.11191734215131,360.5128205128205,Battery-electric (propeller),0.0
41.08056080177274,360.5128205128205,Battery-electric (propeller),0.0
48.06380863064389,360.5128205128205,Battery-electric (propeller),0.0
56.23413251903491,360.5128205128205,Battery-electric (propeller),0.0
65.79332246575679,360.5128205128205,Battery-electric (propeller),0.0
76.9774705712371,360.5128205128205,Battery-electric (propeller),0.0
90.06280202112787,360.5128205128205,Battery-electric (propeller),0.0
105.37249727360725,360.5128205128205,Battery-electric (propeller),0.0
123.28467394420659,360.5128205128205,Battery-electric (propeller),0.0
144.24172552410664,360.5128205128205,Battery-electric (propeller),0.0
168.7612475788147,360.5128205128205,Battery-electric (propeller),0.0
197.44882128159367,360.5128205128205,Battery-electric (propeller),0.0
231.0129700083158,360.5128205128205,Battery-electric (propeller),0.0
270.28265839051625,360.5128205128205,Battery-electric (propeller),0.0
316.22776601683796,360.5128205128205,Battery-electric (propeller),0.0
369.9830414406966,360.5128205128205,Battery-electric (propeller),0.0
432.8761281083057,360.5128205128205,Battery-electric (propeller),0.0
506.4603543891704,360.5128205128205,Battery-electric (propeller),0.0
592.5530975545674,360.5128205128205,Battery-electric (propeller),0.0
693.2806692144524,360.5128205128205,Battery-electric (propeller),0.0
811.1308307896873,360.5128205128205,Battery-electric (propeller),0.0
949.0142360424725,360.5128205128205,Battery-electric (propeller),0.0
1110.336318167638,360.5128205128205,Battery-electric (propeller),0.0
1299.0813969063468,360.5128205128205,Battery-electric (propeller),0.0
1519.9110829529332,360.5128205128205,Battery-electric (propeller),0.0
1778.2794100389228,360.5128205128205,Battery-electric (propeller),0.0
2080.5675382171694,360.5128205128205,Battery-electric (propeller),0.0
2434.2413552369194,360.5128205128205,Battery-electric (propeller),0.0
2848.035868435799,360.5128205128205,Battery-electric (propeller),0.0
3332.1709412448167,360.5128205128205,Battery-electric (propeller),0.0
3898.603702549072,360.5128205128205,Battery-electric (propeller),0.0
4561.323862890211,360.5128205128205,Battery-electric (propeller),0.0
5336.699231206308,360.5128205128205,Battery-electric (propeller),0.0
6243.879965653626,360.5128205128205,Battery-electric (propeller),0.0
7305.271542664449,360.5128205128205,Battery-electric (propeller),0.0
8547.08812559251,360.5128205128205,Battery-electric (propeller),0.0
10000.0,360.5128205128205,Battery-electric (propeller),0.0
10.0,368.71794871794873,Battery-electric (propeller),0.0
11.69989106589066,368.71794871794873,Battery-electric (propeller),0.0
13.688745095370805,368.71794871794873,Battery-electric (propeller),0.0
16.015682644458355,368.71794871794873,Battery-electric (propeller),0.0
18.73817422860384,368.71794871794873,Battery-electric (propeller),0.0
21.923459724834466,368.71794871794873,Battery-electric (propeller),0.0
25.650209056800456,368.71794871794873,Battery-electric (propeller),0.0
30.010465178188735,368.71794871794873,Battery-electric (propeller),0.0
35.11191734215131,368.71794871794873,Battery-electric (propeller),0.0
41.08056080177274,368.71794871794873,Battery-electric (propeller),0.0
48.06380863064389,368.71794871794873,Battery-electric (propeller),0.0
56.23413251903491,368.71794871794873,Battery-electric (propeller),0.0
65.79332246575679,368.71794871794873,Battery-electric (propeller),0.0
76.9774705712371,368.71794871794873,Battery-electric (propeller),0.0
90.06280202112787,368.71794871794873,Battery-electric (propeller),0.0
105.37249727360725,368.71794871794873,Battery-electric (propeller),0.0
123.28467394420659,368.71794871794873,Battery-electric (propeller),0.0
144.24172552410664,368.71794871794873,Battery-electric (propeller),0.0
168.7612475788147,368.71794871794873,Battery-electric (propeller),0.0
197.44882128159367,368.71794871794873,Battery-electric (propeller),0.0
231.0129700083158,368.71794871794873,Battery-electric (propeller),0.0
270.28265839051625,368.71794871794873,Battery-electric (propeller),0.0
316.22776601683796,368.71794871794873,Battery-electric (propeller),0.0
369.9830414406966,368.71794871794873,Battery-electric (propeller),0.0
432.8761281083057,368.71794871794873,Battery-electric (propeller),0.0
506.4603543891704,368.71794871794873,Battery-electric (propeller),0.0
592.5530975545674,368.71794871794873,Battery-electric (propeller),0.0
693.2806692144524,368.71794871794873,Battery-electric (propeller),0.0
811.1308307896873,368.71794871794873,Battery-electric (propeller),0.0
949.0142360424725,368.71794871794873,Battery-electric (propeller),0.0
1110.336318167638,368.71794871794873,Battery-electric (propeller),0.0
1299.0813969063468,368.71794871794873,Battery-electric (propeller),0.0
1519.9110829529332,368.71794871794873,Battery-electric (propeller),0.0
1778.2794100389228,368.71794871794873,Battery-electric (propeller),0.0
2080.5675382171694,368.71794871794873,Battery-electric (propeller),0.0
2434.2413552369194,368.71794871794873,Battery-electric (propeller),0.0
2848.035868435799,368.71794871794873,Battery-electric (propeller),0.0
3332.1709412448167,368.71794871794873,Battery-electric (propeller),0.0
3898.603702549072,368.71794871794873,Battery-electric (propeller),0.0
4561.323862890211,368.71794871794873,Battery-electric (propeller),0.0
5336.699231206308,368.71794871794873,Battery-electric (propeller),0.0
6243.879965653626,368.71794871794873,Battery-electric (propeller),0.0
7305.271542664449,368.71794871794873,Battery-electric (propeller),0.0
8547.08812559251,368.71794871794873,Battery-electric (propeller),0.0
10000.0,368.71794871794873,Battery-electric (propeller),0.0
10.0,376.9230769230769,Battery-electric (propeller),0.0
11.69989106589066,376.9230769230769,Battery-electric (propeller),0.0
13.688745095370805,376.9230769230769,Battery-electric (propeller),0.0
16.015682644458355,376.9230769230769,Battery-electric (propeller),0.0
18.73817422860384,376.9230769230769,Battery-electric (propeller),0.0
21.923459724834466,376.9230769230769,Battery-electric (propeller),0.0
25.650209056800456,376.9230769230769,Battery-electric (propeller),0.0
30.010465178188735,376.9230769230769,Battery-electric (propeller),0.0
35.11191734215131,376.9230769230769,Battery-electric (propeller),0.0
41.08056080177274,376.9230769230769,Battery-electric (propeller),0.0
48.06380863064389,376.9230769230769,Battery-electric (propeller),0.0
56.23413251903491,376.9230769230769,Battery-electric (propeller),0.0
65.79332246575679,376.9230769230769,Battery-electric (propeller),0.0
76.9774705712371,376.9230769230769,Battery-electric (propeller),0.0
90.06280202112787,376.9230769230769,Battery-electric (propeller),0.0
105.37249727360725,376.9230769230769,Battery-electric (propeller),0.0
123.28467394420659,376.9230769230769,Battery-electric (propeller),0.0
144.24172552410664,376.9230769230769,Battery-electric (propeller),0.0
168.7612475788147,376.9230769230769,Battery-electric (propeller),0.0
197.44882128159367,376.9230769230769,Battery-electric (propeller),0.0
231.0129700083158,376.9230769230769,Battery-electric (propeller),0.0
270.28265839051625,376.9230769230769,Battery-electric (propeller),0.0
316.22776601683796,376.9230769230769,Battery-electric (propeller),0.0
369.9830414406966,376.9230769230769,Battery-electric (propeller),0.0
432.8761281083057,376.9230769230769,Battery-electric (propeller),0.0
506.4603543891704,376.9230769230769,Battery-electric (propeller),0.0
592.5530975545674,376.9230769230769,Battery-electric (propeller),0.0
693.2806692144524,376.9230769230769,Battery-electric (propeller),0.0
811.1308307896873,376.9230769230769,Battery-electric (propeller),0.0
949.0142360424725,376.9230769230769,Battery-electric (propeller),0.0
1110.336318167638,376.9230769230769,Battery-electric (propeller),0.0
1299.0813969063468,376.9230769230769,Battery-electric (propeller),0.0
1519.9110829529332,376.9230769230769,Battery-electric (propeller),0.0
1778.2794100389228,376.9230769230769,Battery-electric (propeller),0.0
2080.5675382171694,376.9230769230769,Battery-electric (propeller),0.0
2434.2413552369194,376.9230769230769,Battery-electric (propeller),0.0
2848.035868435799,376.9230769230769,Battery-electric (propeller),0.0
3332.1709412448167,376.9230769230769,Battery-electric (propeller),0.0
3898.603702549072,376.9230769230769,Battery-electric (propeller),0.0
4561.323862890211,376.9230769230769,Battery-electric (propeller),0.0
5336.699231206308,376.9230769230769,Battery-electric (propeller),0.0
6243.879965653626,376.9230769230769,Battery-electric (propeller),0.0
7305.271542664449,376.9230769230769,Battery-electric (propeller),0.0
8547.08812559251,376.9230769230769,Battery-electric (propeller),0.0
10000.0,376.9230769230769,Battery-electric (propeller),0.0
10.0,385.1282051282051,Battery-electric (propeller),0.0
11.69989106589066,385.1282051282051,Battery-electric (propeller),0.0
13.688745095370805,385.1282051282051,Battery-electric (propeller),0.0
16.015682644458355,385.1282051282051,Battery-electric (propeller),0.0
18.73817422860384,385.1282051282051,Battery-electric (propeller),0.0
21.923459724834466,385.1282051282051,Battery-electric (propeller),0.0
25.650209056800456,385.1282051282051,Battery-electric (propeller),0.0
30.010465178188735,385.1282051282051,Battery-electric (propeller),0.0
35.11191734215131,385.1282051282051,Battery-electric (propeller),0.0
41.08056080177274,385.1282051282051,Battery-electric (propeller),0.0
48.06380863064389,385.1282051282051,Battery-electric (propeller),0.0
56.23413251903491,385.1282051282051,Battery-electric (propeller),0.0
65.79332246575679,385.1282051282051,Battery-electric (propeller),0.0
76.9774705712371,385.1282051282051,Battery-electric (propeller),0.0
90.06280202112787,385.1282051282051,Battery-electric (propeller),0.0
105.37249727360725,385.1282051282051,Battery-electric (propeller),0.0
123.28467394420659,385.1282051282051,Battery-electric (propeller),0.0
144.24172552410664,385.1282051282051,Battery-electric (propeller),0.0
168.7612475788147,385.1282051282051,Battery-electric (propeller),0.0
197.44882128159367,385.1282051282051,Battery-electric (propeller),0.0
231.0129700083158,385.1282051282051,Battery-electric (propeller),0.0
270.28265839051625,385.1282051282051,Battery-electric (propeller),0.0
316.22776601683796,385.1282051282051,Battery-electric (propeller),0.0
369.9830414406966,385.1282051282051,Battery-electric (propeller),0.0
432.8761281083057,385.1282051282051,Battery-electric (propeller),0.0
506.4603543891704,385.1282051282051,Battery-electric (propeller),0.0
592.5530975545674,385.1282051282051,Battery-electric (propeller),0.0
693.2806692144524,385.1282051282051,Battery-electric (propeller),0.0
811.1308307896873,385.1282051282051,Battery-electric (propeller),0.0
949.0142360424725,385.1282051282051,Battery-electric (propeller),0.0
1110.336318167638,385.1282051282051,Battery-electric (propeller),0.0
1299.0813969063468,385.1282051282051,Battery-electric (propeller),0.0
1519.9110829529332,385.1282051282051,Battery-electric (propeller),0.0
1778.2794100389228,385.1282051282051,Battery-electric (propeller),0.0
2080.5675382171694,385.1282051282051,Battery-electric (propeller),0.0
2434.2413552369194,385.1282051282051,Battery-electric (propeller),0.0
2848.035868435799,385.1282051282051,Battery-electric (propeller),0.0
3332.1709412448167,385.1282051282051,Battery-electric (propeller),0.0
3898.603702549072,385.1282051282051,Battery-electric (propeller),0.0
4561.323862890211,385.1282051282051,Battery-electric (propeller),0.0
5336.699231206308,385.1282051282051,Battery-electric (propeller),0.0
6243.879965653626,385.1282051282051,Battery-electric (propeller),0.0
7305.271542664449,385.1282051282051,Battery-electric (propeller),0.0
8547.08812559251,385.1282051282051,Battery-electric (propeller),0.0
10000.0,385.1282051282051,Battery-electric (propeller),0.0
10.0,393.3333333333333,Battery-electric (propeller),0.0
11.69989106589066,393.3333333333333,Battery-electric (propeller),0.0
13.688745095370805,393.3333333333333,Battery-electric (propeller),0.0
16.015682644458355,393.3333333333333,Battery-electric (propeller),0.0
18.73817422860384,393.3333333333333,Battery-electric (propeller),0.0
21.923459724834466,393.3333333333333,Battery-electric (propeller),0.0
25.650209056800456,393.3333333333333,Battery-electric (propeller),0.0
30.010465178188735,393.3333333333333,Battery-electric (propeller),0.0
35.11191734215131,393.3333333333333,Battery-electric (propeller),0.0
41.08056080177274,393.3333333333333,Battery-electric (propeller),0.0
48.06380863064389,393.3333333333333,Battery-electric (propeller),0.0
56.23413251903491,393.3333333333333,Battery-electric (propeller),0.0
65.79332246575679,393.3333333333333,Battery-electric (propeller),0.0
76.9774705712371,393.3333333333333,Battery-electric (propeller),0.0
90.06280202112787,393.3333333333333,Battery-electric (propeller),0.0
105.37249727360725,393.3333333333333,Battery-electric (propeller),0.0
123.28467394420659,393.3333333333333,Battery-electric (propeller),0.0
144.24172552410664,393.3333333333333,Battery-electric (propeller),0.0
168.7612475788147,393.3333333333333,Battery-electric (propeller),0.0
197.44882128159367,393.3333333333333,Battery-electric (propeller),0.0
231.0129700083158,393.3333333333333,Battery-electric (propeller),0.0
270.28265839051625,393.3333333333333,Battery-electric (propeller),0.0
316.22776601683796,393.3333333333333,Battery-electric (propeller),0.0
369.9830414406966,393.3333333333333,Battery-electric (propeller),0.0
432.8761281083057,393.3333333333333,Battery-electric (propeller),0.0
506.4603543891704,393.3333333333333,Battery-electric (propeller),0.0
592.5530975545674,393.3333333333333,Battery-electric (propeller),0.0
693.2806692144524,393.3333333333333,Battery-electric (propeller),0.0
811.1308307896873,393.3333333333333,Battery-electric (propeller),0.0
949.0142360424725,393.3333333333333,Battery-electric (propeller),0.0
1110.336318167638,393.3333333333333,Battery-electric (propeller),0.0
1299.0813969063468,393.3333333333333,Battery-electric (propeller),0.0
1519.9110829529332,393.3333333333333,Battery-electric (propeller),0.0
1778.2794100389228,393.3333333333333,Battery-electric (propeller),0.0
2080.5675382171694,393.3333333333333,Battery-electric (propeller),0.0
2434.2413552369194,393.3333333333333,Battery-electric (propeller),0.0
2848.035868435799,393.3333333333333,Battery-electric (propeller),0.0
3332.1709412448167,393.3333333333333,Battery-electric (propeller),0.0
3898.603702549072,393.3333333333333,Battery-electric (propeller),0.0
4561.323862890211,393.3333333333333,Battery-electric (propeller),0.0
5336.699231206308,393.3333333333333,Battery-electric (propeller),0.0
6243.879965653626,393.3333333333333,Battery-electric (propeller),0.0
7305.271542664449,393.3333333333333,Battery-electric (propeller),0.0
8547.08812559251,393.3333333333333,Battery-electric (propeller),0.0
10000.0,393.3333333333333,Battery-electric (propeller),0.0
10.0,401.53846153846155,Battery-electric (propeller),0.0
11.69989106589066,401.53846153846155,Battery-electric (propeller),0.0
13.688745095370805,401.53846153846155,Battery-electric (propeller),0.0
16.015682644458355,401.53846153846155,Battery-electric (propeller),0.0
18.73817422860384,401.53846153846155,Battery-electric (propeller),0.0
21.923459724834466,401.53846153846155,Battery-electric (propeller),0.0
25.650209056800456,401.53846153846155,Battery-electric (propeller),0.0
30.010465178188735,401.53846153846155,Battery-electric (propeller),0.0
35.11191734215131,401.53846153846155,Battery-electric (propeller),0.0
41.08056080177274,401.53846153846155,Battery-electric (propeller),0.0
48.06380863064389,401.53846153846155,Battery-electric (propeller),0.0
56.23413251903491,401.53846153846155,Battery-electric (propeller),0.0
65.79332246575679,401.53846153846155,Battery-electric (propeller),0.0
76.9774705712371,401.53846153846155,Battery-electric (propeller),0.0
90.06280202112787,401.53846153846155,Battery-electric (propeller),0.0
105.37249727360725,401.53846153846155,Battery-electric (propeller),0.0
123.28467394420659,401.53846153846155,Battery-electric (propeller),0.0
144.24172552410664,401.53846153846155,Battery-electric (propeller),0.0
168.7612475788147,401.53846153846155,Battery-electric (propeller),0.0
197.44882128159367,401.53846153846155,Battery-electric (propeller),0.0
231.0129700083158,401.53846153846155,Battery-electric (propeller),0.0
270.28265839051625,401.53846153846155,Battery-electric (propeller),0.0
316.22776601683796,401.53846153846155,Battery-electric (propeller),0.0
369.9830414406966,401.53846153846155,Battery-electric (propeller),0.0
432.8761281083057,401.53846153846155,Battery-electric (propeller),0.0
506.4603543891704,401.53846153846155,Battery-electric (propeller),0.0
592.5530975545674,401.53846153846155,Battery-electric (propeller),0.0
693.2806692144524,401.53846153846155,Battery-electric (propeller),0.0
811.1308307896873,401.53846153846155,Battery-electric (propeller),0.0
949.0142360424725,401.53846153846155,Battery-electric (propeller),0.0
1110.336318167638,401.53846153846155,Battery-electric (propeller),0.0
1299.0813969063468,401.53846153846155,Battery-electric (propeller),0.0
1519.9110829529332,401.53846153846155,Battery-electric (propeller),0.0
1778.2794100389228,401.53846153846155,Battery-electric (propeller),0.0
2080.5675382171694,401.53846153846155,Battery-electric (propeller),0.0
2434.2413552369194,401.53846153846155,Battery-electric (propeller),0.0
2848.035868435799,401.53846153846155,Battery-electric (propeller),0.0
3332.1709412448167,401.53846153846155,Battery-electric (propeller),0.0
3898.603702549072,401.53846153846155,Battery-electric (propeller),0.0
4561.323862890211,401.53846153846155,Battery-electric (propeller),0.0
5336.699231206308,401.53846153846155,Battery-electric (propeller),0.0
6243.879965653626,401.53846153846155,Battery-electric (propeller),0.0
7305.271542664449,401.53846153846155,Battery-electric (propeller),0.0
8547.08812559251,401.53846153846155,Battery-electric (propeller),0.0
10000.0,401.53846153846155,Battery-electric (propeller),0.0
10.0,409.7435897435897,Battery-electric (propeller),0.0
11.69989106589066,409.7435897435897,Battery-electric (propeller),0.0
13.688745095370805,409.7435897435897,Battery-electric (propeller),0.0
16.015682644458355,409.7435897435897,Battery-electric (propeller),0.0
18.73817422860384,409.7435897435897,Battery-electric (propeller),0.0
21.923459724834466,409.7435897435897,Battery-electric (propeller),0.0
25.650209056800456,409.7435897435897,Battery-electric (propeller),0.0
30.010465178188735,409.7435897435897,Battery-electric (propeller),0.0
35.11191734215131,409.7435897435897,Battery-electric (propeller),0.0
41.08056080177274,409.7435897435897,Battery-electric (propeller),0.0
48.06380863064389,409.7435897435897,Battery-electric (propeller),0.0
56.23413251903491,409.7435897435897,Battery-electric (propeller),0.0
65.79332246575679,409.7435897435897,Battery-electric (propeller),0.0
76.9774705712371,409.7435897435897,Battery-electric (propeller),0.0
90.06280202112787,409.7435897435897,Battery-electric (propeller),0.0
105.37249727360725,409.7435897435897,Battery-electric (propeller),0.0
123.28467394420659,409.7435897435897,Battery-electric (propeller),0.0
144.24172552410664,409.7435897435897,Battery-electric (propeller),0.0
168.7612475788147,409.7435897435897,Battery-electric (propeller),0.0
197.44882128159367,409.7435897435897,Battery-electric (propeller),0.0
231.0129700083158,409.7435897435897,Battery-electric (propeller),0.0
270.28265839051625,409.7435897435897,Battery-electric (propeller),0.0
316.22776601683796,409.7435897435897,Battery-electric (propeller),0.0
369.9830414406966,409.7435897435897,Battery-electric (propeller),0.0
432.8761281083057,409.7435897435897,Battery-electric (propeller),0.0
506.4603543891704,409.7435897435897,Battery-electric (propeller),0.0
592.5530975545674,409.7435897435897,Battery-electric (propeller),0.0
693.2806692144524,409.7435897435897,Battery-electric (propeller),0.0
811.1308307896873,409.7435897435897,Battery-electric (propeller),0.0
949.0142360424725,409.7435897435897,Battery-electric (propeller),0.0
1110.336318167638,409.7435897435897,Battery-electric (propeller),0.0
1299.0813969063468,409.7435897435897,Battery-electric (propeller),0.0
1519.9110829529332,409.7435897435897,Battery-electric (propeller),0.0
1778.2794100389228,409.7435897435897,Battery-electric (propeller),0.0
2080.5675382171694,409.7435897435897,Battery-electric (propeller),0.0
2434.2413552369194,409.7435897435897,Battery-electric (propeller),0.0
2848.035868435799,409.7435897435897,Battery-electric (propeller),0.0
3332.1709412448167,409.7435897435897,Battery-electric (propeller),0.0
3898.603702549072,409.7435897435897,Battery-electric (propeller),0.0
4561.323862890211,409.7435897435897,Battery-electric (propeller),0.0
5336.699231206308,409.7435897435897,Battery-electric (propeller),0.0
6243.879965653626,409.7435897435897,Battery-electric (propeller),0.0
7305.271542664449,409.7435897435897,Battery-electric (propeller),0.0
8547.08812559251,409.7435897435897,Battery-electric (propeller),0.0
10000.0,409.7435897435897,Battery-electric (propeller),0.0
10.0,417.9487179487179,Battery-electric (propeller),0.0
11.69989106589066,417.9487179487179,Battery-electric (propeller),0.0
13.688745095370805,417.9487179487179,Battery-electric (propeller),0.0
16.015682644458355,417.9487179487179,Battery-electric (propeller),0.0
18.73817422860384,417.9487179487179,Battery-electric (propeller),0.0
21.923459724834466,417.9487179487179,Battery-electric (propeller),0.0
25.650209056800456,417.9487179487179,Battery-electric (propeller),0.0
30.010465178188735,417.9487179487179,Battery-electric (propeller),0.0
35.11191734215131,417.9487179487179,Battery-electric (propeller),0.0
41.08056080177274,417.9487179487179,Battery-electric (propeller),0.0
48.06380863064389,417.9487179487179,Battery-electric (propeller),0.0
56.23413251903491,417.9487179487179,Battery-electric (propeller),0.0
65.79332246575679,417.9487179487179,Battery-electric (propeller),0.0
76.9774705712371,417.9487179487179,Battery-electric (propeller),0.0
90.06280202112787,417.9487179487179,Battery-electric (propeller),0.0
105.37249727360725,417.9487179487179,Battery-electric (propeller),0.0
123.28467394420659,417.9487179487179,Battery-electric (propeller),0.0
144.24172552410664,417.9487179487179,Battery-electric (propeller),0.0
168.7612475788147,417.9487179487179,Battery-electric (propeller),0.0
197.44882128159367,417.9487179487179,Battery-electric (propeller),0.0
231.0129700083158,417.9487179487179,Battery-electric (propeller),0.0
270.28265839051625,417.9487179487179,Battery-electric (propeller),0.0
316.22776601683796,417.9487179487179,Battery-electric (propeller),0.0
369.9830414406966,417.9487179487179,Battery-electric (propeller),0.0
432.8761281083057,417.9487179487179,Battery-electric (propeller),0.0
506.4603543891704,417.9487179487179,Battery-electric (propeller),0.0
592.5530975545674,417.9487179487179,Battery-electric (propeller),0.0
693.2806692144524,417.9487179487179,Battery-electric (propeller),0.0
811.1308307896873,417.9487179487179,Battery-electric (propeller),0.0
949.0142360424725,417.9487179487179,Battery-electric (propeller),0.0
1110.336318167638,417.9487179487179,Battery-electric (propeller),0.0
1299.0813969063468,417.9487179487179,Battery-electric (propeller),0.0
1519.9110829529332,417.9487179487179,Battery-electric (propeller),0.0
1778.2794100389228,417.9487179487179,Battery-electric (propeller),0.0
2080.5675382171694,417.9487179487179,Battery-electric (propeller),0.0
2434.2413552369194,417.9487179487179,Battery-electric (propeller),0.0
2848.035868435799,417.9487179487179,Battery-electric (propeller),0.0
3332.1709412448167,417.9487179487179,Battery-electric (propeller),0.0
3898.603702549072,417.9487179487179,Battery-electric (propeller),0.0
4561.323862890211,417.9487179487179,Battery-electric (propeller),0.0
5336.699231206308,417.9487179487179,Battery-electric (propeller),0.0
6243.879965653626,417.9487179487179,Battery-electric (propeller),0.0
7305.271542664449,417.9487179487179,Battery-electric (propeller),0.0
8547.08812559251,417.9487179487179,Battery-electric (propeller),0.0
10000.0,417.9487179487179,Battery-electric (propeller),0.0
10.0,426.15384615384613,Battery-electric (propeller),0.0
11.69989106589066,426.15384615384613,Battery-electric (propeller),0.0
13.688745095370805,426.15384615384613,Battery-electric (propeller),0.0
16.015682644458355,426.15384615384613,Battery-electric (propeller),0.0
18.73817422860384,426.15384615384613,Battery-electric (propeller),0.0
21.923459724834466,426.15384615384613,Battery-electric (propeller),0.0
25.650209056800456,426.15384615384613,Battery-electric (propeller),0.0
30.010465178188735,426.15384615384613,Battery-electric (propeller),0.0
35.11191734215131,426.15384615384613,Battery-electric (propeller),0.0
41.08056080177274,426.15384615384613,Battery-electric (propeller),0.0
48.06380863064389,426.15384615384613,Battery-electric (propeller),0.0
56.23413251903491,426.15384615384613,Battery-electric (propeller),0.0
65.79332246575679,426.15384615384613,Battery-electric (propeller),0.0
76.9774705712371,426.15384615384613,Battery-electric (propeller),0.0
90.06280202112787,426.15384615384613,Battery-electric (propeller),0.0
105.37249727360725,426.15384615384613,Battery-electric (propeller),0.0
123.28467394420659,426.15384615384613,Battery-electric (propeller),0.0
144.24172552410664,426.15384615384613,Battery-electric (propeller),0.0
168.7612475788147,426.15384615384613,Battery-electric (propeller),0.0
197.44882128159367,426.15384615384613,Battery-electric (propeller),0.0
231.0129700083158,426.15384615384613,Battery-electric (propeller),0.0
270.28265839051625,426.15384615384613,Battery-electric (propeller),0.0
316.22776601683796,426.15384615384613,Battery-electric (propeller),0.0
369.9830414406966,426.15384615384613,Battery-electric (propeller),0.0
432.8761281083057,426.15384615384613,Battery-electric (propeller),0.0
506.4603543891704,426.15384615384613,Battery-electric (propeller),0.0
592.5530975545674,426.15384615384613,Battery-electric (propeller),0.0
693.2806692144524,426.15384615384613,Battery-electric (propeller),0.0
811.1308307896873,426.15384615384613,Battery-electric (propeller),0.0
949.0142360424725,426.15384615384613,Battery-electric (propeller),0.0
1110.336318167638,426.15384615384613,Battery-electric (propeller),0.0
1299.0813969063468,426.15384615384613,Battery-electric (propeller),0.0
1519.9110829529332,426.15384615384613,Battery-electric (propeller),0.0
1778.2794100389228,426.15384615384613,Battery-electric (propeller),0.0
2080.5675382171694,426.15384615384613,Battery-electric (propeller),0.0
2434.2413552369194,426.15384615384613,Battery-electric (propeller),0.0
2848.035868435799,426.15384615384613,Battery-electric (propeller),0.0
3332.1709412448167,426.15384615384613,Battery-electric (propeller),0.0
3898.603702549072,426.15384615384613,Battery-electric (propeller),0.0
4561.323862890211,426.15384615384613,Battery-electric (propeller),0.0
5336.699231206308,426.15384615384613,Battery-electric (propeller),0.0
6243.879965653626,426.15384615384613,Battery-electric (propeller),0.0
7305.271542664449,426.15384615384613,Battery-electric (propeller),0.0
8547.08812559251,426.15384615384613,Battery-electric (propeller),0.0
10000.0,426.15384615384613,Battery-electric (propeller),0.0
10.0,434.35897435897436,Battery-electric (propeller),0.0
11.69989106589066,434.35897435897436,Battery-electric (propeller),0.0
13.688745095370805,434.35897435897436,Battery-electric (propeller),0.0
16.015682644458355,434.35897435897436,Battery-electric (propeller),0.0
18.73817422860384,434.35897435897436,Battery-electric (propeller),0.0
21.923459724834466,434.35897435897436,Battery-electric (propeller),0.0
25.650209056800456,434.35897435897436,Battery-electric (propeller),0.0
30.010465178188735,434.35897435897436,Battery-electric (propeller),0.0
35.11191734215131,434.35897435897436,Battery-electric (propeller),0.0
41.08056080177274,434.35897435897436,Battery-electric (propeller),0.0
48.06380863064389,434.35897435897436,Battery-electric (propeller),0.0
56.23413251903491,434.35897435897436,Battery-electric (propeller),0.0
65.79332246575679,434.35897435897436,Battery-electric (propeller),0.0
76.9774705712371,434.35897435897436,Battery-electric (propeller),0.0
90.06280202112787,434.35897435897436,Battery-electric (propeller),0.0
105.37249727360725,434.35897435897436,Battery-electric (propeller),0.0
123.28467394420659,434.35897435897436,Battery-electric (propeller),0.0
144.24172552410664,434.35897435897436,Battery-electric (propeller),0.0
168.7612475788147,434.35897435897436,Battery-electric (propeller),0.0
197.44882128159367,434.35897435897436,Battery-electric (propeller),0.0
231.0129700083158,434.35897435897436,Battery-electric (propeller),0.0
270.28265839051625,434.35897435897436,Battery-electric (propeller),0.0
316.22776601683796,434.35897435897436,Battery-electric (propeller),0.0
369.9830414406966,434.35897435897436,Battery-electric (propeller),0.0
432.8761281083057,434.35897435897436,Battery-electric (propeller),0.0
506.4603543891704,434.35897435897436,Battery-electric (propeller),0.0
592.5530975545674,434.35897435897436,Battery-electric (propeller),0.0
693.2806692144524,434.35897435897436,Battery-electric (propeller),0.0
811.1308307896873,434.35897435897436,Battery-electric (propeller),0.0
949.0142360424725,434.35897435897436,Battery-electric (propeller),0.0
1110.336318167638,434.35897435897436,Battery-electric (propeller),0.0
1299.0813969063468,434.35897435897436,Battery-electric (propeller),0.0
1519.9110829529332,434.35897435897436,Battery-electric (propeller),0.0
1778.2794100389228,434.35897435897436,Battery-electric (propeller),0.0
2080.5675382171694,434.35897435897436,Battery-electric (propeller),0.0
2434.2413552369194,434.35897435897436,Battery-electric (propeller),0.0
2848.035868435799,434.35897435897436,Battery-electric (propeller),0.0
3332.1709412448167,434.35897435897436,Battery-electric (propeller),0.0
3898.603702549072,434.35897435897436,Battery-electric (propeller),0.0
4561.323862890211,434.35897435897436,Battery-electric (propeller),0.0
5336.699231206308,434.35897435897436,Battery-electric (propeller),0.0
6243.879965653626,434.35897435897436,Battery-electric (propeller),0.0
7305.271542664449,434.35897435897436,Battery-electric (propeller),0.0
8547.08812559251,434.35897435897436,Battery-electric (propeller),0.0
10000.0,434.35897435897436,Battery-electric (propeller),0.0
10.0,442.56410256410254,Battery-electric (propeller),0.0
11.69989106589066,442.56410256410254,Battery-electric (propeller),0.0
13.688745095370805,442.56410256410254,Battery-electric (propeller),0.0
16.015682644458355,442.56410256410254,Battery-electric (propeller),0.0
18.73817422860384,442.56410256410254,Battery-electric (propeller),0.0
21.923459724834466,442.56410256410254,Battery-electric (propeller),0.0
25.650209056800456,442.56410256410254,Battery-electric (propeller),0.0
30.010465178188735,442.56410256410254,Battery-electric (propeller),0.0
35.11191734215131,442.56410256410254,Battery-electric (propeller),0.0
41.08056080177274,442.56410256410254,Battery-electric (propeller),0.0
48.06380863064389,442.56410256410254,Battery-electric (propeller),0.0
56.23413251903491,442.56410256410254,Battery-electric (propeller),0.0
65.79332246575679,442.56410256410254,Battery-electric (propeller),0.0
76.9774705712371,442.56410256410254,Battery-electric (propeller),0.0
90.06280202112787,442.56410256410254,Battery-electric (propeller),0.0
105.37249727360725,442.56410256410254,Battery-electric (propeller),0.0
123.28467394420659,442.56410256410254,Battery-electric (propeller),0.0
144.24172552410664,442.56410256410254,Battery-electric (propeller),0.0
168.7612475788147,442.56410256410254,Battery-electric (propeller),0.0
197.44882128159367,442.56410256410254,Battery-electric (propeller),0.0
231.0129700083158,442.56410256410254,Battery-electric (propeller),0.0
270.28265839051625,442.56410256410254,Battery-electric (propeller),0.0
316.22776601683796,442.56410256410254,Battery-electric (propeller),0.0
369.9830414406966,442.56410256410254,Battery-electric (propeller),0.0
432.8761281083057,442.56410256410254,Battery-electric (propeller),0.0
506.4603543891704,442.56410256410254,Battery-electric (propeller),0.0
592.5530975545674,442.56410256410254,Battery-electric (propeller),0.0
693.2806692144524,442.56410256410254,Battery-electric (propeller),0.0
811.1308307896873,442.56410256410254,Battery-electric (propeller),0.0
949.0142360424725,442.56410256410254,Battery-electric (propeller),0.0
1110.336318167638,442.56410256410254,Battery-electric (propeller),0.0
1299.0813969063468,442.56410256410254,Battery-electric (propeller),0.0
1519.9110829529332,442.56410256410254,Battery-electric (propeller),0.0
1778.2794100389228,442.56410256410254,Battery-electric (propeller),0.0
2080.5675382171694,442.56410256410254,Battery-electric (propeller),0.0
2434.2413552369194,442.56410256410254,Battery-electric (propeller),0.0
2848.035868435799,442.56410256410254,Battery-electric (propeller),0.0
3332.1709412448167,442.56410256410254,Battery-electric (propeller),0.0
3898.603702549072,442.56410256410254,Battery-electric (propeller),0.0
4561.323862890211,442.56410256410254,Battery-electric (propeller),0.0
5336.699231206308,442.56410256410254,Battery-electric (propeller),0.0
6243.879965653626,442.56410256410254,Battery-electric (propeller),0.0
7305.271542664449,442.56410256410254,Battery-electric (propeller),0.0
8547.08812559251,442.56410256410254,Battery-electric (propeller),0.0
10000.0,442.56410256410254,Battery-electric (propeller),0.0
10.0,450.7692307692307,Battery-electric (propeller),0.0
11.69989106589066,450.7692307692307,Battery-electric (propeller),0.0
13.688745095370805,450.7692307692307,Battery-electric (propeller),0.0
16.015682644458355,450.7692307692307,Battery-electric (propeller),0.0
18.73817422860384,450.7692307692307,Battery-electric (propeller),0.0
21.923459724834466,450.7692307692307,Battery-electric (propeller),0.0
25.650209056800456,450.7692307692307,Battery-electric (propeller),0.0
30.010465178188735,450.7692307692307,Battery-electric (propeller),0.0
35.11191734215131,450.7692307692307,Battery-electric (propeller),0.0
41.08056080177274,450.7692307692307,Battery-electric (propeller),0.0
48.06380863064389,450.7692307692307,Battery-electric (propeller),0.0
56.23413251903491,450.7692307692307,Battery-electric (propeller),0.0
65.79332246575679,450.7692307692307,Battery-electric (propeller),0.0
76.9774705712371,450.7692307692307,Battery-electric (propeller),0.0
90.06280202112787,450.7692307692307,Battery-electric (propeller),0.0
105.37249727360725,450.7692307692307,Battery-electric (propeller),0.0
123.28467394420659,450.7692307692307,Battery-electric (propeller),0.0
144.24172552410664,450.7692307692307,Battery-electric (propeller),0.0
168.7612475788147,450.7692307692307,Battery-electric (propeller),0.0
197.44882128159367,450.7692307692307,Battery-electric (propeller),0.0
231.0129700083158,450.7692307692307,Battery-electric (propeller),0.0
270.28265839051625,450.7692307692307,Battery-electric (propeller),0.0
316.22776601683796,450.7692307692307,Battery-electric (propeller),0.0
369.9830414406966,450.7692307692307,Battery-electric (propeller),0.0
432.8761281083057,450.7692307692307,Battery-electric (propeller),0.0
506.4603543891704,450.7692307692307,Battery-electric (propeller),0.0
592.5530975545674,450.7692307692307,Battery-electric (propeller),0.0
693.2806692144524,450.7692307692307,Battery-electric (propeller),0.0
811.1308307896873,450.7692307692307,Battery-electric (propeller),0.0
949.0142360424725,450.7692307692307,Battery-electric (propeller),0.0
1110.336318167638,450.7692307692307,Battery-electric (propeller),0.0
1299.0813969063468,450.7692307692307,Battery-electric (propeller),0.0
1519.9110829529332,450.7692307692307,Battery-electric (propeller),0.0
1778.2794100389228,450.7692307692307,Battery-electric (propeller),0.0
2080.5675382171694,450.7692307692307,Battery-electric (propeller),0.0
2434.2413552369194,450.7692307692307,Battery-electric (propeller),0.0
2848.035868435799,450.7692307692307,Battery-electric (propeller),0.0
3332.1709412448167,450.7692307692307,Battery-electric (propeller),0.0
3898.603702549072,450.7692307692307,Battery-electric (propeller),0.0
4561.323862890211,450.7692307692307,Battery-electric (propeller),0.0
5336.699231206308,450.7692307692307,Battery-electric (propeller),0.0
6243.879965653626,450.7692307692307,Battery-electric (propeller),0.0
7305.271542664449,450.7692307692307,Battery-electric (propeller),0.0
8547.08812559251,450.7692307692307,Battery-electric (propeller),0.0
10000.0,450.7692307692307,Battery-electric (propeller),0.0
10.0,458.97435897435895,Battery-electric (propeller),0.0
11.69989106589066,458.97435897435895,Battery-electric (propeller),0.0
13.688745095370805,458.97435897435895,Battery-electric (propeller),0.0
16.015682644458355,458.97435897435895,Battery-electric (propeller),0.0
18.73817422860384,458.97435897435895,Battery-electric (propeller),0.0
21.923459724834466,458.97435897435895,Battery-electric (propeller),0.0
25.650209056800456,458.97435897435895,Battery-electric (propeller),0.0
30.010465178188735,458.97435897435895,Battery-electric (propeller),0.0
35.11191734215131,458.97435897435895,Battery-electric (propeller),0.0
41.08056080177274,458.97435897435895,Battery-electric (propeller),0.0
48.06380863064389,458.97435897435895,Battery-electric (propeller),0.0
56.23413251903491,458.97435897435895,Battery-electric (propeller),0.0
65.79332246575679,458.97435897435895,Battery-electric (propeller),0.0
76.9774705712371,458.97435897435895,Battery-electric (propeller),0.0
90.06280202112787,458.97435897435895,Battery-electric (propeller),0.0
105.37249727360725,458.97435897435895,Battery-electric (propeller),0.0
123.28467394420659,458.97435897435895,Battery-electric (propeller),0.0
144.24172552410664,458.97435897435895,Battery-electric (propeller),0.0
168.7612475788147,458.97435897435895,Battery-electric (propeller),0.0
197.44882128159367,458.97435897435895,Battery-electric (propeller),0.0
231.0129700083158,458.97435897435895,Battery-electric (propeller),0.0
270.28265839051625,458.97435897435895,Battery-electric (propeller),0.0
316.22776601683796,458.97435897435895,Battery-electric (propeller),0.0
369.9830414406966,458.97435897435895,Battery-electric (propeller),0.0
432.8761281083057,458.97435897435895,Battery-electric (propeller),0.0
506.4603543891704,458.97435897435895,Battery-electric (propeller),0.0
592.5530975545674,458.97435897435895,Battery-electric (propeller),0.0
693.2806692144524,458.97435897435895,Battery-electric (propeller),0.0
811.1308307896873,458.97435897435895,Battery-electric (propeller),0.0
949.0142360424725,458.97435897435895,Battery-electric (propeller),0.0
1110.336318167638,458.97435897435895,Battery-electric (propeller),0.0
1299.0813969063468,458.97435897435895,Battery-electric (propeller),0.0
1519.9110829529332,458.97435897435895,Battery-electric (propeller),0.0
1778.2794100389228,458.97435897435895,Battery-electric (propeller),0.0
2080.5675382171694,458.97435897435895,Battery-electric (propeller),0.0
2434.2413552369194,458.97435897435895,Battery-electric (propeller),0.0
2848.035868435799,458.97435897435895,Battery-electric (propeller),0.0
3332.1709412448167,458.97435897435895,Battery-electric (propeller),0.0
3898.603702549072,458.97435897435895,Battery-electric (propeller),0.0
4561.323862890211,458.97435897435895,Battery-electric (propeller),0.0
5336.699231206308,458.97435897435895,Battery-electric (propeller),0.0
6243.879965653626,458.97435897435895,Battery-electric (propeller),0.0
7305.271542664449,458.97435897435895,Battery-electric (propeller),0.0
8547.08812559251,458.97435897435895,Battery-electric (propeller),0.0
10000.0,458.97435897435895,Battery-electric (propeller),0.0
10.0,467.1794871794872,Battery-electric (propeller),0.0
11.69989106589066,467.1794871794872,Battery-electric (propeller),0.0
13.688745095370805,467.1794871794872,Battery-electric (propeller),0.0
16.015682644458355,467.1794871794872,Battery-electric (propeller),0.0
18.73817422860384,467.1794871794872,Battery-electric (propeller),0.0
21.923459724834466,467.1794871794872,Battery-electric (propeller),0.0
25.650209056800456,467.1794871794872,Battery-electric (propeller),0.0
30.010465178188735,467.1794871794872,Battery-electric (propeller),0.0
35.11191734215131,467.1794871794872,Battery-electric (propeller),0.0
41.08056080177274,467.1794871794872,Battery-electric (propeller),0.0
48.06380863064389,467.1794871794872,Battery-electric (propeller),0.0
56.23413251903491,467.1794871794872,Battery-electric (propeller),0.0
65.79332246575679,467.1794871794872,Battery-electric (propeller),0.0
76.9774705712371,467.1794871794872,Battery-electric (propeller),0.0
90.06280202112787,467.1794871794872,Battery-electric (propeller),0.0
105.37249727360725,467.1794871794872,Battery-electric (propeller),0.0
123.28467394420659,467.1794871794872,Battery-electric (propeller),0.0
144.24172552410664,467.1794871794872,Battery-electric (propeller),0.0
168.7612475788147,467.1794871794872,Battery-electric (propeller),0.0
197.44882128159367,467.1794871794872,Battery-electric (propeller),0.0
231.0129700083158,467.1794871794872,Battery-electric (propeller),0.0
270.28265839051625,467.1794871794872,Battery-electric (propeller),0.0
316.22776601683796,467.1794871794872,Battery-electric (propeller),0.0
369.9830414406966,467.1794871794872,Battery-electric (propeller),0.0
432.8761281083057,467.1794871794872,Battery-electric (propeller),0.0
506.4603543891704,467.1794871794872,Battery-electric (propeller),0.0
592.5530975545674,467.1794871794872,Battery-electric (propeller),0.0
693.2806692144524,467.1794871794872,Battery-electric (propeller),0.0
811.1308307896873,467.1794871794872,Battery-electric (propeller),0.0
949.0142360424725,467.1794871794872,Battery-electric (propeller),0.0
1110.336318167638,467.1794871794872,Battery-electric (propeller),0.0
1299.0813969063468,467.1794871794872,Battery-electric (propeller),0.0
1519.9110829529332,467.1794871794872,Battery-electric (propeller),0.0
1778.2794100389228,467.1794871794872,Battery-electric (propeller),0.0
2080.5675382171694,467.1794871794872,Battery-electric (propeller),0.0
2434.2413552369194,467.1794871794872,Battery-electric (propeller),0.0
2848.035868435799,467.1794871794872,Battery-electric (propeller),0.0
3332.1709412448167,467.1794871794872,Battery-electric (propeller),0.0
3898.603702549072,467.1794871794872,Battery-electric (propeller),0.0
4561.323862890211,467.1794871794872,Battery-electric (propeller),0.0
5336.699231206308,467.1794871794872,Battery-electric (propeller),0.0
6243.879965653626,467.1794871794872,Battery-electric (propeller),0.0
7305.271542664449,467.1794871794872,Battery-electric (propeller),0.0
8547.08812559251,467.1794871794872,Battery-electric (propeller),0.0
10000.0,467.1794871794872,Battery-electric (propeller),0.0
10.0,475.38461538461536,Battery-electric (propeller),0.0
11.69989106589066,475.38461538461536,Battery-electric (propeller),0.0
13.688745095370805,475.38461538461536,Battery-electric (propeller),0.0
16.015682644458355,475.38461538461536,Battery-electric (propeller),0.0
18.73817422860384,475.38461538461536,Battery-electric (propeller),0.0
21.923459724834466,475.38461538461536,Battery-electric (propeller),0.0
25.650209056800456,475.38461538461536,Battery-electric (propeller),0.0
30.010465178188735,475.38461538461536,Battery-electric (propeller),0.0
35.11191734215131,475.38461538461536,Battery-electric (propeller),0.0
41.08056080177274,475.38461538461536,Battery-electric (propeller),0.0
48.06380863064389,475.38461538461536,Battery-electric (propeller),0.0
56.23413251903491,475.38461538461536,Battery-electric (propeller),0.0
65.79332246575679,475.38461538461536,Battery-electric (propeller),0.0
76.9774705712371,475.38461538461536,Battery-electric (propeller),0.0
90.06280202112787,475.38461538461536,Battery-electric (propeller),0.0
105.37249727360725,475.38461538461536,Battery-electric (propeller),0.0
123.28467394420659,475.38461538461536,Battery-electric (propeller),0.0
144.24172552410664,475.38461538461536,Battery-electric (propeller),0.0
168.7612475788147,475.38461538461536,Battery-electric (propeller),0.0
197.44882128159367,475.38461538461536,Battery-electric (propeller),0.0
231.0129700083158,475.38461538461536,Battery-electric (propeller),0.0
270.28265839051625,475.38461538461536,Battery-electric (propeller),0.0
316.22776601683796,475.38461538461536,Battery-electric (propeller),0.0
369.9830414406966,475.38461538461536,Battery-electric (propeller),0.0
432.8761281083057,475.38461538461536,Battery-electric (propeller),0.0
506.4603543891704,475.38461538461536,Battery-electric (propeller),0.0
592.5530975545674,475.38461538461536,Battery-electric (propeller),0.0
693.2806692144524,475.38461538461536,Battery-electric (propeller),0.0
811.1308307896873,475.38461538461536,Battery-electric (propeller),0.0
949.0142360424725,475.38461538461536,Battery-electric (propeller),0.0
1110.336318167638,475.38461538461536,Battery-electric (propeller),0.0
1299.0813969063468,475.38461538461536,Battery-electric (propeller),0.0
1519.9110829529332,475.38461538461536,Battery-electric (propeller),0.0
1778.2794100389228,475.38461538461536,Battery-electric (propeller),0.0
2080.5675382171694,475.38461538461536,Battery-electric (propeller),0.0
2434.2413552369194,475.38461538461536,Battery-electric (propeller),0.0
2848.035868435799,475.38461538461536,Battery-electric (propeller),0.0
3332.1709412448167,475.38461538461536,Battery-electric (propeller),0.0
3898.603702549072,475.38461538461536,Battery-electric (propeller),0.0
4561.323862890211,475.38461538461536,Battery-electric (propeller),0.0
5336.699231206308,475.38461538461536,Battery-electric (propeller),0.0
6243.879965653626,475.38461538461536,Battery-electric (propeller),0.0
7305.271542664449,475.38461538461536,Battery-electric (propeller),0.0
8547.08812559251,475.38461538461536,Battery-electric (propeller),0.0
10000.0,475.38461538461536,Battery-electric (propeller),0.0
10.0,483.58974358974353,Battery-electric (propeller),0.0
11.69989106589066,483.58974358974353,Battery-electric (propeller),0.0
13.688745095370805,483.58974358974353,Battery-electric (propeller),0.0
16.015682644458355,483.58974358974353,Battery-electric (propeller),0.0
18.73817422860384,483.58974358974353,Battery-electric (propeller),0.0
21.923459724834466,483.58974358974353,Battery-electric (propeller),0.0
25.650209056800456,483.58974358974353,Battery-electric (propeller),0.0
30.010465178188735,483.58974358974353,Battery-electric (propeller),0.0
35.11191734215131,483.58974358974353,Battery-electric (propeller),0.0
41.08056080177274,483.58974358974353,Battery-electric (propeller),0.0
48.06380863064389,483.58974358974353,Battery-electric (propeller),0.0
56.23413251903491,483.58974358974353,Battery-electric (propeller),0.0
65.79332246575679,483.58974358974353,Battery-electric (propeller),0.0
76.9774705712371,483.58974358974353,Battery-electric (propeller),0.0
90.06280202112787,483.58974358974353,Battery-electric (propeller),0.0
105.37249727360725,483.58974358974353,Battery-electric (propeller),0.0
123.28467394420659,483.58974358974353,Battery-electric (propeller),0.0
144.24172552410664,483.58974358974353,Battery-electric (propeller),0.0
168.7612475788147,483.58974358974353,Battery-electric (propeller),0.0
197.44882128159367,483.58974358974353,Battery-electric (propeller),0.0
231.0129700083158,483.58974358974353,Battery-electric (propeller),0.0
270.28265839051625,483.58974358974353,Battery-electric (propeller),0.0
316.22776601683796,483.58974358974353,Battery-electric (propeller),0.0
369.9830414406966,483.58974358974353,Battery-electric (propeller),0.0
432.8761281083057,483.58974358974353,Battery-electric (propeller),0.0
506.4603543891704,483.58974358974353,Battery-electric (propeller),0.0
592.5530975545674,483.58974358974353,Battery-electric (propeller),0.0
693.2806692144524,483.58974358974353,Battery-electric (propeller),0.0
811.1308307896873,483.58974358974353,Battery-electric (propeller),0.0
949.0142360424725,483.58974358974353,Battery-electric (propeller),0.0
1110.336318167638,483.58974358974353,Battery-electric (propeller),0.0
1299.0813969063468,483.58974358974353,Battery-electric (propeller),0.0
1519.9110829529332,483.58974358974353,Battery-electric (propeller),0.0
1778.2794100389228,483.58974358974353,Battery-electric (propeller),0.0
2080.5675382171694,483.58974358974353,Battery-electric (propeller),0.0
2434.2413552369194,483.58974358974353,Battery-electric (propeller),0.0
2848.035868435799,483.58974358974353,Battery-electric (propeller),0.0
3332.1709412448167,483.58974358974353,Battery-electric (propeller),0.0
3898.603702549072,483.58974358974353,Battery-electric (propeller),0.0
4561.323862890211,483.58974358974353,Battery-electric (propeller),0.0
5336.699231206308,483.58974358974353,Battery-electric (propeller),0.0
6243.879965653626,483.58974358974353,Battery-electric (propeller),0.0
7305.271542664449,483.58974358974353,Battery-electric (propeller),0.0
8547.08812559251,483.58974358974353,Battery-electric (propeller),0.0
10000.0,483.58974358974353,Battery-electric (propeller),0.0
10.0,491.79487179487177,Battery-electric (propeller),0.0
11.69989106589066,491.79487179487177,Battery-electric (propeller),0.0
13.688745095370805,491.79487179487177,Battery-electric (propeller),0.0
16.015682644458355,491.79487179487177,Battery-electric (propeller),0.0
18.73817422860384,491.79487179487177,Battery-electric (propeller),0.0
21.923459724834466,491.79487179487177,Battery-electric (propeller),0.0
25.650209056800456,491.79487179487177,Battery-electric (propeller),0.0
30.010465178188735,491.79487179487177,Battery-electric (propeller),0.0
35.11191734215131,491.79487179487177,Battery-electric (propeller),0.0
41.08056080177274,491.79487179487177,Battery-electric (propeller),0.0
48.06380863064389,491.79487179487177,Battery-electric (propeller),0.0
56.23413251903491,491.79487179487177,Battery-electric (propeller),0.0
65.79332246575679,491.79487179487177,Battery-electric (propeller),0.0
76.9774705712371,491.79487179487177,Battery-electric (propeller),0.0
90.06280202112787,491.79487179487177,Battery-electric (propeller),0.0
105.37249727360725,491.79487179487177,Battery-electric (propeller),0.0
123.28467394420659,491.79487179487177,Battery-electric (propeller),0.0
144.24172552410664,491.79487179487177,Battery-electric (propeller),0.0
168.7612475788147,491.79487179487177,Battery-electric (propeller),0.0
197.44882128159367,491.79487179487177,Battery-electric (propeller),0.0
231.0129700083158,491.79487179487177,Battery-electric (propeller),0.0
270.28265839051625,491.79487179487177,Battery-electric (propeller),0.0
316.22776601683796,491.79487179487177,Battery-electric (propeller),0.0
369.9830414406966,491.79487179487177,Battery-electric (propeller),0.0
432.8761281083057,491.79487179487177,Battery-electric (propeller),0.0
506.4603543891704,491.79487179487177,Battery-electric (propeller),0.0
592.5530975545674,491.79487179487177,Battery-electric (propeller),0.0
693.2806692144524,491.79487179487177,Battery-electric (propeller),0.0
811.1308307896873,491.79487179487177,Battery-electric (propeller),0.0
949.0142360424725,491.79487179487177,Battery-electric (propeller),0.0
1110.336318167638,491.79487179487177,Battery-electric (propeller),0.0
1299.0813969063468,491.79487179487177,Battery-electric (propeller),0.0
1519.9110829529332,491.79487179487177,Battery-electric (propeller),0.0
1778.2794100389228,491.79487179487177,Battery-electric (propeller),0.0
2080.5675382171694,491.79487179487177,Battery-electric (propeller),0.0
2434.2413552369194,491.79487179487177,Battery-electric (propeller),0.0
2848.035868435799,491.79487179487177,Battery-electric (propeller),0.0
3332.1709412448167,491.79487179487177,Battery-electric (propeller),0.0
3898.603702549072,491.79487179487177,Battery-electric (propeller),0.0
4561.323862890211,491.79487179487177,Battery-electric (propeller),0.0
5336.699231206308,491.79487179487177,Battery-electric (propeller),0.0
6243.879965653626,491.79487179487177,Battery-electric (propeller),0.0
7305.271542664449,491.79487179487177,Battery-electric (propeller),0.0
8547.08812559251,491.79487179487177,Battery-electric (propeller),0.0
10000.0,491.79487179487177,Battery-electric (propeller),0.0
10.0,500.0,Battery-electric (propeller),0.0
11.69989106589066,500.0,Battery-electric (propeller),0.0
13.688745095370805,500.0,Battery-electric (propeller),0.0
16.015682644458355,500.0,Battery-electric (propeller),0.0
18.73817422860384,500.0,Battery-electric (propeller),0.0
21.923459724834466,500.0,Battery-electric (propeller),0.0
25.650209056800456,500.0,Battery-electric (propeller),0.0
30.010465178188735,500.0,Battery-electric (propeller),0.0
35.11191734215131,500.0,Battery-electric (propeller),0.0
41.08056080177274,500.0,Battery-electric (propeller),0.0
48.06380863064389,500.0,Battery-electric (propeller),0.0
56.23413251903491,500.0,Battery-electric (propeller),0.0
65.79332246575679,500.0,Battery-electric (propeller),0.0
76.9774705712371,500.0,Battery-electric (propeller),0.0
90.06280202112787,500.0,Battery-electric (propeller),0.0
105.37249727360725,500.0,Battery-electric (propeller),0.0
123.28467394420659,500.0,Battery-electric (propeller),0.0
144.24172552410664,500.0,Battery-electric (propeller),0.0
168.7612475788147,500.0,Battery-electric (propeller),0.0
197.44882128159367,500.0,Battery-electric (propeller),0.0
231.0129700083158,500.0,Battery-electric (propeller),0.0
270.28265839051625,500.0,Battery-electric (propeller),0.0
316.22776601683796,500.0,Battery-electric (propeller),0.0
369.9830414406966,500.0,Battery-electric (propeller),0.0
432.8761281083057,500.0,Battery-electric (propeller),0.0
506.4603543891704,500.0,Battery-electric (propeller),0.0
592.5530975545674,500.0,Battery-electric (propeller),0.0
693.2806692144524,500.0,Battery-electric (propeller),0.0
811.1308307896873,500.0,Battery-electric (propeller),0.0
949.0142360424725,500.0,Battery-electric (propeller),0.0
1110.336318167638,500.0,Battery-electric (propeller),0.0
1299.0813969063468,500.0,Battery-electric (propeller),0.0
1519.9110829529332,500.0,Battery-electric (propeller),0.0
1778.2794100389228,500.0,Battery-electric (propeller),0.0
2080.5675382171694,500.0,Battery-electric (propeller),0.0
2434.2413552369194,500.0,Battery-electric (propeller),0.0
2848.035868435799,500.0,Battery-electric (propeller),0.0
3332.1709412448167,500.0,Battery-electric (propeller),0.0
3898.603702549072,500.0,Battery-electric (propeller),0.0
4561.323862890211,500.0,Battery-electric (propeller),0.0
5336.699231206308,500.0,Battery-electric (propeller),0.0
6243.879965653626,500.0,Battery-electric (propeller),0.0
7305.271542664449,500.0,Battery-electric (propeller),0.0
8547.08812559251,500.0,Battery-electric (propeller),0.0
10000.0,500.0,Battery-electric (propeller),0.0
10.0,180.0,Hydrogen fuel cell (fan),0.0
11.69989106589066,180.0,Hydrogen fuel cell (fan),0.0
13.688745095370805,180.0,Hydrogen fuel cell (fan),0.0
16.015682644458355,180.0,Hydrogen fuel cell (fan),0.0
18.73817422860384,180.0,Hydrogen fuel cell (fan),0.0
21.923459724834466,180.0,Hydrogen fuel cell (fan),0.0
25.650209056800456,180.0,Hydrogen fuel cell (fan),0.0
30.010465178188735,180.0,Hydrogen fuel cell (fan),0.0
35.11191734215131,180.0,Hydrogen fuel cell (fan),0.0
41.08056080177274,180.0,Hydrogen fuel cell (fan),0.0
48.06380863064389,180.0,Hydrogen fuel cell (fan),0.0
56.23413251903491,180.0,Hydrogen fuel cell (fan),0.0
65.79332246575679,180.0,Hydrogen fuel cell (fan),0.0
76.9774705712371,180.0,Hydrogen fuel cell (fan),0.0
90.06280202112787,180.0,Hydrogen fuel cell (fan),0.0
105.37249727360725,180.0,Hydrogen fuel cell (fan),0.0
123.28467394420659,180.0,Hydrogen fuel cell (fan),0.0
144.24172552410664,180.0,Hydrogen fuel cell (fan),0.0
168.7612475788147,180.0,Hydrogen fuel cell (fan),0.0
197.44882128159367,180.0,Hydrogen fuel cell (fan),0.0
231.0129700083158,180.0,Hydrogen fuel cell (fan),0.0
270.28265839051625,180.0,Hydrogen fuel cell (fan),0.0
316.22776601683796,180.0,Hydrogen fuel cell (fan),0.0
369.9830414406966,180.0,Hydrogen fuel cell (fan),0.0
432.8761281083057,180.0,Hydrogen fuel cell (fan),0.0
506.4603543891704,180.0,Hydrogen fuel cell (fan),0.0
592.5530975545674,180.0,Hydrogen fuel cell (fan),0.0
693.2806692144524,180.0,Hydrogen fuel cell (fan),0.0
811.1308307896873,180.0,Hydrogen fuel cell (fan),0.0
949.0142360424725,180.0,Hydrogen fuel cell (fan),0.0
1110.336318167638,180.0,Hydrogen fuel cell (fan),0.0
1299.0813969063468,180.0,Hydrogen fuel cell (fan),0.0
1519.9110829529332,180.0,Hydrogen fuel cell (fan),0.0
1778.2794100389228,180.0,Hydrogen fuel cell (fan),0.0
2080.5675382171694,180.0,Hydrogen fuel cell (fan),0.0
2434.2413552369194,180.0,Hydrogen fuel cell (fan),0.0
2848.035868435799,180.0,Hydrogen fuel cell (fan),0.0
3332.1709412448167,180.0,Hydrogen fuel cell (fan),0.0
3898.603702549072,180.0,Hydrogen fuel cell (fan),0.0
4561.323862890211,180.0,Hydrogen fuel cell (fan),0.0
5336.699231206308,180.0,Hydrogen fuel cell (fan),0.0
6243.879965653626,180.0,Hydrogen fuel cell (fan),0.0
7305.271542664449,180.0,Hydrogen fuel cell (fan),0.0
8547.08812559251,180.0,Hydrogen fuel cell (fan),0.0
10000.0,180.0,Hydrogen fuel cell (fan),0.0
10.0,188.2051282051282,Hydrogen fuel cell (fan),0.0
11.69989106589066,188.2051282051282,Hydrogen fuel cell (fan),0.0
13.688745095370805,188.2051282051282,Hydrogen fuel cell (fan),0.0
16.015682644458355,188.2051282051282,Hydrogen fuel cell (fan),0.0
18.73817422860384,188.2051282051282,Hydrogen fuel cell (fan),0.0
21.923459724834466,188.2051282051282,Hydrogen fuel cell (fan),0.0
25.650209056800456,188.2051282051282,Hydrogen fuel cell (fan),0.0
30.010465178188735,188.2051282051282,Hydrogen fuel cell (fan),0.0
35.11191734215131,188.2051282051282,Hydrogen fuel cell (fan),0.0
41.08056080177274,188.2051282051282,Hydrogen fuel cell (fan),0.0
48.06380863064389,188.2051282051282,Hydrogen fuel cell (fan),0.0
56.23413251903491,188.2051282051282,Hydrogen fuel cell (fan),0.0
65.79332246575679,188.2051282051282,Hydrogen fuel cell (fan),0.0
76.9774705712371,188.2051282051282,Hydrogen fuel cell (fan),0.0
90.06280202112787,188.2051282051282,Hydrogen fuel cell (fan),0.0
105.37249727360725,188.2051282051282,Hydrogen fuel cell (fan),0.0
123.28467394420659,188.2051282051282,Hydrogen fuel cell (fan),0.0
144.24172552410664,188.2051282051282,Hydrogen fuel cell (fan),0.0
168.7612475788147,188.2051282051282,Hydrogen fuel cell (fan),0.0
197.44882128159367,188.2051282051282,Hydrogen fuel cell (fan),0.0
231.0129700083158,188.2051282051282,Hydrogen fuel cell (fan),0.0
270.28265839051625,188.2051282051282,Hydrogen fuel cell (fan),0.0
316.22776601683796,188.2051282051282,Hydrogen fuel cell (fan),0.0
369.9830414406966,188.2051282051282,Hydrogen fuel cell (fan),0.0
432.8761281083057,188.2051282051282,Hydrogen fuel cell (fan),0.0
506.4603543891704,188.2051282051282,Hydrogen fuel cell (fan),0.0
592.5530975545674,188.2051282051282,Hydrogen fuel cell (fan),0.0
693.2806692144524,188.2051282051282,Hydrogen fuel cell (fan),0.0
811.1308307896873,188.2051282051282,Hydrogen fuel cell (fan),0.0
949.0142360424725,188.2051282051282,Hydrogen fuel cell (fan),0.0
1110.336318167638,188.2051282051282,Hydrogen fuel cell (fan),0.0
1299.0813969063468,188.2051282051282,Hydrogen fuel cell (fan),0.0
1519.9110829529332,188.2051282051282,Hydrogen fuel cell (fan),0.0
1778.2794100389228,188.2051282051282,Hydrogen fuel cell (fan),0.0
2080.5675382171694,188.2051282051282,Hydrogen fuel cell (fan),0.0
2434.2413552369194,188.2051282051282,Hydrogen fuel cell (fan),0.0
2848.035868435799,188.2051282051282,Hydrogen fuel cell (fan),0.0
3332.1709412448167,188.2051282051282,Hydrogen fuel cell (fan),0.0
3898.603702549072,188.2051282051282,Hydrogen fuel cell (fan),0.0
4561.323862890211,188.2051282051282,Hydrogen fuel cell (fan),0.0
5336.699231206308,188.2051282051282,Hydrogen fuel cell (fan),0.0
6243.879965653626,188.2051282051282,Hydrogen fuel cell (fan),0.0
7305.271542664449,188.2051282051282,Hydrogen fuel cell (fan),0.0
8547.08812559251,188.2051282051282,Hydrogen fuel cell (fan),0.0
10000.0,188.2051282051282,Hydrogen fuel cell (fan),0.0
10.0,196.4102564102564,Hydrogen fuel cell (fan),0.0
11.69989106589066,196.4102564102564,Hydrogen fuel cell (fan),0.0
13.688745095370805,196.4102564102564,Hydrogen fuel cell (fan),0.0
16.015682644458355,196.4102564102564,Hydrogen fuel cell (fan),0.0
18.73817422860384,196.4102564102564,Hydrogen fuel cell (fan),0.0
21.923459724834466,196.4102564102564,Hydrogen fuel cell (fan),0.0
25.650209056800456,196.4102564102564,Hydrogen fuel cell (fan),0.0
30.010465178188735,196.4102564102564,Hydrogen fuel cell (fan),0.0
35.11191734215131,196.4102564102564,Hydrogen fuel cell (fan),0.0
41.08056080177274,196.4102564102564,Hydrogen fuel cell (fan),0.0
48.06380863064389,196.4102564102564,Hydrogen fuel cell (fan),0.0
56.23413251903491,196.4102564102564,Hydrogen fuel cell (fan),0.0
65.79332246575679,196.4102564102564,Hydrogen fuel cell (fan),0.0
76.9774705712371,196.4102564102564,Hydrogen fuel cell (fan),0.0
90.06280202112787,196.4102564102564,Hydrogen fuel cell (fan),0.0
105.37249727360725,196.4102564102564,Hydrogen fuel cell (fan),0.0
123.28467394420659,196.4102564102564,Hydrogen fuel cell (fan),0.0
144.24172552410664,196.4102564102564,Hydrogen fuel cell (fan),0.0
168.7612475788147,196.4102564102564,Hydrogen fuel cell (fan),0.0
197.44882128159367,196.4102564102564,Hydrogen fuel cell (fan),0.0
231.0129700083158,196.4102564102564,Hydrogen fuel cell (fan),0.0
270.28265839051625,196.4102564102564,Hydrogen fuel cell (fan),0.0
316.22776601683796,196.4102564102564,Hydrogen fuel cell (fan),0.0
369.9830414406966,196.4102564102564,Hydrogen fuel cell (fan),0.0
432.8761281083057,196.4102564102564,Hydrogen fuel cell (fan),0.0
506.4603543891704,196.4102564102564,Hydrogen fuel cell (fan),0.0
592.5530975545674,196.4102564102564,Hydrogen fuel cell (fan),0.0
693.2806692144524,196.4102564102564,Hydrogen fuel cell (fan),0.0
811.1308307896873,196.4102564102564,Hydrogen fuel cell (fan),0.0
949.0142360424725,196.4102564102564,Hydrogen fuel cell (fan),0.0
1110.336318167638,196.4102564102564,Hydrogen fuel cell (fan),0.0
1299.0813969063468,196.4102564102564,Hydrogen fuel cell (fan),0.0
1519.9110829529332,196.4102564102564,Hydrogen fuel cell (fan),0.0
1778.2794100389228,196.4102564102564,Hydrogen fuel cell (fan),0.0
2080.5675382171694,196.4102564102564,Hydrogen fuel cell (fan),0.0
2434.2413552369194,196.4102564102564,Hydrogen fuel cell (fan),0.0
2848.035868435799,196.4102564102564,Hydrogen fuel cell (fan),0.0
3332.1709412448167,196.4102564102564,Hydrogen fuel cell (fan),0.0
3898.603702549072,196.4102564102564,Hydrogen fuel cell (fan),0.0
4561.323862890211,196.4102564102564,Hydrogen fuel cell (fan),0.0
5336.699231206308,196.4102564102564,Hydrogen fuel cell (fan),0.0
6243.879965653626,196.4102564102564,Hydrogen fuel cell (fan),0.0
7305.271542664449,196.4102564102564,Hydrogen fuel cell (fan),0.0
8547.08812559251,196.4102564102564,Hydrogen fuel cell (fan),0.0
10000.0,196.4102564102564,Hydrogen fuel cell (fan),0.0
10.0,204.6153846153846,Hydrogen fuel cell (fan),0.0
11.69989106589066,204.6153846153846,Hydrogen fuel cell (fan),0.0
13.688745095370805,204.6153846153846,Hydrogen fuel cell (fan),0.0
16.015682644458355,204.6153846153846,Hydrogen fuel cell (fan),0.0
18.73817422860384,204.6153846153846,Hydrogen fuel cell (fan),0.0
21.923459724834466,204.6153846153846,Hydrogen fuel cell (fan),0.0
25.650209056800456,204.6153846153846,Hydrogen fuel cell (fan),0.0
30.010465178188735,204.6153846153846,Hydrogen fuel cell (fan),0.0
35.11191734215131,204.6153846153846,Hydrogen fuel cell (fan),0.0
41.08056080177274,204.6153846153846,Hydrogen fuel cell (fan),0.0
48.06380863064389,204.6153846153846,Hydrogen fuel cell (fan),0.0
56.23413251903491,204.6153846153846,Hydrogen fuel cell (fan),0.0
65.79332246575679,204.6153846153846,Hydrogen fuel cell (fan),0.0
76.9774705712371,204.6153846153846,Hydrogen fuel cell (fan),0.0
90.06280202112787,204.6153846153846,Hydrogen fuel cell (fan),0.0
105.37249727360725,204.6153846153846,Hydrogen fuel cell (fan),0.0
123.28467394420659,204.6153846153846,Hydrogen fuel cell (fan),0.0
144.24172552410664,204.6153846153846,Hydrogen fuel cell (fan),0.0
168.7612475788147,204.6153846153846,Hydrogen fuel cell (fan),0.0
197.44882128159367,204.6153846153846,Hydrogen fuel cell (fan),0.0
231.0129700083158,204.6153846153846,Hydrogen fuel cell (fan),0.0
270.28265839051625,204.6153846153846,Hydrogen fuel cell (fan),0.0
316.22776601683796,204.6153846153846,Hydrogen fuel cell (fan),0.0
369.9830414406966,204.6153846153846,Hydrogen fuel cell (fan),0.0
432.8761281083057,204.6153846153846,Hydrogen fuel cell (fan),0.0
506.4603543891704,204.6153846153846,Hydrogen fuel cell (fan),0.0
592.5530975545674,204.6153846153846,Hydrogen fuel cell (fan),0.0
693.2806692144524,204.6153846153846,Hydrogen fuel cell (fan),0.0
811.1308307896873,204.6153846153846,Hydrogen fuel cell (fan),0.0
949.0142360424725,204.6153846153846,Hydrogen fuel cell (fan),0.0
1110.336318167638,204.6153846153846,Hydrogen fuel cell (fan),0.0
1299.0813969063468,204.6153846153846,Hydrogen fuel cell (fan),0.0
1519.9110829529332,204.6153846153846,Hydrogen fuel cell (fan),0.0
1778.2794100389228,204.6153846153846,Hydrogen fuel cell (fan),0.0
2080.5675382171694,204.6153846153846,Hydrogen fuel cell (fan),0.0
2434.2413552369194,204.6153846153846,Hydrogen fuel cell (fan),0.0
2848.035868435799,204.6153846153846,Hydrogen fuel cell (fan),0.0
3332.1709412448167,204.6153846153846,Hydrogen fuel cell (fan),0.0
3898.603702549072,204.6153846153846,Hydrogen fuel cell (fan),0.0
4561.323862890211,204.6153846153846,Hydrogen fuel cell (fan),0.0
5336.699231206308,204.6153846153846,Hydrogen fuel cell (fan),0.0
6243.879965653626,204.6153846153846,Hydrogen fuel cell (fan),0.0
7305.271542664449,204.6153846153846,Hydrogen fuel cell (fan),0.0
8547.08812559251,204.6153846153846,Hydrogen fuel cell (fan),0.0
10000.0,204.6153846153846,Hydrogen fuel cell (fan),0.0
10.0,212.82051282051282,Hydrogen fuel cell (fan),0.0
11.69989106589066,212.82051282051282,Hydrogen fuel cell (fan),0.0
13.688745095370805,212.82051282051282,Hydrogen fuel cell (fan),0.0
16.015682644458355,212.82051282051282,Hydrogen fuel cell (fan),0.0
18.73817422860384,212.82051282051282,Hydrogen fuel cell (fan),0.0
21.923459724834466,212.82051282051282,Hydrogen fuel cell (fan),0.0
25.650209056800456,212.82051282051282,Hydrogen fuel cell (fan),0.0
30.010465178188735,212.82051282051282,Hydrogen fuel cell (fan),0.0
35.11191734215131,212.82051282051282,Hydrogen fuel cell (fan),0.0
41.08056080177274,212.82051282051282,Hydrogen fuel cell (fan),0.0
48.06380863064389,212.82051282051282,Hydrogen fuel cell (fan),0.0
56.23413251903491,212.82051282051282,Hydrogen fuel cell (fan),0.0
65.79332246575679,212.82051282051282,Hydrogen fuel cell (fan),0.0
76.9774705712371,212.82051282051282,Hydrogen fuel cell (fan),0.0
90.06280202112787,212.82051282051282,Hydrogen fuel cell (fan),0.0
105.37249727360725,212.82051282051282,Hydrogen fuel cell (fan),0.0
123.28467394420659,212.82051282051282,Hydrogen fuel cell (fan),0.0
144.24172552410664,212.82051282051282,Hydrogen fuel cell (fan),0.0
168.7612475788147,212.82051282051282,Hydrogen fuel cell (fan),0.0
197.44882128159367,212.82051282051282,Hydrogen fuel cell (fan),0.0
231.0129700083158,212.82051282051282,Hydrogen fuel cell (fan),0.0
270.28265839051625,212.82051282051282,Hydrogen fuel cell (fan),0.0
316.22776601683796,212.82051282051282,Hydrogen fuel cell (fan),0.0
369.9830414406966,212.82051282051282,Hydrogen fuel cell (fan),0.0
432.8761281083057,212.82051282051282,Hydrogen fuel cell (fan),0.0
506.4603543891704,212.82051282051282,Hydrogen fuel cell (fan),0.0
592.5530975545674,212.82051282051282,Hydrogen fuel cell (fan),0.0
693.2806692144524,212.82051282051282,Hydrogen fuel cell (fan),0.0
811.1308307896873,212.82051282051282,Hydrogen fuel cell (fan),0.0
949.0142360424725,212.82051282051282,Hydrogen fuel cell (fan),0.0
1110.336318167638,212.82051282051282,Hydrogen fuel cell (fan),0.0
1299.0813969063468,212.82051282051282,Hydrogen fuel cell (fan),0.0
1519.9110829529332,212.82051282051282,Hydrogen fuel cell (fan),0.0
1778.2794100389228,212.82051282051282,Hydrogen fuel cell (fan),0.0
2080.5675382171694,212.82051282051282,Hydrogen fuel cell (fan),0.0
2434.2413552369194,212.82051282051282,Hydrogen fuel cell (fan),0.0
2848.035868435799,212.82051282051282,Hydrogen fuel cell (fan),0.0
3332.1709412448167,212.82051282051282,Hydrogen fuel cell (fan),0.0
3898.603702549072,212.82051282051282,Hydrogen fuel cell (fan),0.0
4561.323862890211,212.82051282051282,Hydrogen fuel cell (fan),0.0
5336.699231206308,212.82051282051282,Hydrogen fuel cell (fan),0.0
6243.879965653626,212.82051282051282,Hydrogen fuel cell (fan),0.0
7305.271542664449,212.82051282051282,Hydrogen fuel cell (fan),0.0
8547.08812559251,212.82051282051282,Hydrogen fuel cell (fan),0.0
10000.0,212.82051282051282,Hydrogen fuel cell (fan),0.0
10.0,221.02564102564102,Hydrogen fuel cell (fan),0.0
11.69989106589066,221.02564102564102,Hydrogen fuel cell (fan),0.0
13.688745095370805,221.02564102564102,Hydrogen fuel cell (fan),0.0
16.015682644458355,221.02564102564102,Hydrogen fuel cell (fan),0.0
18.73817422860384,221.02564102564102,Hydrogen fuel cell (fan),0.0
21.923459724834466,221.02564102564102,Hydrogen fuel cell (fan),0.0
25.650209056800456,221.02564102564102,Hydrogen fuel cell (fan),0.0
30.010465178188735,221.02564102564102,Hydrogen fuel cell (fan),0.0
35.11191734215131,221.02564102564102,Hydrogen fuel cell (fan),0.0
41.08056080177274,221.02564102564102,Hydrogen fuel cell (fan),0.0
48.06380863064389,221.02564102564102,Hydrogen fuel cell (fan),0.0
56.23413251903491,221.02564102564102,Hydrogen fuel cell (fan),0.0
65.79332246575679,221.02564102564102,Hydrogen fuel cell (fan),0.0
76.9774705712371,221.02564102564102,Hydrogen fuel cell (fan),0.0
90.06280202112787,221.02564102564102,Hydrogen fuel cell (fan),0.0
105.37249727360725,221.02564102564102,Hydrogen fuel cell (fan),0.0
123.28467394420659,221.02564102564102,Hydrogen fuel cell (fan),0.0
144.24172552410664,221.02564102564102,Hydrogen fuel cell (fan),0.0
168.7612475788147,221.02564102564102,Hydrogen fuel cell (fan),0.0
197.44882128159367,221.02564102564102,Hydrogen fuel cell (fan),0.0
231.0129700083158,221.02564102564102,Hydrogen fuel cell (fan),0.0
270.28265839051625,221.02564102564102,Hydrogen fuel cell (fan),0.0
316.22776601683796,221.02564102564102,Hydrogen fuel cell (fan),0.0
369.9830414406966,221.02564102564102,Hydrogen fuel cell (fan),0.0
432.8761281083057,221.02564102564102,Hydrogen fuel cell (fan),0.0
506.4603543891704,221.02564102564102,Hydrogen fuel cell (fan),0.0
592.5530975545674,221.02564102564102,Hydrogen fuel cell (fan),0.0
693.2806692144524,221.02564102564102,Hydrogen fuel cell (fan),0.0
811.1308307896873,221.02564102564102,Hydrogen fuel cell (fan),0.0
949.0142360424725,221.02564102564102,Hydrogen fuel cell (fan),0.0
1110.336318167638,221.02564102564102,Hydrogen fuel cell (fan),0.0
1299.0813969063468,221.02564102564102,Hydrogen fuel cell (fan),0.0
1519.9110829529332,221.02564102564102,Hydrogen fuel cell (fan),0.0
1778.2794100389228,221.02564102564102,Hydrogen fuel cell (fan),0.0
2080.5675382171694,221.02564102564102,Hydrogen fuel cell (fan),0.0
2434.2413552369194,221.02564102564102,Hydrogen fuel cell (fan),0.0
2848.035868435799,221.02564102564102,Hydrogen fuel cell (fan),0.0
3332.1709412448167,221.02564102564102,Hydrogen fuel cell (fan),0.0
3898.603702549072,221.02564102564102,Hydrogen fuel cell (fan),0.0
4561.323862890211,221.02564102564102,Hydrogen fuel cell (fan),0.0
5336.699231206308,221.02564102564102,Hydrogen fuel cell (fan),0.0
6243.879965653626,221.02564102564102,Hydrogen fuel cell (fan),0.0
7305.271542664449,221.02564102564102,Hydrogen fuel cell (fan),0.0
8547.08812559251,221.02564102564102,Hydrogen fuel cell (fan),0.0
10000.0,221.02564102564102,Hydrogen fuel cell (fan),0.0
10.0,229.23076923076923,Hydrogen fuel cell (fan),0.0
11.69989106589066,229.23076923076923,Hydrogen fuel cell (fan),0.0
13.688745095370805,229.23076923076923,Hydrogen fuel cell (fan),0.0
16.015682644458355,229.23076923076923,Hydrogen fuel cell (fan),0.0
18.73817422860384,229.23076923076923,Hydrogen fuel cell (fan),0.0
21.923459724834466,229.23076923076923,Hydrogen fuel cell (fan),0.0
25.650209056800456,229.23076923076923,Hydrogen fuel cell (fan),0.0
30.010465178188735,229.23076923076923,Hydrogen fuel cell (fan),0.0
35.11191734215131,229.23076923076923,Hydrogen fuel cell (fan),0.0
41.08056080177274,229.23076923076923,Hydrogen fuel cell (fan),0.0
48.06380863064389,229.23076923076923,Hydrogen fuel cell (fan),0.0
56.23413251903491,229.23076923076923,Hydrogen fuel cell (fan),0.0
65.79332246575679,229.23076923076923,Hydrogen fuel cell (fan),0.0
76.9774705712371,229.23076923076923,Hydrogen fuel cell (fan),0.0
90.06280202112787,229.23076923076923,Hydrogen fuel cell (fan),0.0
105.37249727360725,229.23076923076923,Hydrogen fuel cell (fan),0.0
123.28467394420659,229.23076923076923,Hydrogen fuel cell (fan),0.0
144.24172552410664,229.23076923076923,Hydrogen fuel cell (fan),0.0
168.7612475788147,229.23076923076923,Hydrogen fuel cell (fan),0.0
197.44882128159367,229.23076923076923,Hydrogen fuel cell (fan),0.0
231.0129700083158,229.23076923076923,Hydrogen fuel cell (fan),0.0
270.28265839051625,229.23076923076923,Hydrogen fuel cell (fan),0.0
316.22776601683796,229.23076923076923,Hydrogen fuel cell (fan),0.0
369.9830414406966,229.23076923076923,Hydrogen fuel cell (fan),0.0
432.8761281083057,229.23076923076923,Hydrogen fuel cell (fan),0.0
506.4603543891704,229.23076923076923,Hydrogen fuel cell (fan),0.0
592.5530975545674,229.23076923076923,Hydrogen fuel cell (fan),0.0
693.2806692144524,229.23076923076923,Hydrogen fuel cell (fan),0.0
811.1308307896873,229.23076923076923,Hydrogen fuel cell (fan),0.0
949.0142360424725,229.23076923076923,Hydrogen fuel cell (fan),0.0
1110.336318167638,229.23076923076923,Hydrogen fuel cell (fan),0.0
1299.0813969063468,229.23076923076923,Hydrogen fuel cell (fan),0.0
1519.9110829529332,229.23076923076923,Hydrogen fuel cell (fan),0.0
1778.2794100389228,229.23076923076923,Hydrogen fuel cell (fan),0.0
2080.5675382171694,229.23076923076923,Hydrogen fuel cell (fan),0.0
2434.2413552369194,229.23076923076923,Hydrogen fuel cell (fan),0.0
2848.035868435799,229.23076923076923,Hydrogen fuel cell (fan),0.0
3332.1709412448167,229.23076923076923,Hydrogen fuel cell (fan),0.0
3898.603702549072,229.23076923076923,Hydrogen fuel cell (fan),0.0
4561.323862890211,229.23076923076923,Hydrogen fuel cell (fan),0.0
5336.699231206308,229.23076923076923,Hydrogen fuel cell (fan),0.0
6243.879965653626,229.23076923076923,Hydrogen fuel cell (fan),0.0
7305.271542664449,229.23076923076923,Hydrogen fuel cell (fan),0.0
8547.08812559251,229.23076923076923,Hydrogen fuel cell (fan),0.0
10000.0,229.23076923076923,Hydrogen fuel cell (fan),0.0
10.0,237.43589743589743,Hydrogen fuel cell (fan),0.0
11.69989106589066,237.43589743589743,Hydrogen fuel cell (fan),0.0
13.688745095370805,237.43589743589743,Hydrogen fuel cell (fan),0.0
16.015682644458355,237.43589743589743,Hydrogen fuel cell (fan),0.0
18.73817422860384,237.43589743589743,Hydrogen fuel cell (fan),0.0
21.923459724834466,237.43589743589743,Hydrogen fuel cell (fan),0.0
25.650209056800456,237.43589743589743,Hydrogen fuel cell (fan),0.0
30.010465178188735,237.43589743589743,Hydrogen fuel cell (fan),0.0
35.11191734215131,237.43589743589743,Hydrogen fuel cell (fan),0.0
41.08056080177274,237.43589743589743,Hydrogen fuel cell (fan),0.0
48.06380863064389,237.43589743589743,Hydrogen fuel cell (fan),0.0
56.23413251903491,237.43589743589743,Hydrogen fuel cell (fan),0.0
65.79332246575679,237.43589743589743,Hydrogen fuel cell (fan),0.0
76.9774705712371,237.43589743589743,Hydrogen fuel cell (fan),0.0
90.06280202112787,237.43589743589743,Hydrogen fuel cell (fan),0.0
105.37249727360725,237.43589743589743,Hydrogen fuel cell (fan),0.0
123.28467394420659,237.43589743589743,Hydrogen fuel cell (fan),0.0
144.24172552410664,237.43589743589743,Hydrogen fuel cell (fan),0.0
168.7612475788147,237.43589743589743,Hydrogen fuel cell (fan),0.0
197.44882128159367,237.43589743589743,Hydrogen fuel cell (fan),0.0
231.0129700083158,237.43589743589743,Hydrogen fuel cell (fan),0.0
270.28265839051625,237.43589743589743,Hydrogen fuel cell (fan),0.0
316.22776601683796,237.43589743589743,Hydrogen fuel cell (fan),0.0
369.9830414406966,237.43589743589743,Hydrogen fuel cell (fan),0.0
432.8761281083057,237.43589743589743,Hydrogen fuel cell (fan),0.0
506.4603543891704,237.43589743589743,Hydrogen fuel cell (fan),0.0
592.5530975545674,237.43589743589743,Hydrogen fuel cell (fan),0.0
693.2806692144524,237.43589743589743,Hydrogen fuel cell (fan),0.0
811.1308307896873,237.43589743589743,Hydrogen fuel cell (fan),0.0
949.0142360424725,237.43589743589743,Hydrogen fuel cell (fan),0.0
1110.336318167638,237.43589743589743,Hydrogen fuel cell (fan),0.0
1299.0813969063468,237.43589743589743,Hydrogen fuel cell (fan),0.0
1519.9110829529332,237.43589743589743,Hydrogen fuel cell (fan),0.0
1778.2794100389228,237.43589743589743,Hydrogen fuel cell (fan),0.0
2080.5675382171694,237.43589743589743,Hydrogen fuel cell (fan),0.0
2434.2413552369194,237.43589743589743,Hydrogen fuel cell (fan),0.0
2848.035868435799,237.43589743589743,Hydrogen fuel cell (fan),0.0
3332.1709412448167,237.43589743589743,Hydrogen fuel cell (fan),0.0
3898.603702549072,237.43589743589743,Hydrogen fuel cell (fan),0.0
4561.323862890211,237.43589743589743,Hydrogen fuel cell (fan),0.0
5336.699231206308,237.43589743589743,Hydrogen fuel cell (fan),0.0
6243.879965653626,237.43589743589743,Hydrogen fuel cell (fan),0.0
7305.271542664449,237.43589743589743,Hydrogen fuel cell (fan),0.0
8547.08812559251,237.43589743589743,Hydrogen fuel cell (fan),0.0
10000.0,237.43589743589743,Hydrogen fuel cell (fan),0.0
10.0,245.64102564102564,Hydrogen fuel cell (fan),0.0
11.69989106589066,245.64102564102564,Hydrogen fuel cell (fan),0.0
13.688745095370805,245.64102564102564,Hydrogen fuel cell (fan),0.0
16.015682644458355,245.64102564102564,Hydrogen fuel cell (fan),0.0
18.73817422860384,245.64102564102564,Hydrogen fuel cell (fan),0.0
21.923459724834466,245.64102564102564,Hydrogen fuel cell (fan),0.0
25.650209056800456,245.64102564102564,Hydrogen fuel cell (fan),0.0
30.010465178188735,245.64102564102564,Hydrogen fuel cell (fan),0.0
35.11191734215131,245.64102564102564,Hydrogen fuel cell (fan),0.0
41.08056080177274,245.64102564102564,Hydrogen fuel cell (fan),0.0
48.06380863064389,245.64102564102564,Hydrogen fuel cell (fan),0.0
56.23413251903491,245.64102564102564,Hydrogen fuel cell (fan),0.0
65.79332246575679,245.64102564102564,Hydrogen fuel cell (fan),0.0
76.9774705712371,245.64102564102564,Hydrogen fuel cell (fan),0.0
90.06280202112787,245.64102564102564,Hydrogen fuel cell (fan),0.0
105.37249727360725,245.64102564102564,Hydrogen fuel cell (fan),0.0
123.28467394420659,245.64102564102564,Hydrogen fuel cell (fan),0.0
144.24172552410664,245.64102564102564,Hydrogen fuel cell (fan),0.0
168.7612475788147,245.64102564102564,Hydrogen fuel cell (fan),0.0
197.44882128159367,245.64102564102564,Hydrogen fuel cell (fan),0.0
231.0129700083158,245.64102564102564,Hydrogen fuel cell (fan),0.0
270.28265839051625,245.64102564102564,Hydrogen fuel cell (fan),0.0
316.22776601683796,245.64102564102564,Hydrogen fuel cell (fan),0.0
369.9830414406966,245.64102564102564,Hydrogen fuel cell (fan),0.0
432.8761281083057,245.64102564102564,Hydrogen fuel cell (fan),0.0
506.4603543891704,245.64102564102564,Hydrogen fuel cell (fan),0.0
592.5530975545674,245.64102564102564,Hydrogen fuel cell (fan),0.0
693.2806692144524,245.64102564102564,Hydrogen fuel cell (fan),0.0
811.1308307896873,245.64102564102564,Hydrogen fuel cell (fan),0.0
949.0142360424725,245.64102564102564,Hydrogen fuel cell (fan),0.0
1110.336318167638,245.64102564102564,Hydrogen fuel cell (fan),0.0
1299.0813969063468,245.64102564102564,Hydrogen fuel cell (fan),0.0
1519.9110829529332,245.64102564102564,Hydrogen fuel cell (fan),0.0
1778.2794100389228,245.64102564102564,Hydrogen fuel cell (fan),0.0
2080.5675382171694,245.64102564102564,Hydrogen fuel cell (fan),0.0
2434.2413552369194,245.64102564102564,Hydrogen fuel cell (fan),0.0
2848.035868435799,245.64102564102564,Hydrogen fuel cell (fan),0.0
3332.1709412448167,245.64102564102564,Hydrogen fuel cell (fan),0.0
3898.603702549072,245.64102564102564,Hydrogen fuel cell (fan),0.0
4561.323862890211,245.64102564102564,Hydrogen fuel cell (fan),0.0
5336.699231206308,245.64102564102564,Hydrogen fuel cell (fan),0.0
6243.879965653626,245.64102564102564,Hydrogen fuel cell (fan),0.0
7305.271542664449,245.64102564102564,Hydrogen fuel cell (fan),0.0
8547.08812559251,245.64102564102564,Hydrogen fuel cell (fan),0.0
10000.0,245.64102564102564,Hydrogen fuel cell (fan),0.0
10.0,253.84615384615384,Hydrogen fuel cell (fan),0.0
11.69989106589066,253.84615384615384,Hydrogen fuel cell (fan),0.0
13.688745095370805,253.84615384615384,Hydrogen fuel cell (fan),0.0
16.015682644458355,253.84615384615384,Hydrogen fuel cell (fan),0.0
18.73817422860384,253.84615384615384,Hydrogen fuel cell (fan),0.0
21.923459724834466,253.84615384615384,Hydrogen fuel cell (fan),0.0
25.650209056800456,253.84615384615384,Hydrogen fuel cell (fan),0.0
30.010465178188735,253.84615384615384,Hydrogen fuel cell (fan),0.0
35.11191734215131,253.84615384615384,Hydrogen fuel cell (fan),0.0
41.08056080177274,253.84615384615384,Hydrogen fuel cell (fan),0.0
48.06380863064389,253.84615384615384,Hydrogen fuel cell (fan),0.0
56.23413251903491,253.84615384615384,Hydrogen fuel cell (fan),0.0
65.79332246575679,253.84615384615384,Hydrogen fuel cell (fan),0.0
76.9774705712371,253.84615384615384,Hydrogen fuel cell (fan),0.0
90.06280202112787,253.84615384615384,Hydrogen fuel cell (fan),0.0
105.37249727360725,253.84615384615384,Hydrogen fuel cell (fan),0.0
123.28467394420659,253.84615384615384,Hydrogen fuel cell (fan),0.0
144.24172552410664,253.84615384615384,Hydrogen fuel cell (fan),0.0
168.7612475788147,253.84615384615384,Hydrogen fuel cell (fan),0.0
197.44882128159367,253.84615384615384,Hydrogen fuel cell (fan),0.0
231.0129700083158,253.84615384615384,Hydrogen fuel cell (fan),0.0
270.28265839051625,253.84615384615384,Hydrogen fuel cell (fan),0.0
316.22776601683796,253.84615384615384,Hydrogen fuel cell (fan),0.0
369.9830414406966,253.84615384615384,Hydrogen fuel cell (fan),0.0
432.8761281083057,253.84615384615384,Hydrogen fuel cell (fan),0.0
506.4603543891704,253.84615384615384,Hydrogen fuel cell (fan),0.0
592.5530975545674,253.84615384615384,Hydrogen fuel cell (fan),0.0
693.2806692144524,253.84615384615384,Hydrogen fuel cell (fan),0.0
811.1308307896873,253.84615384615384,Hydrogen fuel cell (fan),0.0
949.0142360424725,253.84615384615384,Hydrogen fuel cell (fan),0.0
1110.336318167638,253.84615384615384,Hydrogen fuel cell (fan),0.0
1299.0813969063468,253.84615384615384,Hydrogen fuel cell (fan),0.0
1519.9110829529332,253.84615384615384,Hydrogen fuel cell (fan),0.0
1778.2794100389228,253.84615384615384,Hydrogen fuel cell (fan),0.0
2080.5675382171694,253.84615384615384,Hydrogen fuel cell (fan),0.0
2434.2413552369194,253.84615384615384,Hydrogen fuel cell (fan),0.0
2848.035868435799,253.84615384615384,Hydrogen fuel cell (fan),0.0
3332.1709412448167,253.84615384615384,Hydrogen fuel cell (fan),0.0
3898.603702549072,253.84615384615384,Hydrogen fuel cell (fan),0.0
4561.323862890211,253.84615384615384,Hydrogen fuel cell (fan),0.0
5336.699231206308,253.84615384615384,Hydrogen fuel cell (fan),0.0
6243.879965653626,253.84615384615384,Hydrogen fuel cell (fan),0.0
7305.271542664449,253.84615384615384,Hydrogen fuel cell (fan),0.0
8547.08812559251,253.84615384615384,Hydrogen fuel cell (fan),0.0
10000.0,253.84615384615384,Hydrogen fuel cell (fan),0.0
10.0,262.05128205128204,Hydrogen fuel cell (fan),0.0
11.69989106589066,262.05128205128204,Hydrogen fuel cell (fan),0.0
13.688745095370805,262.05128205128204,Hydrogen fuel cell (fan),0.0
16.015682644458355,262.05128205128204,Hydrogen fuel cell (fan),0.0
18.73817422860384,262.05128205128204,Hydrogen fuel cell (fan),0.0
21.923459724834466,262.05128205128204,Hydrogen fuel cell (fan),0.0
25.650209056800456,262.05128205128204,Hydrogen fuel cell (fan),0.0
30.010465178188735,262.05128205128204,Hydrogen fuel cell (fan),0.0
35.11191734215131,262.05128205128204,Hydrogen fuel cell (fan),0.0
41.08056080177274,262.05128205128204,Hydrogen fuel cell (fan),0.0
48.06380863064389,262.05128205128204,Hydrogen fuel cell (fan),0.0
56.23413251903491,262.05128205128204,Hydrogen fuel cell (fan),0.0
65.79332246575679,262.05128205128204,Hydrogen fuel cell (fan),0.0
76.9774705712371,262.05128205128204,Hydrogen fuel cell (fan),0.0
90.06280202112787,262.05128205128204,Hydrogen fuel cell (fan),0.0
105.37249727360725,262.05128205128204,Hydrogen fuel cell (fan),0.0
123.28467394420659,262.05128205128204,Hydrogen fuel cell (fan),0.0
144.24172552410664,262.05128205128204,Hydrogen fuel cell (fan),0.0
168.7612475788147,262.05128205128204,Hydrogen fuel cell (fan),0.0
197.44882128159367,262.05128205128204,Hydrogen fuel cell (fan),0.0
231.0129700083158,262.05128205128204,Hydrogen fuel cell (fan),0.0
270.28265839051625,262.05128205128204,Hydrogen fuel cell (fan),0.0
316.22776601683796,262.05128205128204,Hydrogen fuel cell (fan),0.0
369.9830414406966,262.05128205128204,Hydrogen fuel cell (fan),0.0
432.8761281083057,262.05128205128204,Hydrogen fuel cell (fan),0.0
506.4603543891704,262.05128205128204,Hydrogen fuel cell (fan),0.0
592.5530975545674,262.05128205128204,Hydrogen fuel cell (fan),0.0
693.2806692144524,262.05128205128204,Hydrogen fuel cell (fan),0.0
811.1308307896873,262.05128205128204,Hydrogen fuel cell (fan),0.0
949.0142360424725,262.05128205128204,Hydrogen fuel cell (fan),0.0
1110.336318167638,262.05128205128204,Hydrogen fuel cell (fan),0.0
1299.0813969063468,262.05128205128204,Hydrogen fuel cell (fan),0.0
1519.9110829529332,262.05128205128204,Hydrogen fuel cell (fan),0.0
1778.2794100389228,262.05128205128204,Hydrogen fuel cell (fan),0.0
2080.5675382171694,262.05128205128204,Hydrogen fuel cell (fan),0.0
2434.2413552369194,262.05128205128204,Hydrogen fuel cell (fan),0.0
2848.035868435799,262.05128205128204,Hydrogen fuel cell (fan),0.0
3332.1709412448167,262.05128205128204,Hydrogen fuel cell (fan),0.0
3898.603702549072,262.05128205128204,Hydrogen fuel cell (fan),0.0
4561.323862890211,262.05128205128204,Hydrogen fuel cell (fan),0.0
5336.699231206308,262.05128205128204,Hydrogen fuel cell (fan),0.0
6243.879965653626,262.05128205128204,Hydrogen fuel cell (fan),0.0
7305.271542664449,262.05128205128204,Hydrogen fuel cell (fan),0.0
8547.08812559251,262.05128205128204,Hydrogen fuel cell (fan),0.0
10000.0,262.05128205128204,Hydrogen fuel cell (fan),0.0
10.0,270.2564102564103,Hydrogen fuel cell (fan),0.0
11.69989106589066,270.2564102564103,Hydrogen fuel cell (fan),0.0
13.688745095370805,270.2564102564103,Hydrogen fuel cell (fan),0.0
16.015682644458355,270.2564102564103,Hydrogen fuel cell (fan),0.0
18.73817422860384,270.2564102564103,Hydrogen fuel cell (fan),0.0
21.923459724834466,270.2564102564103,Hydrogen fuel cell (fan),0.0
25.650209056800456,270.2564102564103,Hydrogen fuel cell (fan),0.0
30.010465178188735,270.2564102564103,Hydrogen fuel cell (fan),0.0
35.11191734215131,270.2564102564103,Hydrogen fuel cell (fan),0.0
41.08056080177274,270.2564102564103,Hydrogen fuel cell (fan),0.0
48.06380863064389,270.2564102564103,Hydrogen fuel cell (fan),0.0
56.23413251903491,270.2564102564103,Hydrogen fuel cell (fan),0.0
65.79332246575679,270.2564102564103,Hydrogen fuel cell (fan),0.0
76.9774705712371,270.2564102564103,Hydrogen fuel cell (fan),0.0
90.06280202112787,270.2564102564103,Hydrogen fuel cell (fan),0.0
105.37249727360725,270.2564102564103,Hydrogen fuel cell (fan),0.0
123.28467394420659,270.2564102564103,Hydrogen fuel cell (fan),0.0
144.24172552410664,270.2564102564103,Hydrogen fuel cell (fan),0.0
168.7612475788147,270.2564102564103,Hydrogen fuel cell (fan),0.0
197.44882128159367,270.2564102564103,Hydrogen fuel cell (fan),0.0
231.0129700083158,270.2564102564103,Hydrogen fuel cell (fan),0.0
270.28265839051625,270.2564102564103,Hydrogen fuel cell (fan),0.0
316.22776601683796,270.2564102564103,Hydrogen fuel cell (fan),0.0
369.9830414406966,270.2564102564103,Hydrogen fuel cell (fan),0.0
432.8761281083057,270.2564102564103,Hydrogen fuel cell (fan),0.0
506.4603543891704,270.2564102564103,Hydrogen fuel cell (fan),0.0
592.5530975545674,270.2564102564103,Hydrogen fuel cell (fan),0.0
693.2806692144524,270.2564102564103,Hydrogen fuel cell (fan),0.0
811.1308307896873,270.2564102564103,Hydrogen fuel cell (fan),0.0
949.0142360424725,270.2564102564103,Hydrogen fuel cell (fan),0.0
1110.336318167638,270.2564102564103,Hydrogen fuel cell (fan),0.0
1299.0813969063468,270.2564102564103,Hydrogen fuel cell (fan),0.0
1519.9110829529332,270.2564102564103,Hydrogen fuel cell (fan),0.0
1778.2794100389228,270.2564102564103,Hydrogen fuel cell (fan),0.0
2080.5675382171694,270.2564102564103,Hydrogen fuel cell (fan),0.0
2434.2413552369194,270.2564102564103,Hydrogen fuel cell (fan),0.0
2848.035868435799,270.2564102564103,Hydrogen fuel cell (fan),0.0
3332.1709412448167,270.2564102564103,Hydrogen fuel cell (fan),0.0
3898.603702549072,270.2564102564103,Hydrogen fuel cell (fan),0.0
4561.323862890211,270.2564102564103,Hydrogen fuel cell (fan),0.0
5336.699231206308,270.2564102564103,Hydrogen fuel cell (fan),0.0
6243.879965653626,270.2564102564103,Hydrogen fuel cell (fan),0.0
7305.271542664449,270.2564102564103,Hydrogen fuel cell (fan),0.0
8547.08812559251,270.2564102564103,Hydrogen fuel cell (fan),0.0
10000.0,270.2564102564103,Hydrogen fuel cell (fan),0.0
10.0,278.46153846153845,Hydrogen fuel cell (fan),0.0
11.69989106589066,278.46153846153845,Hydrogen fuel cell (fan),0.0
13.688745095370805,278.46153846153845,Hydrogen fuel cell (fan),0.0
16.015682644458355,278.46153846153845,Hydrogen fuel cell (fan),0.0
18.73817422860384,278.46153846153845,Hydrogen fuel cell (fan),0.0
21.923459724834466,278.46153846153845,Hydrogen fuel cell (fan),0.0
25.650209056800456,278.46153846153845,Hydrogen fuel cell (fan),0.0
30.010465178188735,278.46153846153845,Hydrogen fuel cell (fan),0.0
35.11191734215131,278.46153846153845,Hydrogen fuel cell (fan),0.0
41.08056080177274,278.46153846153845,Hydrogen fuel cell (fan),0.0
48.06380863064389,278.46153846153845,Hydrogen fuel cell (fan),0.0
56.23413251903491,278.46153846153845,Hydrogen fuel cell (fan),0.0
65.79332246575679,278.46153846153845,Hydrogen fuel cell (fan),0.0
76.9774705712371,278.46153846153845,Hydrogen fuel cell (fan),0.0
90.06280202112787,278.46153846153845,Hydrogen fuel cell (fan),0.0
105.37249727360725,278.46153846153845,Hydrogen fuel cell (fan),0.0
123.28467394420659,278.46153846153845,Hydrogen fuel cell (fan),0.0
144.24172552410664,278.46153846153845,Hydrogen fuel cell (fan),0.0
168.7612475788147,278.46153846153845,Hydrogen fuel cell (fan),0.0
197.44882128159367,278.46153846153845,Hydrogen fuel cell (fan),0.0
231.0129700083158,278.46153846153845,Hydrogen fuel cell (fan),0.0
270.28265839051625,278.46153846153845,Hydrogen fuel cell (fan),0.0
316.22776601683796,278.46153846153845,Hydrogen fuel cell (fan),0.0
369.9830414406966,278.46153846153845,Hydrogen fuel cell (fan),0.0
432.8761281083057,278.46153846153845,Hydrogen fuel cell (fan),0.0
506.4603543891704,278.46153846153845,Hydrogen fuel cell (fan),0.0
592.5530975545674,278.46153846153845,Hydrogen fuel cell (fan),0.0
693.2806692144524,278.46153846153845,Hydrogen fuel cell (fan),0.0
811.1308307896873,278.46153846153845,Hydrogen fuel cell (fan),0.0
949.0142360424725,278.46153846153845,Hydrogen fuel cell (fan),0.0
1110.336318167638,278.46153846153845,Hydrogen fuel cell (fan),0.0
1299.0813969063468,278.46153846153845,Hydrogen fuel cell (fan),0.0
1519.9110829529332,278.46153846153845,Hydrogen fuel cell (fan),0.0
1778.2794100389228,278.46153846153845,Hydrogen fuel cell (fan),0.0
2080.5675382171694,278.46153846153845,Hydrogen fuel cell (fan),0.0
2434.2413552369194,278.46153846153845,Hydrogen fuel cell (fan),0.0
2848.035868435799,278.46153846153845,Hydrogen fuel cell (fan),0.0
3332.1709412448167,278.46153846153845,Hydrogen fuel cell (fan),0.0
3898.603702549072,278.46153846153845,Hydrogen fuel cell (fan),0.0
4561.323862890211,278.46153846153845,Hydrogen fuel cell (fan),0.0
5336.699231206308,278.46153846153845,Hydrogen fuel cell (fan),0.0
6243.879965653626,278.46153846153845,Hydrogen fuel cell (fan),0.0
7305.271542664449,278.46153846153845,Hydrogen fuel cell (fan),0.0
8547.08812559251,278.46153846153845,Hydrogen fuel cell (fan),0.0
10000.0,278.46153846153845,Hydrogen fuel cell (fan),0.0
10.0,286.66666666666663,Hydrogen fuel cell (fan),0.0
11.69989106589066,286.66666666666663,Hydrogen fuel cell (fan),0.0
13.688745095370805,286.66666666666663,Hydrogen fuel cell (fan),0.0
16.015682644458355,286.66666666666663,Hydrogen fuel cell (fan),0.0
18.73817422860384,286.66666666666663,Hydrogen fuel cell (fan),0.0
21.923459724834466,286.66666666666663,Hydrogen fuel cell (fan),0.0
25.650209056800456,286.66666666666663,Hydrogen fuel cell (fan),0.0
30.010465178188735,286.66666666666663,Hydrogen fuel cell (fan),0.0
35.11191734215131,286.66666666666663,Hydrogen fuel cell (fan),0.0
41.08056080177274,286.66666666666663,Hydrogen fuel cell (fan),0.0
48.06380863064389,286.66666666666663,Hydrogen fuel cell (fan),0.0
56.23413251903491,286.66666666666663,Hydrogen fuel cell (fan),0.0
65.79332246575679,286.66666666666663,Hydrogen fuel cell (fan),0.0
76.9774705712371,286.66666666666663,Hydrogen fuel cell (fan),0.0
90.06280202112787,286.66666666666663,Hydrogen fuel cell (fan),0.0
105.37249727360725,286.66666666666663,Hydrogen fuel cell (fan),0.0
123.28467394420659,286.66666666666663,Hydrogen fuel cell (fan),0.0
144.24172552410664,286.66666666666663,Hydrogen fuel cell (fan),0.0
168.7612475788147,286.66666666666663,Hydrogen fuel cell (fan),0.0
197.44882128159367,286.66666666666663,Hydrogen fuel cell (fan),0.0
231.0129700083158,286.66666666666663,Hydrogen fuel cell (fan),0.0
270.28265839051625,286.66666666666663,Hydrogen fuel cell (fan),0.0
316.22776601683796,286.66666666666663,Hydrogen fuel cell (fan),0.0
369.9830414406966,286.66666666666663,Hydrogen fuel cell (fan),0.0
432.8761281083057,286.66666666666663,Hydrogen fuel cell (fan),0.0
506.4603543891704,286.66666666666663,Hydrogen fuel cell (fan),0.0
592.5530975545674,286.66666666666663,Hydrogen fuel cell (fan),0.0
693.2806692144524,286.66666666666663,Hydrogen fuel cell (fan),0.0
811.1308307896873,286.66666666666663,Hydrogen fuel cell (fan),0.0
949.0142360424725,286.66666666666663,Hydrogen fuel cell (fan),0.0
1110.336318167638,286.66666666666663,Hydrogen fuel cell (fan),0.0
1299.0813969063468,286.66666666666663,Hydrogen fuel cell (fan),0.0
1519.9110829529332,286.66666666666663,Hydrogen fuel cell (fan),0.0
1778.2794100389228,286.66666666666663,Hydrogen fuel cell (fan),0.0
2080.5675382171694,286.66666666666663,Hydrogen fuel cell (fan),0.0
2434.2413552369194,286.66666666666663,Hydrogen fuel cell (fan),0.0
2848.035868435799,286.66666666666663,Hydrogen fuel cell (fan),0.0
3332.1709412448167,286.66666666666663,Hydrogen fuel cell (fan),0.0
3898.603702549072,286.66666666666663,Hydrogen fuel cell (fan),0.0
4561.323862890211,286.66666666666663,Hydrogen fuel cell (fan),0.0
5336.699231206308,286.66666666666663,Hydrogen fuel cell (fan),0.0
6243.879965653626,286.66666666666663,Hydrogen fuel cell (fan),0.0
7305.271542664449,286.66666666666663,Hydrogen fuel cell (fan),0.0
8547.08812559251,286.66666666666663,Hydrogen fuel cell (fan),0.0
10000.0,286.66666666666663,Hydrogen fuel cell (fan),0.0
10.0,294.87179487179486,Hydrogen fuel cell (fan),0.0
11.69989106589066,294.87179487179486,Hydrogen fuel cell (fan),0.0
13.688745095370805,294.87179487179486,Hydrogen fuel cell (fan),0.0
16.015682644458355,294.87179487179486,Hydrogen fuel cell (fan),0.0
18.73817422860384,294.87179487179486,Hydrogen fuel cell (fan),0.0
21.923459724834466,294.87179487179486,Hydrogen fuel cell (fan),0.0
25.650209056800456,294.87179487179486,Hydrogen fuel cell (fan),0.0
30.010465178188735,294.87179487179486,Hydrogen fuel cell (fan),0.0
35.11191734215131,294.87179487179486,Hydrogen fuel cell (fan),0.0
41.08056080177274,294.87179487179486,Hydrogen fuel cell (fan),0.0
48.06380863064389,294.87179487179486,Hydrogen fuel cell (fan),0.0
56.23413251903491,294.87179487179486,Hydrogen fuel cell (fan),0.0
65.79332246575679,294.87179487179486,Hydrogen fuel cell (fan),0.0
76.9774705712371,294.87179487179486,Hydrogen fuel cell (fan),0.0
90.06280202112787,294.87179487179486,Hydrogen fuel cell (fan),0.0
105.37249727360725,294.87179487179486,Hydrogen fuel cell (fan),0.0
123.28467394420659,294.87179487179486,Hydrogen fuel cell (fan),0.0
144.24172552410664,294.87179487179486,Hydrogen fuel cell (fan),0.0
168.7612475788147,294.87179487179486,Hydrogen fuel cell (fan),0.0
197.44882128159367,294.87179487179486,Hydrogen fuel cell (fan),0.0
231.0129700083158,294.87179487179486,Hydrogen fuel cell (fan),0.0
270.28265839051625,294.87179487179486,Hydrogen fuel cell (fan),0.0
316.22776601683796,294.87179487179486,Hydrogen fuel cell (fan),0.0
369.9830414406966,294.87179487179486,Hydrogen fuel cell (fan),0.0
432.8761281083057,294.87179487179486,Hydrogen fuel cell (fan),0.0
506.4603543891704,294.87179487179486,Hydrogen fuel cell (fan),0.0
592.5530975545674,294.87179487179486,Hydrogen fuel cell (fan),0.0
693.2806692144524,294.87179487179486,Hydrogen fuel cell (fan),0.0
811.1308307896873,294.87179487179486,Hydrogen fuel cell (fan),0.0
949.0142360424725,294.87179487179486,Hydrogen fuel cell (fan),0.0
1110.336318167638,294.87179487179486,Hydrogen fuel cell (fan),0.0
1299.0813969063468,294.87179487179486,Hydrogen fuel cell (fan),0.0
1519.9110829529332,294.87179487179486,Hydrogen fuel cell (fan),0.0
1778.2794100389228,294.87179487179486,Hydrogen fuel cell (fan),0.0
2080.5675382171694,294.87179487179486,Hydrogen fuel cell (fan),0.0
2434.2413552369194,294.87179487179486,Hydrogen fuel cell (fan),0.0
2848.035868435799,294.87179487179486,Hydrogen fuel cell (fan),0.0
3332.1709412448167,294.87179487179486,Hydrogen fuel cell (fan),0.0
3898.603702549072,294.87179487179486,Hydrogen fuel cell (fan),0.0
4561.323862890211,294.87179487179486,Hydrogen fuel cell (fan),0.0
5336.699231206308,294.87179487179486,Hydrogen fuel cell (fan),0.0
6243.879965653626,294.87179487179486,Hydrogen fuel cell (fan),0.0
7305.271542664449,294.87179487179486,Hydrogen fuel cell (fan),0.0
8547.08812559251,294.87179487179486,Hydrogen fuel cell (fan),0.0
10000.0,294.87179487179486,Hydrogen fuel cell (fan),0.0
10.0,303.0769230769231,Hydrogen fuel cell (fan),0.0
11.69989106589066,303.0769230769231,Hydrogen fuel cell (fan),0.0
13.688745095370805,303.0769230769231,Hydrogen fuel cell (fan),0.0
16.015682644458355,303.0769230769231,Hydrogen fuel cell (fan),0.0
18.73817422860384,303.0769230769231,Hydrogen fuel cell (fan),0.0
21.923459724834466,303.0769230769231,Hydrogen fuel cell (fan),0.0
25.650209056800456,303.0769230769231,Hydrogen fuel cell (fan),0.0
30.010465178188735,303.0769230769231,Hydrogen fuel cell (fan),0.0
35.11191734215131,303.0769230769231,Hydrogen fuel cell (fan),0.0
41.08056080177274,303.0769230769231,Hydrogen fuel cell (fan),0.0
48.06380863064389,303.0769230769231,Hydrogen fuel cell (fan),0.0
56.23413251903491,303.0769230769231,Hydrogen fuel cell (fan),0.0
65.79332246575679,303.0769230769231,Hydrogen fuel cell (fan),0.0
76.9774705712371,303.0769230769231,Hydrogen fuel cell (fan),0.0
90.06280202112787,303.0769230769231,Hydrogen fuel cell (fan),0.0
105.37249727360725,303.0769230769231,Hydrogen fuel cell (fan),0.0
123.28467394420659,303.0769230769231,Hydrogen fuel cell (fan),0.0
144.24172552410664,303.0769230769231,Hydrogen fuel cell (fan),0.0
168.7612475788147,303.0769230769231,Hydrogen fuel cell (fan),0.0
197.44882128159367,303.0769230769231,Hydrogen fuel cell (fan),0.0
231.0129700083158,303.0769230769231,Hydrogen fuel cell (fan),0.0
270.28265839051625,303.0769230769231,Hydrogen fuel cell (fan),0.0
316.22776601683796,303.0769230769231,Hydrogen fuel cell (fan),0.0
369.9830414406966,303.0769230769231,Hydrogen fuel cell (fan),0.0
432.8761281083057,303.0769230769231,Hydrogen fuel cell (fan),0.0
506.4603543891704,303.0769230769231,Hydrogen fuel cell (fan),0.0
592.5530975545674,303.0769230769231,Hydrogen fuel cell (fan),0.0
693.2806692144524,303.0769230769231,Hydrogen fuel cell (fan),0.0
811.1308307896873,303.0769230769231,Hydrogen fuel cell (fan),0.0
949.0142360424725,303.0769230769231,Hydrogen fuel cell (fan),0.0
1110.336318167638,303.0769230769231,Hydrogen fuel cell (fan),0.0
1299.0813969063468,303.0769230769231,Hydrogen fuel cell (fan),0.0
1519.9110829529332,303.0769230769231,Hydrogen fuel cell (fan),0.0
1778.2794100389228,303.0769230769231,Hydrogen fuel cell (fan),0.0
2080.5675382171694,303.0769230769231,Hydrogen fuel cell (fan),0.0
2434.2413552369194,303.0769230769231,Hydrogen fuel cell (fan),0.0
2848.035868435799,303.0769230769231,Hydrogen fuel cell (fan),0.0
3332.1709412448167,303.0769230769231,Hydrogen fuel cell (fan),0.0
3898.603702549072,303.0769230769231,Hydrogen fuel cell (fan),0.0
4561.323862890211,303.0769230769231,Hydrogen fuel cell (fan),0.0
5336.699231206308,303.0769230769231,Hydrogen fuel cell (fan),0.0
6243.879965653626,303.0769230769231,Hydrogen fuel cell (fan),0.0
7305.271542664449,303.0769230769231,Hydrogen fuel cell (fan),0.0
8547.08812559251,303.0769230769231,Hydrogen fuel cell (fan),0.0
10000.0,303.0769230769231,Hydrogen fuel cell (fan),0.0
10.0,311.28205128205127,Hydrogen fuel cell (fan),0.0
11.69989106589066,311.28205128205127,Hydrogen fuel cell (fan),0.0
13.688745095370805,311.28205128205127,Hydrogen fuel cell (fan),0.0
16.015682644458355,311.28205128205127,Hydrogen fuel cell (fan),0.0
18.73817422860384,311.28205128205127,Hydrogen fuel cell (fan),0.0
21.923459724834466,311.28205128205127,Hydrogen fuel cell (fan),0.0
25.650209056800456,311.28205128205127,Hydrogen fuel cell (fan),0.0
30.010465178188735,311.28205128205127,Hydrogen fuel cell (fan),0.0
35.11191734215131,311.28205128205127,Hydrogen fuel cell (fan),0.0
41.08056080177274,311.28205128205127,Hydrogen fuel cell (fan),0.0
48.06380863064389,311.28205128205127,Hydrogen fuel cell (fan),0.0
56.23413251903491,311.28205128205127,Hydrogen fuel cell (fan),0.0
65.79332246575679,311.28205128205127,Hydrogen fuel cell (fan),0.0
76.9774705712371,311.28205128205127,Hydrogen fuel cell (fan),0.0
90.06280202112787,311.28205128205127,Hydrogen fuel cell (fan),0.0
105.37249727360725,311.28205128205127,Hydrogen fuel cell (fan),0.0
123.28467394420659,311.28205128205127,Hydrogen fuel cell (fan),0.0
144.24172552410664,311.28205128205127,Hydrogen fuel cell (fan),0.0
168.7612475788147,311.28205128205127,Hydrogen fuel cell (fan),0.0
197.44882128159367,311.28205128205127,Hydrogen fuel cell (fan),0.0
231.0129700083158,311.28205128205127,Hydrogen fuel cell (fan),0.0
270.28265839051625,311.28205128205127,Hydrogen fuel cell (fan),0.0
316.22776601683796,311.28205128205127,Hydrogen fuel cell (fan),0.0
369.9830414406966,311.28205128205127,Hydrogen fuel cell (fan),0.0
432.8761281083057,311.28205128205127,Hydrogen fuel cell (fan),0.0
506.4603543891704,311.28205128205127,Hydrogen fuel cell (fan),0.0
592.5530975545674,311.28205128205127,Hydrogen fuel cell (fan),0.0
693.2806692144524,311.28205128205127,Hydrogen fuel cell (fan),0.0
811.1308307896873,311.28205128205127,Hydrogen fuel cell (fan),0.0
949.0142360424725,311.28205128205127,Hydrogen fuel cell (fan),0.0
1110.336318167638,311.28205128205127,Hydrogen fuel cell (fan),0.0
1299.0813969063468,311.28205128205127,Hydrogen fuel cell (fan),0.0
1519.9110829529332,311.28205128205127,Hydrogen fuel cell (fan),0.0
1778.2794100389228,311.28205128205127,Hydrogen fuel cell (fan),0.0
2080.5675382171694,311.28205128205127,Hydrogen fuel cell (fan),0.0
2434.2413552369194,311.28205128205127,Hydrogen fuel cell (fan),0.0
2848.035868435799,311.28205128205127,Hydrogen fuel cell (fan),0.0
3332.1709412448167,311.28205128205127,Hydrogen fuel cell (fan),0.0
3898.603702549072,311.28205128205127,Hydrogen fuel cell (fan),0.0
4561.323862890211,311.28205128205127,Hydrogen fuel cell (fan),0.0
5336.699231206308,311.28205128205127,Hydrogen fuel cell (fan),0.0
6243.879965653626,311.28205128205127,Hydrogen fuel cell (fan),0.0
7305.271542664449,311.28205128205127,Hydrogen fuel cell (fan),0.0
8547.08812559251,311.28205128205127,Hydrogen fuel cell (fan),0.0
10000.0,311.28205128205127,Hydrogen fuel cell (fan),0.0
10.0,319.48717948717945,Hydrogen fuel cell (fan),0.0
11.69989106589066,319.48717948717945,Hydrogen fuel cell (fan),0.0
13.688745095370805,319.48717948717945,Hydrogen fuel cell (fan),0.0
16.015682644458355,319.48717948717945,Hydrogen fuel cell (fan),0.0
18.73817422860384,319.48717948717945,Hydrogen fuel cell (fan),0.0
21.923459724834466,319.48717948717945,Hydrogen fuel cell (fan),0.0
25.650209056800456,319.48717948717945,Hydrogen fuel cell (fan),0.0
30.010465178188735,319.48717948717945,Hydrogen fuel cell (fan),0.0
35.11191734215131,319.48717948717945,Hydrogen fuel cell (fan),0.0
41.08056080177274,319.48717948717945,Hydrogen fuel cell (fan),0.0
48.06380863064389,319.48717948717945,Hydrogen fuel cell (fan),0.0
56.23413251903491,319.48717948717945,Hydrogen fuel cell (fan),0.0
65.79332246575679,319.48717948717945,Hydrogen fuel cell (fan),0.0
76.9774705712371,319.48717948717945,Hydrogen fuel cell (fan),0.0
90.06280202112787,319.48717948717945,Hydrogen fuel cell (fan),0.0
105.37249727360725,319.48717948717945,Hydrogen fuel cell (fan),0.0
123.28467394420659,319.48717948717945,Hydrogen fuel cell (fan),0.0
144.24172552410664,319.48717948717945,Hydrogen fuel cell (fan),0.0
168.7612475788147,319.48717948717945,Hydrogen fuel cell (fan),0.0
197.44882128159367,319.48717948717945,Hydrogen fuel cell (fan),0.0
231.0129700083158,319.48717948717945,Hydrogen fuel cell (fan),0.0
270.28265839051625,319.48717948717945,Hydrogen fuel cell (fan),0.0
316.22776601683796,319.48717948717945,Hydrogen fuel cell (fan),0.0
369.9830414406966,319.48717948717945,Hydrogen fuel cell (fan),0.0
432.8761281083057,319.48717948717945,Hydrogen fuel cell (fan),0.0
506.4603543891704,319.48717948717945,Hydrogen fuel cell (fan),0.0
592.5530975545674,319.48717948717945,Hydrogen fuel cell (fan),0.0
693.2806692144524,319.48717948717945,Hydrogen fuel cell (fan),0.0
811.1308307896873,319.48717948717945,Hydrogen fuel cell (fan),0.0
949.0142360424725,319.48717948717945,Hydrogen fuel cell (fan),0.0
1110.336318167638,319.48717948717945,Hydrogen fuel cell (fan),0.0
1299.0813969063468,319.48717948717945,Hydrogen fuel cell (fan),0.0
1519.9110829529332,319.48717948717945,Hydrogen fuel cell (fan),0.0
1778.2794100389228,319.48717948717945,Hydrogen fuel cell (fan),0.0
2080.5675382171694,319.48717948717945,Hydrogen fuel cell (fan),0.0
2434.2413552369194,319.48717948717945,Hydrogen fuel cell (fan),0.0
2848.035868435799,319.48717948717945,Hydrogen fuel cell (fan),0.0
3332.1709412448167,319.48717948717945,Hydrogen fuel cell (fan),0.0
3898.603702549072,319.48717948717945,Hydrogen fuel cell (fan),0.0
4561.323862890211,319.48717948717945,Hydrogen fuel cell (fan),0.0
5336.699231206308,319.48717948717945,Hydrogen fuel cell (fan),0.0
6243.879965653626,319.48717948717945,Hydrogen fuel cell (fan),0.0
7305.271542664449,319.48717948717945,Hydrogen fuel cell (fan),0.0
8547.08812559251,319.48717948717945,Hydrogen fuel cell (fan),0.0
10000.0,319.48717948717945,Hydrogen fuel cell (fan),0.0
10.0,327.6923076923077,Hydrogen fuel cell (fan),0.0
11.69989106589066,327.6923076923077,Hydrogen fuel cell (fan),0.0
13.688745095370805,327.6923076923077,Hydrogen fuel cell (fan),0.0
16.015682644458355,327.6923076923077,Hydrogen fuel cell (fan),0.0
18.73817422860384,327.6923076923077,Hydrogen fuel cell (fan),0.0
21.923459724834466,327.6923076923077,Hydrogen fuel cell (fan),0.0
25.650209056800456,327.6923076923077,Hydrogen fuel cell (fan),0.0
30.010465178188735,327.6923076923077,Hydrogen fuel cell (fan),0.0
35.11191734215131,327.6923076923077,Hydrogen fuel cell (fan),0.0
41.08056080177274,327.6923076923077,Hydrogen fuel cell (fan),0.0
48.06380863064389,327.6923076923077,Hydrogen fuel cell (fan),0.0
56.23413251903491,327.6923076923077,Hydrogen fuel cell (fan),0.0
65.79332246575679,327.6923076923077,Hydrogen fuel cell (fan),0.0
76.9774705712371,327.6923076923077,Hydrogen fuel cell (fan),0.0
90.06280202112787,327.6923076923077,Hydrogen fuel cell (fan),0.0
105.37249727360725,327.6923076923077,Hydrogen fuel cell (fan),0.0
123.28467394420659,327.6923076923077,Hydrogen fuel cell (fan),0.0
144.24172552410664,327.6923076923077,Hydrogen fuel cell (fan),0.0
168.7612475788147,327.6923076923077,Hydrogen fuel cell (fan),0.0
197.44882128159367,327.6923076923077,Hydrogen fuel cell (fan),0.0
231.0129700083158,327.6923076923077,Hydrogen fuel cell (fan),0.0
270.28265839051625,327.6923076923077,Hydrogen fuel cell (fan),0.0
316.22776601683796,327.6923076923077,Hydrogen fuel cell (fan),0.0
369.9830414406966,327.6923076923077,Hydrogen fuel cell (fan),0.0
432.8761281083057,327.6923076923077,Hydrogen fuel cell (fan),0.0
506.4603543891704,327.6923076923077,Hydrogen fuel cell (fan),0.0
592.5530975545674,327.6923076923077,Hydrogen fuel cell (fan),0.0
693.2806692144524,327.6923076923077,Hydrogen fuel cell (fan),0.0
811.1308307896873,327.6923076923077,Hydrogen fuel cell (fan),0.0
949.0142360424725,327.6923076923077,Hydrogen fuel cell (fan),0.0
1110.336318167638,327.6923076923077,Hydrogen fuel cell (fan),0.0
1299.0813969063468,327.6923076923077,Hydrogen fuel cell (fan),0.0
1519.9110829529332,327.6923076923077,Hydrogen fuel cell (fan),0.0
1778.2794100389228,327.6923076923077,Hydrogen fuel cell (fan),0.0
2080.5675382171694,327.6923076923077,Hydrogen fuel cell (fan),0.0
2434.2413552369194,327.6923076923077,Hydrogen fuel cell (fan),0.0
2848.035868435799,327.6923076923077,Hydrogen fuel cell (fan),0.0
3332.1709412448167,327.6923076923077,Hydrogen fuel cell (fan),0.0
3898.603702549072,327.6923076923077,Hydrogen fuel cell (fan),0.0
4561.323862890211,327.6923076923077,Hydrogen fuel cell (fan),0.0
5336.699231206308,327.6923076923077,Hydrogen fuel cell (fan),0.0
6243.879965653626,327.6923076923077,Hydrogen fuel cell (fan),0.0
7305.271542664449,327.6923076923077,Hydrogen fuel cell (fan),0.0
8547.08812559251,327.6923076923077,Hydrogen fuel cell (fan),0.0
10000.0,327.6923076923077,Hydrogen fuel cell (fan),0.0
10.0,335.8974358974359,Hydrogen fuel cell (fan),0.0
11.69989106589066,335.8974358974359,Hydrogen fuel cell (fan),0.0
13.688745095370805,335.8974358974359,Hydrogen fuel cell (fan),0.0
16.015682644458355,335.8974358974359,Hydrogen fuel cell (fan),0.0
18.73817422860384,335.8974358974359,Hydrogen fuel cell (fan),0.0
21.923459724834466,335.8974358974359,Hydrogen fuel cell (fan),0.0
25.650209056800456,335.8974358974359,Hydrogen fuel cell (fan),0.0
30.010465178188735,335.8974358974359,Hydrogen fuel cell (fan),0.0
35.11191734215131,335.8974358974359,Hydrogen fuel cell (fan),0.0
41.08056080177274,335.8974358974359,Hydrogen fuel cell (fan),0.0
48.06380863064389,335.8974358974359,Hydrogen fuel cell (fan),0.0
56.23413251903491,335.8974358974359,Hydrogen fuel cell (fan),0.0
65.79332246575679,335.8974358974359,Hydrogen fuel cell (fan),0.0
76.9774705712371,335.8974358974359,Hydrogen fuel cell (fan),0.0
90.06280202112787,335.8974358974359,Hydrogen fuel cell (fan),0.0
105.37249727360725,335.8974358974359,Hydrogen fuel cell (fan),0.0
123.28467394420659,335.8974358974359,Hydrogen fuel cell (fan),0.0
144.24172552410664,335.8974358974359,Hydrogen fuel cell (fan),0.0
168.7612475788147,335.8974358974359,Hydrogen fuel cell (fan),0.0
197.44882128159367,335.8974358974359,Hydrogen fuel cell (fan),0.0
231.0129700083158,335.8974358974359,Hydrogen fuel cell (fan),0.0
270.28265839051625,335.8974358974359,Hydrogen fuel cell (fan),0.0
316.22776601683796,335.8974358974359,Hydrogen fuel cell (fan),0.0
369.9830414406966,335.8974358974359,Hydrogen fuel cell (fan),0.0
432.8761281083057,335.8974358974359,Hydrogen fuel cell (fan),0.0
506.4603543891704,335.8974358974359,Hydrogen fuel cell (fan),0.0
592.5530975545674,335.8974358974359,Hydrogen fuel cell (fan),0.0
693.2806692144524,335.8974358974359,Hydrogen fuel cell (fan),0.0
811.1308307896873,335.8974358974359,Hydrogen fuel cell (fan),0.0
949.0142360424725,335.8974358974359,Hydrogen fuel cell (fan),0.0
1110.336318167638,335.8974358974359,Hydrogen fuel cell (fan),0.0
1299.0813969063468,335.8974358974359,Hydrogen fuel cell (fan),0.0
1519.9110829529332,335.8974358974359,Hydrogen fuel cell (fan),0.0
1778.2794100389228,335.8974358974359,Hydrogen fuel cell (fan),0.0
2080.5675382171694,335.8974358974359,Hydrogen fuel cell (fan),0.0
2434.2413552369194,335.8974358974359,Hydrogen fuel cell (fan),0.0
2848.035868435799,335.8974358974359,Hydrogen fuel cell (fan),0.0
3332.1709412448167,335.8974358974359,Hydrogen fuel cell (fan),0.0
3898.603702549072,335.8974358974359,Hydrogen fuel cell (fan),0.0
4561.323862890211,335.8974358974359,Hydrogen fuel cell (fan),0.0
5336.699231206308,335.8974358974359,Hydrogen fuel cell (fan),0.0
6243.879965653626,335.8974358974359,Hydrogen fuel cell (fan),0.0
7305.271542664449,335.8974358974359,Hydrogen fuel cell (fan),0.0
8547.08812559251,335.8974358974359,Hydrogen fuel cell (fan),0.0
10000.0,335.8974358974359,Hydrogen fuel cell (fan),0.0
10.0,344.1025641025641,Hydrogen fuel cell (fan),0.0
11.69989106589066,344.1025641025641,Hydrogen fuel cell (fan),0.0
13.688745095370805,344.1025641025641,Hydrogen fuel cell (fan),0.0
16.015682644458355,344.1025641025641,Hydrogen fuel cell (fan),0.0
18.73817422860384,344.1025641025641,Hydrogen fuel cell (fan),0.0
21.923459724834466,344.1025641025641,Hydrogen fuel cell (fan),0.0
25.650209056800456,344.1025641025641,Hydrogen fuel cell (fan),0.0
30.010465178188735,344.1025641025641,Hydrogen fuel cell (fan),0.0
35.11191734215131,344.1025641025641,Hydrogen fuel cell (fan),0.0
41.08056080177274,344.1025641025641,Hydrogen fuel cell (fan),0.0
48.06380863064389,344.1025641025641,Hydrogen fuel cell (fan),0.0
56.23413251903491,344.1025641025641,Hydrogen fuel cell (fan),0.0
65.79332246575679,344.1025641025641,Hydrogen fuel cell (fan),0.0
76.9774705712371,344.1025641025641,Hydrogen fuel cell (fan),0.0
90.06280202112787,344.1025641025641,Hydrogen fuel cell (fan),0.0
105.37249727360725,344.1025641025641,Hydrogen fuel cell (fan),0.0
123.28467394420659,344.1025641025641,Hydrogen fuel cell (fan),0.0
144.24172552410664,344.1025641025641,Hydrogen fuel cell (fan),0.0
168.7612475788147,344.1025641025641,Hydrogen fuel cell (fan),0.0
197.44882128159367,344.1025641025641,Hydrogen fuel cell (fan),0.0
231.0129700083158,344.1025641025641,Hydrogen fuel cell (fan),0.0
270.28265839051625,344.1025641025641,Hydrogen fuel cell (fan),0.0
316.22776601683796,344.1025641025641,Hydrogen fuel cell (fan),0.0
369.9830414406966,344.1025641025641,Hydrogen fuel cell (fan),0.0
432.8761281083057,344.1025641025641,Hydrogen fuel cell (fan),0.0
506.4603543891704,344.1025641025641,Hydrogen fuel cell (fan),0.0
592.5530975545674,344.1025641025641,Hydrogen fuel cell (fan),0.0
693.2806692144524,344.1025641025641,Hydrogen fuel cell (fan),0.0
811.1308307896873,344.1025641025641,Hydrogen fuel cell (fan),0.0
949.0142360424725,344.1025641025641,Hydrogen fuel cell (fan),0.0
1110.336318167638,344.1025641025641,Hydrogen fuel cell (fan),0.0
1299.0813969063468,344.1025641025641,Hydrogen fuel cell (fan),0.0
1519.9110829529332,344.1025641025641,Hydrogen fuel cell (fan),0.0
1778.2794100389228,344.1025641025641,Hydrogen fuel cell (fan),0.0
2080.5675382171694,344.1025641025641,Hydrogen fuel cell (fan),0.0
2434.2413552369194,344.1025641025641,Hydrogen fuel cell (fan),0.0
2848.035868435799,344.1025641025641,Hydrogen fuel cell (fan),0.0
3332.1709412448167,344.1025641025641,Hydrogen fuel cell (fan),0.0
3898.603702549072,344.1025641025641,Hydrogen fuel cell (fan),0.0
4561.323862890211,344.1025641025641,Hydrogen fuel cell (fan),0.0
5336.699231206308,344.1025641025641,Hydrogen fuel cell (fan),0.0
6243.879965653626,344.1025641025641,Hydrogen fuel cell (fan),0.0
7305.271542664449,344.1025641025641,Hydrogen fuel cell (fan),0.0
8547.08812559251,344.1025641025641,Hydrogen fuel cell (fan),0.0
10000.0,344.1025641025641,Hydrogen fuel cell (fan),0.0
10.0,352.30769230769226,Hydrogen fuel cell (fan),0.0
11.69989106589066,352.30769230769226,Hydrogen fuel cell (fan),0.0
13.688745095370805,352.30769230769226,Hydrogen fuel cell (fan),0.0
16.015682644458355,352.30769230769226,Hydrogen fuel cell (fan),0.0
18.73817422860384,352.30769230769226,Hydrogen fuel cell (fan),0.0
21.923459724834466,352.30769230769226,Hydrogen fuel cell (fan),0.0
25.650209056800456,352.30769230769226,Hydrogen fuel cell (fan),0.0
30.010465178188735,352.30769230769226,Hydrogen fuel cell (fan),0.0
35.11191734215131,352.30769230769226,Hydrogen fuel cell (fan),0.0
41.08056080177274,352.30769230769226,Hydrogen fuel cell (fan),0.0
48.06380863064389,352.30769230769226,Hydrogen fuel cell (fan),0.0
56.23413251903491,352.30769230769226,Hydrogen fuel cell (fan),0.0
65.79332246575679,352.30769230769226,Hydrogen fuel cell (fan),0.0
76.9774705712371,352.30769230769226,Hydrogen fuel cell (fan),0.0
90.06280202112787,352.30769230769226,Hydrogen fuel cell (fan),0.0
105.37249727360725,352.30769230769226,Hydrogen fuel cell (fan),0.0
123.28467394420659,352.30769230769226,Hydrogen fuel cell (fan),0.0
144.24172552410664,352.30769230769226,Hydrogen fuel cell (fan),0.0
168.7612475788147,352.30769230769226,Hydrogen fuel cell (fan),0.0
197.44882128159367,352.30769230769226,Hydrogen fuel cell (fan),0.0
231.0129700083158,352.30769230769226,Hydrogen fuel cell (fan),0.0
270.28265839051625,352.30769230769226,Hydrogen fuel cell (fan),0.0
316.22776601683796,352.30769230769226,Hydrogen fuel cell (fan),0.0
369.9830414406966,352.30769230769226,Hydrogen fuel cell (fan),0.0
432.8761281083057,352.30769230769226,Hydrogen fuel cell (fan),0.0
506.4603543891704,352.30769230769226,Hydrogen fuel cell (fan),0.0
592.5530975545674,352.30769230769226,Hydrogen fuel cell (fan),0.0
693.2806692144524,352.30769230769226,Hydrogen fuel cell (fan),0.0
811.1308307896873,352.30769230769226,Hydrogen fuel cell (fan),0.0
949.0142360424725,352.30769230769226,Hydrogen fuel cell (fan),0.0
1110.336318167638,352.30769230769226,Hydrogen fuel cell (fan),0.0
1299.0813969063468,352.30769230769226,Hydrogen fuel cell (fan),0.0
1519.9110829529332,352.30769230769226,Hydrogen fuel cell (fan),0.0
1778.2794100389228,352.30769230769226,Hydrogen fuel cell (fan),0.0
2080.5675382171694,352.30769230769226,Hydrogen fuel cell (fan),0.0
2434.2413552369194,352.30769230769226,Hydrogen fuel cell (fan),0.0
2848.035868435799,352.30769230769226,Hydrogen fuel cell (fan),0.0
3332.1709412448167,352.30769230769226,Hydrogen fuel cell (fan),0.0
3898.603702549072,352.30769230769226,Hydrogen fuel cell (fan),0.0
4561.323862890211,352.30769230769226,Hydrogen fuel cell (fan),0.0
5336.699231206308,352.30769230769226,Hydrogen fuel cell (fan),0.0
6243.879965653626,352.30769230769226,Hydrogen fuel cell (fan),0.0
7305.271542664449,352.30769230769226,Hydrogen fuel cell (fan),0.0
8547.08812559251,352.30769230769226,Hydrogen fuel cell (fan),0.0
10000.0,352.30769230769226,Hydrogen fuel cell (fan),0.0
10.0,360.5128205128205,Hydrogen fuel cell (fan),0.0
11.69989106589066,360.5128205128205,Hydrogen fuel cell (fan),0.0
13.688745095370805,360.5128205128205,Hydrogen fuel cell (fan),0.0
16.015682644458355,360.5128205128205,Hydrogen fuel cell (fan),0.0
18.73817422860384,360.5128205128205,Hydrogen fuel cell (fan),0.0
21.923459724834466,360.5128205128205,Hydrogen fuel cell (fan),0.0
25.650209056800456,360.5128205128205,Hydrogen fuel cell (fan),0.0
30.010465178188735,360.5128205128205,Hydrogen fuel cell (fan),0.0
35.11191734215131,360.5128205128205,Hydrogen fuel cell (fan),0.0
41.08056080177274,360.5128205128205,Hydrogen fuel cell (fan),0.0
48.06380863064389,360.5128205128205,Hydrogen fuel cell (fan),0.0
56.23413251903491,360.5128205128205,Hydrogen fuel cell (fan),0.0
65.79332246575679,360.5128205128205,Hydrogen fuel cell (fan),0.0
76.9774705712371,360.5128205128205,Hydrogen fuel cell (fan),0.0
90.06280202112787,360.5128205128205,Hydrogen fuel cell (fan),0.0
105.37249727360725,360.5128205128205,Hydrogen fuel cell (fan),0.0
123.28467394420659,360.5128205128205,Hydrogen fuel cell (fan),0.0
144.24172552410664,360.5128205128205,Hydrogen fuel cell (fan),0.0
168.7612475788147,360.5128205128205,Hydrogen fuel cell (fan),0.0
197.44882128159367,360.5128205128205,Hydrogen fuel cell (fan),0.0
231.0129700083158,360.5128205128205,Hydrogen fuel cell (fan),0.0
270.28265839051625,360.5128205128205,Hydrogen fuel cell (fan),0.0
316.22776601683796,360.5128205128205,Hydrogen fuel cell (fan),0.0
369.9830414406966,360.5128205128205,Hydrogen fuel cell (fan),0.0
432.8761281083057,360.5128205128205,Hydrogen fuel cell (fan),0.0
506.4603543891704,360.5128205128205,Hydrogen fuel cell (fan),0.0
592.5530975545674,360.5128205128205,Hydrogen fuel cell (fan),0.0
693.2806692144524,360.5128205128205,Hydrogen fuel cell (fan),0.0
811.1308307896873,360.5128205128205,Hydrogen fuel cell (fan),0.0
949.0142360424725,360.5128205128205,Hydrogen fuel cell (fan),0.0
1110.336318167638,360.5128205128205,Hydrogen fuel cell (fan),0.0
1299.0813969063468,360.5128205128205,Hydrogen fuel cell (fan),0.0
1519.9110829529332,360.5128205128205,Hydrogen fuel cell (fan),0.0
1778.2794100389228,360.5128205128205,Hydrogen fuel cell (fan),0.0
2080.5675382171694,360.5128205128205,Hydrogen fuel cell (fan),0.0
2434.2413552369194,360.5128205128205,Hydrogen fuel cell (fan),0.0
2848.035868435799,360.5128205128205,Hydrogen fuel cell (fan),0.0
3332.1709412448167,360.5128205128205,Hydrogen fuel cell (fan),0.0
3898.603702549072,360.5128205128205,Hydrogen fuel cell (fan),0.0
4561.323862890211,360.5128205128205,Hydrogen fuel cell (fan),0.0
5336.699231206308,360.5128205128205,Hydrogen fuel cell (fan),0.0
6243.879965653626,360.5128205128205,Hydrogen fuel cell (fan),0.0
7305.271542664449,360.5128205128205,Hydrogen fuel cell (fan),0.0
8547.08812559251,360.5128205128205,Hydrogen fuel cell (fan),0.0
10000.0,360.5128205128205,Hydrogen fuel cell (fan),0.0
10.0,368.71794871794873,Hydrogen fuel cell (fan),0.0
11.69989106589066,368.71794871794873,Hydrogen fuel cell (fan),0.0
13.688745095370805,368.71794871794873,Hydrogen fuel cell (fan),0.0
16.015682644458355,368.71794871794873,Hydrogen fuel cell (fan),0.0
18.73817422860384,368.71794871794873,Hydrogen fuel cell (fan),0.0
21.923459724834466,368.71794871794873,Hydrogen fuel cell (fan),0.0
25.650209056800456,368.71794871794873,Hydrogen fuel cell (fan),0.0
30.010465178188735,368.71794871794873,Hydrogen fuel cell (fan),0.0
35.11191734215131,368.71794871794873,Hydrogen fuel cell (fan),0.0
41.08056080177274,368.71794871794873,Hydrogen fuel cell (fan),0.0
48.06380863064389,368.71794871794873,Hydrogen fuel cell (fan),0.0
56.23413251903491,368.71794871794873,Hydrogen fuel cell (fan),0.0
65.79332246575679,368.71794871794873,Hydrogen fuel cell (fan),0.0
76.9774705712371,368.71794871794873,Hydrogen fuel cell (fan),0.0
90.06280202112787,368.71794871794873,Hydrogen fuel cell (fan),0.0
105.37249727360725,368.71794871794873,Hydrogen fuel cell (fan),0.0
123.28467394420659,368.71794871794873,Hydrogen fuel cell (fan),0.0
144.24172552410664,368.71794871794873,Hydrogen fuel cell (fan),0.0
168.7612475788147,368.71794871794873,Hydrogen fuel cell (fan),0.0
197.44882128159367,368.71794871794873,Hydrogen fuel cell (fan),0.0
231.0129700083158,368.71794871794873,Hydrogen fuel cell (fan),0.0
270.28265839051625,368.71794871794873,Hydrogen fuel cell (fan),0.0
316.22776601683796,368.71794871794873,Hydrogen fuel cell (fan),0.0
369.9830414406966,368.71794871794873,Hydrogen fuel cell (fan),0.0
432.8761281083057,368.71794871794873,Hydrogen fuel cell (fan),0.0
506.4603543891704,368.71794871794873,Hydrogen fuel cell (fan),0.0
592.5530975545674,368.71794871794873,Hydrogen fuel cell (fan),0.0
693.2806692144524,368.71794871794873,Hydrogen fuel cell (fan),0.0
811.1308307896873,368.71794871794873,Hydrogen fuel cell (fan),0.0
949.0142360424725,368.71794871794873,Hydrogen fuel cell (fan),0.0
1110.336318167638,368.71794871794873,Hydrogen fuel cell (fan),0.0
1299.0813969063468,368.71794871794873,Hydrogen fuel cell (fan),0.0
1519.9110829529332,368.71794871794873,Hydrogen fuel cell (fan),0.0
1778.2794100389228,368.71794871794873,Hydrogen fuel cell (fan),0.0
2080.5675382171694,368.71794871794873,Hydrogen fuel cell (fan),0.0
2434.2413552369194,368.71794871794873,Hydrogen fuel cell (fan),0.0
2848.035868435799,368.71794871794873,Hydrogen fuel cell (fan),0.0
3332.1709412448167,368.71794871794873,Hydrogen fuel cell (fan),0.0
3898.603702549072,368.71794871794873,Hydrogen fuel cell (fan),0.0
4561.323862890211,368.71794871794873,Hydrogen fuel cell (fan),0.0
5336.699231206308,368.71794871794873,Hydrogen fuel cell (fan),0.0
6243.879965653626,368.71794871794873,Hydrogen fuel cell (fan),0.0
7305.271542664449,368.71794871794873,Hydrogen fuel cell (fan),0.0
8547.08812559251,368.71794871794873,Hydrogen fuel cell (fan),0.0
10000.0,368.71794871794873,Hydrogen fuel cell (fan),0.0
10.0,376.9230769230769,Hydrogen fuel cell (fan),0.0
11.69989106589066,376.9230769230769,Hydrogen fuel cell (fan),0.0
13.688745095370805,376.9230769230769,Hydrogen fuel cell (fan),0.0
16.015682644458355,376.9230769230769,Hydrogen fuel cell (fan),0.0
18.73817422860384,376.9230769230769,Hydrogen fuel cell (fan),0.0
21.923459724834466,376.9230769230769,Hydrogen fuel cell (fan),0.0
25.650209056800456,376.9230769230769,Hydrogen fuel cell (fan),0.0
30.010465178188735,376.9230769230769,Hydrogen fuel cell (fan),0.0
35.11191734215131,376.9230769230769,Hydrogen fuel cell (fan),0.0
41.08056080177274,376.9230769230769,Hydrogen fuel cell (fan),0.0
48.06380863064389,376.9230769230769,Hydrogen fuel cell (fan),0.0
56.23413251903491,376.9230769230769,Hydrogen fuel cell (fan),0.0
65.79332246575679,376.9230769230769,Hydrogen fuel cell (fan),0.0
76.9774705712371,376.9230769230769,Hydrogen fuel cell (fan),0.0
90.06280202112787,376.9230769230769,Hydrogen fuel cell (fan),0.0
105.37249727360725,376.9230769230769,Hydrogen fuel cell (fan),0.0
123.28467394420659,376.9230769230769,Hydrogen fuel cell (fan),0.0
144.24172552410664,376.9230769230769,Hydrogen fuel cell (fan),0.0
168.7612475788147,376.9230769230769,Hydrogen fuel cell (fan),0.0
197.44882128159367,376.9230769230769,Hydrogen fuel cell (fan),0.0
231.0129700083158,376.9230769230769,Hydrogen fuel cell (fan),0.0
270.28265839051625,376.9230769230769,Hydrogen fuel cell (fan),0.0
316.22776601683796,376.9230769230769,Hydrogen fuel cell (fan),0.0
369.9830414406966,376.9230769230769,Hydrogen fuel cell (fan),0.0
432.8761281083057,376.9230769230769,Hydrogen fuel cell (fan),0.0
506.4603543891704,376.9230769230769,Hydrogen fuel cell (fan),0.0
592.5530975545674,376.9230769230769,Hydrogen fuel cell (fan),0.0
693.2806692144524,376.9230769230769,Hydrogen fuel cell (fan),0.0
811.1308307896873,376.9230769230769,Hydrogen fuel cell (fan),0.0
949.0142360424725,376.9230769230769,Hydrogen fuel cell (fan),0.0
1110.336318167638,376.9230769230769,Hydrogen fuel cell (fan),0.0
1299.0813969063468,376.9230769230769,Hydrogen fuel cell (fan),0.0
1519.9110829529332,376.9230769230769,Hydrogen fuel cell (fan),0.0
1778.2794100389228,376.9230769230769,Hydrogen fuel cell (fan),0.0
2080.5675382171694,376.9230769230769,Hydrogen fuel cell (fan),0.0
2434.2413552369194,376.9230769230769,Hydrogen fuel cell (fan),0.0
2848.035868435799,376.9230769230769,Hydrogen fuel cell (fan),0.0
3332.1709412448167,376.9230769230769,Hydrogen fuel cell (fan),0.0
3898.603702549072,376.9230769230769,Hydrogen fuel cell (fan),0.0
4561.323862890211,376.9230769230769,Hydrogen fuel cell (fan),0.0
5336.699231206308,376.9230769230769,Hydrogen fuel cell (fan),0.0
6243.879965653626,376.9230769230769,Hydrogen fuel cell (fan),0.0
7305.271542664449,376.9230769230769,Hydrogen fuel cell (fan),0.0
8547.08812559251,376.9230769230769,Hydrogen fuel cell (fan),0.0
10000.0,376.9230769230769,Hydrogen fuel cell (fan),0.0
10.0,385.1282051282051,Hydrogen fuel cell (fan),0.0
11.69989106589066,385.1282051282051,Hydrogen fuel cell (fan),0.0
13.688745095370805,385.1282051282051,Hydrogen fuel cell (fan),0.0
16.015682644458355,385.1282051282051,Hydrogen fuel cell (fan),0.0
18.73817422860384,385.1282051282051,Hydrogen fuel cell (fan),0.0
21.923459724834466,385.1282051282051,Hydrogen fuel cell (fan),0.0
25.650209056800456,385.1282051282051,Hydrogen fuel cell (fan),0.0
30.010465178188735,385.1282051282051,Hydrogen fuel cell (fan),0.0
35.11191734215131,385.1282051282051,Hydrogen fuel cell (fan),0.0
41.08056080177274,385.1282051282051,Hydrogen fuel cell (fan),0.0
48.06380863064389,385.1282051282051,Hydrogen fuel cell (fan),0.0
56.23413251903491,385.1282051282051,Hydrogen fuel cell (fan),0.0
65.79332246575679,385.1282051282051,Hydrogen fuel cell (fan),0.0
76.9774705712371,385.1282051282051,Hydrogen fuel cell (fan),0.0
90.06280202112787,385.1282051282051,Hydrogen fuel cell (fan),0.0
105.37249727360725,385.1282051282051,Hydrogen fuel cell (fan),0.0
123.28467394420659,385.1282051282051,Hydrogen fuel cell (fan),0.0
144.24172552410664,385.1282051282051,Hydrogen fuel cell (fan),0.0
168.7612475788147,385.1282051282051,Hydrogen fuel cell (fan),0.0
197.44882128159367,385.1282051282051,Hydrogen fuel cell (fan),0.0
231.0129700083158,385.1282051282051,Hydrogen fuel cell (fan),0.0
270.28265839051625,385.1282051282051,Hydrogen fuel cell (fan),0.0
316.22776601683796,385.1282051282051,Hydrogen fuel cell (fan),0.0
369.9830414406966,385.1282051282051,Hydrogen fuel cell (fan),0.0
432.8761281083057,385.1282051282051,Hydrogen fuel cell (fan),0.0
506.4603543891704,385.1282051282051,Hydrogen fuel cell (fan),0.0
592.5530975545674,385.1282051282051,Hydrogen fuel cell (fan),0.0
693.2806692144524,385.1282051282051,Hydrogen fuel cell (fan),0.0
811.1308307896873,385.1282051282051,Hydrogen fuel cell (fan),0.0
949.0142360424725,385.1282051282051,Hydrogen fuel cell (fan),0.0
1110.336318167638,385.1282051282051,Hydrogen fuel cell (fan),0.0
1299.0813969063468,385.1282051282051,Hydrogen fuel cell (fan),0.0
1519.9110829529332,385.1282051282051,Hydrogen fuel cell (fan),0.0
1778.2794100389228,385.1282051282051,Hydrogen fuel cell (fan),0.0
2080.5675382171694,385.1282051282051,Hydrogen fuel cell (fan),0.0
2434.2413552369194,385.1282051282051,Hydrogen fuel cell (fan),0.0
2848.035868435799,385.1282051282051,Hydrogen fuel cell (fan),0.0
3332.1709412448167,385.1282051282051,Hydrogen fuel cell (fan),0.0
3898.603702549072,385.1282051282051,Hydrogen fuel cell (fan),0.0
4561.323862890211,385.1282051282051,Hydrogen fuel cell (fan),0.0
5336.699231206308,385.1282051282051,Hydrogen fuel cell (fan),0.0
6243.879965653626,385.1282051282051,Hydrogen fuel cell (fan),0.0
7305.271542664449,385.1282051282051,Hydrogen fuel cell (fan),0.0
8547.08812559251,385.1282051282051,Hydrogen fuel cell (fan),0.0
10000.0,385.1282051282051,Hydrogen fuel cell (fan),0.0
10.0,393.3333333333333,Hydrogen fuel cell (fan),0.0
11.69989106589066,393.3333333333333,Hydrogen fuel cell (fan),0.0
13.688745095370805,393.3333333333333,Hydrogen fuel cell (fan),0.0
16.015682644458355,393.3333333333333,Hydrogen fuel cell (fan),0.0
18.73817422860384,393.3333333333333,Hydrogen fuel cell (fan),0.0
21.923459724834466,393.3333333333333,Hydrogen fuel cell (fan),0.0
25.650209056800456,393.3333333333333,Hydrogen fuel cell (fan),0.0
30.010465178188735,393.3333333333333,Hydrogen fuel cell (fan),0.0
35.11191734215131,393.3333333333333,Hydrogen fuel cell (fan),0.0
41.08056080177274,393.3333333333333,Hydrogen fuel cell (fan),0.0
48.06380863064389,393.3333333333333,Hydrogen fuel cell (fan),0.0
56.23413251903491,393.3333333333333,Hydrogen fuel cell (fan),0.0
65.79332246575679,393.3333333333333,Hydrogen fuel cell (fan),0.0
76.9774705712371,393.3333333333333,Hydrogen fuel cell (fan),0.0
90.06280202112787,393.3333333333333,Hydrogen fuel cell (fan),0.0
105.37249727360725,393.3333333333333,Hydrogen fuel cell (fan),0.0
123.28467394420659,393.3333333333333,Hydrogen fuel cell (fan),0.0
144.24172552410664,393.3333333333333,Hydrogen fuel cell (fan),0.0
168.7612475788147,393.3333333333333,Hydrogen fuel cell (fan),0.0
197.44882128159367,393.3333333333333,Hydrogen fuel cell (fan),0.0
231.0129700083158,393.3333333333333,Hydrogen fuel cell (fan),0.0
270.28265839051625,393.3333333333333,Hydrogen fuel cell (fan),0.0
316.22776601683796,393.3333333333333,Hydrogen fuel cell (fan),0.0
369.9830414406966,393.3333333333333,Hydrogen fuel cell (fan),0.0
432.8761281083057,393.3333333333333,Hydrogen fuel cell (fan),0.0
506.4603543891704,393.3333333333333,Hydrogen fuel cell (fan),0.0
592.5530975545674,393.3333333333333,Hydrogen fuel cell (fan),0.0
693.2806692144524,393.3333333333333,Hydrogen fuel cell (fan),0.0
811.1308307896873,393.3333333333333,Hydrogen fuel cell (fan),0.0
949.0142360424725,393.3333333333333,Hydrogen fuel cell (fan),0.0
1110.336318167638,393.3333333333333,Hydrogen fuel cell (fan),0.0
1299.0813969063468,393.3333333333333,Hydrogen fuel cell (fan),0.0
1519.9110829529332,393.3333333333333,Hydrogen fuel cell (fan),0.0
1778.2794100389228,393.3333333333333,Hydrogen fuel cell (fan),0.0
2080.5675382171694,393.3333333333333,Hydrogen fuel cell (fan),0.0
2434.2413552369194,393.3333333333333,Hydrogen fuel cell (fan),0.0
2848.035868435799,393.3333333333333,Hydrogen fuel cell (fan),0.0
3332.1709412448167,393.3333333333333,Hydrogen fuel cell (fan),0.0
3898.603702549072,393.3333333333333,Hydrogen fuel cell (fan),0.0
4561.323862890211,393.3333333333333,Hydrogen fuel cell (fan),0.0
5336.699231206308,393.3333333333333,Hydrogen fuel cell (fan),0.0
6243.879965653626,393.3333333333333,Hydrogen fuel cell (fan),0.0
7305.271542664449,393.3333333333333,Hydrogen fuel cell (fan),0.0
8547.08812559251,393.3333333333333,Hydrogen fuel cell (fan),0.0
10000.0,393.3333333333333,Hydrogen fuel cell (fan),0.0
10.0,401.53846153846155,Hydrogen fuel cell (fan),0.0
11.69989106589066,401.53846153846155,Hydrogen fuel cell (fan),0.0
13.688745095370805,401.53846153846155,Hydrogen fuel cell (fan),0.0
16.015682644458355,401.53846153846155,Hydrogen fuel cell (fan),0.0
18.73817422860384,401.53846153846155,Hydrogen fuel cell (fan),0.0
21.923459724834466,401.53846153846155,Hydrogen fuel cell (fan),0.0
25.650209056800456,401.53846153846155,Hydrogen fuel cell (fan),0.0
30.010465178188735,401.53846153846155,Hydrogen fuel cell (fan),0.0
35.11191734215131,401.53846153846155,Hydrogen fuel cell (fan),0.0
41.08056080177274,401.53846153846155,Hydrogen fuel cell (fan),0.0
48.06380863064389,401.53846153846155,Hydrogen fuel cell (fan),0.0
56.23413251903491,401.53846153846155,Hydrogen fuel cell (fan),0.0
65.79332246575679,401.53846153846155,Hydrogen fuel cell (fan),0.0
76.9774705712371,401.53846153846155,Hydrogen fuel cell (fan),0.0
90.06280202112787,401.53846153846155,Hydrogen fuel cell (fan),0.0
105.37249727360725,401.53846153846155,Hydrogen fuel cell (fan),0.0
123.28467394420659,401.53846153846155,Hydrogen fuel cell (fan),0.0
144.24172552410664,401.53846153846155,Hydrogen fuel cell (fan),0.0
168.7612475788147,401.53846153846155,Hydrogen fuel cell (fan),0.0
197.44882128159367,401.53846153846155,Hydrogen fuel cell (fan),0.0
231.0129700083158,401.53846153846155,Hydrogen fuel cell (fan),0.0
270.28265839051625,401.53846153846155,Hydrogen fuel cell (fan),0.0
316.22776601683796,401.53846153846155,Hydrogen fuel cell (fan),0.0
369.9830414406966,401.53846153846155,Hydrogen fuel cell (fan),0.0
432.8761281083057,401.53846153846155,Hydrogen fuel cell (fan),0.0
506.4603543891704,401.53846153846155,Hydrogen fuel cell (fan),0.0
592.5530975545674,401.53846153846155,Hydrogen fuel cell (fan),0.0
693.2806692144524,401.53846153846155,Hydrogen fuel cell (fan),0.0
811.1308307896873,401.53846153846155,Hydrogen fuel cell (fan),0.0
949.0142360424725,401.53846153846155,Hydrogen fuel cell (fan),0.0
1110.336318167638,401.53846153846155,Hydrogen fuel cell (fan),0.0
1299.0813969063468,401.53846153846155,Hydrogen fuel cell (fan),0.0
1519.9110829529332,401.53846153846155,Hydrogen fuel cell (fan),0.0
1778.2794100389228,401.53846153846155,Hydrogen fuel cell (fan),0.0
2080.5675382171694,401.53846153846155,Hydrogen fuel cell (fan),0.0
2434.2413552369194,401.53846153846155,Hydrogen fuel cell (fan),0.0
2848.035868435799,401.53846153846155,Hydrogen fuel cell (fan),0.0
3332.1709412448167,401.53846153846155,Hydrogen fuel cell (fan),0.0
3898.603702549072,401.53846153846155,Hydrogen fuel cell (fan),0.0
4561.323862890211,401.53846153846155,Hydrogen fuel cell (fan),0.0
5336.699231206308,401.53846153846155,Hydrogen fuel cell (fan),0.0
6243.879965653626,401.53846153846155,Hydrogen fuel cell (fan),0.0
7305.271542664449,401.53846153846155,Hydrogen fuel cell (fan),0.0
8547.08812559251,401.53846153846155,Hydrogen fuel cell (fan),0.0
10000.0,401.53846153846155,Hydrogen fuel cell (fan),0.0
10.0,409.7435897435897,Hydrogen fuel cell (fan),0.0
11.69989106589066,409.7435897435897,Hydrogen fuel cell (fan),0.0
13.688745095370805,409.7435897435897,Hydrogen fuel cell (fan),0.0
16.015682644458355,409.7435897435897,Hydrogen fuel cell (fan),0.0
18.73817422860384,409.7435897435897,Hydrogen fuel cell (fan),0.0
21.923459724834466,409.7435897435897,Hydrogen fuel cell (fan),0.0
25.650209056800456,409.7435897435897,Hydrogen fuel cell (fan),0.0
30.010465178188735,409.7435897435897,Hydrogen fuel cell (fan),0.0
35.11191734215131,409.7435897435897,Hydrogen fuel cell (fan),0.0
41.08056080177274,409.7435897435897,Hydrogen fuel cell (fan),0.0
48.06380863064389,409.7435897435897,Hydrogen fuel cell (fan),0.0
56.23413251903491,409.7435897435897,Hydrogen fuel cell (fan),0.0
65.79332246575679,409.7435897435897,Hydrogen fuel cell (fan),0.0
76.9774705712371,409.7435897435897,Hydrogen fuel cell (fan),0.0
90.06280202112787,409.7435897435897,Hydrogen fuel cell (fan),0.0
105.37249727360725,409.7435897435897,Hydrogen fuel cell (fan),0.0
123.28467394420659,409.7435897435897,Hydrogen fuel cell (fan),0.0
144.24172552410664,409.7435897435897,Hydrogen fuel cell (fan),0.0
168.7612475788147,409.7435897435897,Hydrogen fuel cell (fan),0.0
197.44882128159367,409.7435897435897,Hydrogen fuel cell (fan),0.0
231.0129700083158,409.7435897435897,Hydrogen fuel cell (fan),0.0
270.28265839051625,409.7435897435897,Hydrogen fuel cell (fan),0.0
316.22776601683796,409.7435897435897,Hydrogen fuel cell (fan),0.0
369.9830414406966,409.7435897435897,Hydrogen fuel cell (fan),0.0
432.8761281083057,409.7435897435897,Hydrogen fuel cell (fan),0.0
506.4603543891704,409.7435897435897,Hydrogen fuel cell (fan),0.0
592.5530975545674,409.7435897435897,Hydrogen fuel cell (fan),0.0
693.2806692144524,409.7435897435897,Hydrogen fuel cell (fan),0.0
811.1308307896873,409.7435897435897,Hydrogen fuel cell (fan),0.0
949.0142360424725,409.7435897435897,Hydrogen fuel cell (fan),0.0
1110.336318167638,409.7435897435897,Hydrogen fuel cell (fan),0.0
1299.0813969063468,409.7435897435897,Hydrogen fuel cell (fan),0.0
1519.9110829529332,409.7435897435897,Hydrogen fuel cell (fan),0.0
1778.2794100389228,409.7435897435897,Hydrogen fuel cell (fan),0.0
2080.5675382171694,409.7435897435897,Hydrogen fuel cell (fan),0.0
2434.2413552369194,409.7435897435897,Hydrogen fuel cell (fan),0.0
2848.035868435799,409.7435897435897,Hydrogen fuel cell (fan),0.0
3332.1709412448167,409.7435897435897,Hydrogen fuel cell (fan),0.0
3898.603702549072,409.7435897435897,Hydrogen fuel cell (fan),0.0
4561.323862890211,409.7435897435897,Hydrogen fuel cell (fan),0.0
5336.699231206308,409.7435897435897,Hydrogen fuel cell (fan),0.0
6243.879965653626,409.7435897435897,Hydrogen fuel cell (fan),0.0
7305.271542664449,409.7435897435897,Hydrogen fuel cell (fan),0.0
8547.08812559251,409.7435897435897,Hydrogen fuel cell (fan),0.0
10000.0,409.7435897435897,Hydrogen fuel cell (fan),0.0
10.0,417.9487179487179,Hydrogen fuel cell (fan),0.0
11.69989106589066,417.9487179487179,Hydrogen fuel cell (fan),0.0
13.688745095370805,417.9487179487179,Hydrogen fuel cell (fan),0.0
16.015682644458355,417.9487179487179,Hydrogen fuel cell (fan),0.0
18.73817422860384,417.9487179487179,Hydrogen fuel cell (fan),0.0
21.923459724834466,417.9487179487179,Hydrogen fuel cell (fan),0.0
25.650209056800456,417.9487179487179,Hydrogen fuel cell (fan),0.0
30.010465178188735,417.9487179487179,Hydrogen fuel cell (fan),0.0
35.11191734215131,417.9487179487179,Hydrogen fuel cell (fan),0.0
41.08056080177274,417.9487179487179,Hydrogen fuel cell (fan),0.0
48.06380863064389,417.9487179487179,Hydrogen fuel cell (fan),0.0
56.23413251903491,417.9487179487179,Hydrogen fuel cell (fan),0.0
65.79332246575679,417.9487179487179,Hydrogen fuel cell (fan),0.0
76.9774705712371,417.9487179487179,Hydrogen fuel cell (fan),0.0
90.06280202112787,417.9487179487179,Hydrogen fuel cell (fan),0.0
105.37249727360725,417.9487179487179,Hydrogen fuel cell (fan),0.0
123.28467394420659,417.9487179487179,Hydrogen fuel cell (fan),0.0
144.24172552410664,417.9487179487179,Hydrogen fuel cell (fan),0.0
168.7612475788147,417.9487179487179,Hydrogen fuel cell (fan),0.0
197.44882128159367,417.9487179487179,Hydrogen fuel cell (fan),0.0
231.0129700083158,417.9487179487179,Hydrogen fuel cell (fan),0.0
270.28265839051625,417.9487179487179,Hydrogen fuel cell (fan),0.0
316.22776601683796,417.9487179487179,Hydrogen fuel cell (fan),0.0
369.9830414406966,417.9487179487179,Hydrogen fuel cell (fan),0.0
432.8761281083057,417.9487179487179,Hydrogen fuel cell (fan),0.0
506.4603543891704,417.9487179487179,Hydrogen fuel cell (fan),0.0
592.5530975545674,417.9487179487179,Hydrogen fuel cell (fan),0.0
693.2806692144524,417.9487179487179,Hydrogen fuel cell (fan),0.0
811.1308307896873,417.9487179487179,Hydrogen fuel cell (fan),0.0
949.0142360424725,417.9487179487179,Hydrogen fuel cell (fan),0.0
1110.336318167638,417.9487179487179,Hydrogen fuel cell (fan),0.0
1299.0813969063468,417.9487179487179,Hydrogen fuel cell (fan),0.0
1519.9110829529332,417.9487179487179,Hydrogen fuel cell (fan),0.0
1778.2794100389228,417.9487179487179,Hydrogen fuel cell (fan),0.0
2080.5675382171694,417.9487179487179,Hydrogen fuel cell (fan),0.0
2434.2413552369194,417.9487179487179,Hydrogen fuel cell (fan),0.0
2848.035868435799,417.9487179487179,Hydrogen fuel cell (fan),0.0
3332.1709412448167,417.9487179487179,Hydrogen fuel cell (fan),0.0
3898.603702549072,417.9487179487179,Hydrogen fuel cell (fan),0.0
4561.323862890211,417.9487179487179,Hydrogen fuel cell (fan),0.0
5336.699231206308,417.9487179487179,Hydrogen fuel cell (fan),0.0
6243.879965653626,417.9487179487179,Hydrogen fuel cell (fan),0.0
7305.271542664449,417.9487179487179,Hydrogen fuel cell (fan),0.0
8547.08812559251,417.9487179487179,Hydrogen fuel cell (fan),0.0
10000.0,417.9487179487179,Hydrogen fuel cell (fan),0.0
10.0,426.15384615384613,Hydrogen fuel cell (fan),0.0
11.69989106589066,426.15384615384613,Hydrogen fuel cell (fan),0.0
13.688745095370805,426.15384615384613,Hydrogen fuel cell (fan),0.0
16.015682644458355,426.15384615384613,Hydrogen fuel cell (fan),0.0
18.73817422860384,426.15384615384613,Hydrogen fuel cell (fan),0.0
21.923459724834466,426.15384615384613,Hydrogen fuel cell (fan),0.0
25.650209056800456,426.15384615384613,Hydrogen fuel cell (fan),0.0
30.010465178188735,426.15384615384613,Hydrogen fuel cell (fan),0.0
35.11191734215131,426.15384615384613,Hydrogen fuel cell (fan),0.0
41.08056080177274,426.15384615384613,Hydrogen fuel cell (fan),0.0
48.06380863064389,426.15384615384613,Hydrogen fuel cell (fan),0.0
56.23413251903491,426.15384615384613,Hydrogen fuel cell (fan),0.0
65.79332246575679,426.15384615384613,Hydrogen fuel cell (fan),0.0
76.9774705712371,426.15384615384613,Hydrogen fuel cell (fan),0.0
90.06280202112787,426.15384615384613,Hydrogen fuel cell (fan),0.0
105.37249727360725,426.15384615384613,Hydrogen fuel cell (fan),0.0
123.28467394420659,426.15384615384613,Hydrogen fuel cell (fan),0.0
144.24172552410664,426.15384615384613,Hydrogen fuel cell (fan),0.0
168.7612475788147,426.15384615384613,Hydrogen fuel cell (fan),0.0
197.44882128159367,426.15384615384613,Hydrogen fuel cell (fan),0.0
231.0129700083158,426.15384615384613,Hydrogen fuel cell (fan),0.0
270.28265839051625,426.15384615384613,Hydrogen fuel cell (fan),0.0
316.22776601683796,426.15384615384613,Hydrogen fuel cell (fan),0.0
369.9830414406966,426.15384615384613,Hydrogen fuel cell (fan),0.0
432.8761281083057,426.15384615384613,Hydrogen fuel cell (fan),0.0
506.4603543891704,426.15384615384613,Hydrogen fuel cell (fan),0.0
592.5530975545674,426.15384615384613,Hydrogen fuel cell (fan),0.0
693.2806692144524,426.15384615384613,Hydrogen fuel cell (fan),0.0
811.1308307896873,426.15384615384613,Hydrogen fuel cell (fan),0.0
949.0142360424725,426.15384615384613,Hydrogen fuel cell (fan),0.0
1110.336318167638,426.15384615384613,Hydrogen fuel cell (fan),0.0
1299.0813969063468,426.15384615384613,Hydrogen fuel cell (fan),0.0
1519.9110829529332,426.15384615384613,Hydrogen fuel cell (fan),0.0
1778.2794100389228,426.15384615384613,Hydrogen fuel cell (fan),0.0
2080.5675382171694,426.15384615384613,Hydrogen fuel cell (fan),0.0
2434.2413552369194,426.15384615384613,Hydrogen fuel cell (fan),0.0
2848.035868435799,426.15384615384613,Hydrogen fuel cell (fan),0.0
3332.1709412448167,426.15384615384613,Hydrogen fuel cell (fan),0.0
3898.603702549072,426.15384615384613,Hydrogen fuel cell (fan),0.0
4561.323862890211,426.15384615384613,Hydrogen fuel cell (fan),0.0
5336.699231206308,426.15384615384613,Hydrogen fuel cell (fan),0.0
6243.879965653626,426.15384615384613,Hydrogen fuel cell (fan),0.0
7305.271542664449,426.15384615384613,Hydrogen fuel cell (fan),0.0
8547.08812559251,426.15384615384613,Hydrogen fuel cell (fan),0.0
10000.0,426.15384615384613,Hydrogen fuel cell (fan),0.0
10.0,434.35897435897436,Hydrogen fuel cell (fan),0.0
11.69989106589066,434.35897435897436,Hydrogen fuel cell (fan),0.0
13.688745095370805,434.35897435897436,Hydrogen fuel cell (fan),0.0
16.015682644458355,434.35897435897436,Hydrogen fuel cell (fan),0.0
18.73817422860384,434.35897435897436,Hydrogen fuel cell (fan),0.0
21.923459724834466,434.35897435897436,Hydrogen fuel cell (fan),0.0
25.650209056800456,434.35897435897436,Hydrogen fuel cell (fan),0.0
30.010465178188735,434.35897435897436,Hydrogen fuel cell (fan),0.0
35.11191734215131,434.35897435897436,Hydrogen fuel cell (fan),0.0
41.08056080177274,434.35897435897436,Hydrogen fuel cell (fan),0.0
48.06380863064389,434.35897435897436,Hydrogen fuel cell (fan),0.0
56.23413251903491,434.35897435897436,Hydrogen fuel cell (fan),0.0
65.79332246575679,434.35897435897436,Hydrogen fuel cell (fan),0.0
76.9774705712371,434.35897435897436,Hydrogen fuel cell (fan),0.0
90.06280202112787,434.35897435897436,Hydrogen fuel cell (fan),0.0
105.37249727360725,434.35897435897436,Hydrogen fuel cell (fan),0.0
123.28467394420659,434.35897435897436,Hydrogen fuel cell (fan),0.0
144.24172552410664,434.35897435897436,Hydrogen fuel cell (fan),0.0
168.7612475788147,434.35897435897436,Hydrogen fuel cell (fan),0.0
197.44882128159367,434.35897435897436,Hydrogen fuel cell (fan),0.0
231.0129700083158,434.35897435897436,Hydrogen fuel cell (fan),0.0
270.28265839051625,434.35897435897436,Hydrogen fuel cell (fan),0.0
316.22776601683796,434.35897435897436,Hydrogen fuel cell (fan),0.0
369.9830414406966,434.35897435897436,Hydrogen fuel cell (fan),0.0
432.8761281083057,434.35897435897436,Hydrogen fuel cell (fan),0.0
506.4603543891704,434.35897435897436,Hydrogen fuel cell (fan),0.0
592.5530975545674,434.35897435897436,Hydrogen fuel cell (fan),0.0
693.2806692144524,434.35897435897436,Hydrogen fuel cell (fan),0.0
811.1308307896873,434.35897435897436,Hydrogen fuel cell (fan),0.0
949.0142360424725,434.35897435897436,Hydrogen fuel cell (fan),0.0
1110.336318167638,434.35897435897436,Hydrogen fuel cell (fan),0.0
1299.0813969063468,434.35897435897436,Hydrogen fuel cell (fan),0.0
1519.9110829529332,434.35897435897436,Hydrogen fuel cell (fan),0.0
1778.2794100389228,434.35897435897436,Hydrogen fuel cell (fan),0.0
2080.5675382171694,434.35897435897436,Hydrogen fuel cell (fan),0.0
2434.2413552369194,434.35897435897436,Hydrogen fuel cell (fan),0.0
2848.035868435799,434.35897435897436,Hydrogen fuel cell (fan),0.0
3332.1709412448167,434.35897435897436,Hydrogen fuel cell (fan),0.0
3898.603702549072,434.35897435897436,Hydrogen fuel cell (fan),0.0
4561.323862890211,434.35897435897436,Hydrogen fuel cell (fan),0.0
5336.699231206308,434.35897435897436,Hydrogen fuel cell (fan),0.0
6243.879965653626,434.35897435897436,Hydrogen fuel cell (fan),0.0
7305.271542664449,434.35897435897436,Hydrogen fuel cell (fan),0.0
8547.08812559251,434.35897435897436,Hydrogen fuel cell (fan),0.0
10000.0,434.35897435897436,Hydrogen fuel cell (fan),0.0
10.0,442.56410256410254,Hydrogen fuel cell (fan),0.0
11.69989106589066,442.56410256410254,Hydrogen fuel cell (fan),0.0
13.688745095370805,442.56410256410254,Hydrogen fuel cell (fan),0.0
16.015682644458355,442.56410256410254,Hydrogen fuel cell (fan),0.0
18.73817422860384,442.56410256410254,Hydrogen fuel cell (fan),0.0
21.923459724834466,442.56410256410254,Hydrogen fuel cell (fan),0.0
25.650209056800456,442.56410256410254,Hydrogen fuel cell (fan),0.0
30.010465178188735,442.56410256410254,Hydrogen fuel cell (fan),0.0
35.11191734215131,442.56410256410254,Hydrogen fuel cell (fan),0.0
41.08056080177274,442.56410256410254,Hydrogen fuel cell (fan),0.0
48.06380863064389,442.56410256410254,Hydrogen fuel cell (fan),0.0
56.23413251903491,442.56410256410254,Hydrogen fuel cell (fan),0.0
65.79332246575679,442.56410256410254,Hydrogen fuel cell (fan),0.0
76.9774705712371,442.56410256410254,Hydrogen fuel cell (fan),0.0
90.06280202112787,442.56410256410254,Hydrogen fuel cell (fan),0.0
105.37249727360725,442.56410256410254,Hydrogen fuel cell (fan),0.0
123.28467394420659,442.56410256410254,Hydrogen fuel cell (fan),0.0
144.24172552410664,442.56410256410254,Hydrogen fuel cell (fan),0.0
168.7612475788147,442.56410256410254,Hydrogen fuel cell (fan),0.0
197.44882128159367,442.56410256410254,Hydrogen fuel cell (fan),0.0
231.0129700083158,442.56410256410254,Hydrogen fuel cell (fan),0.0
270.28265839051625,442.56410256410254,Hydrogen fuel cell (fan),0.0
316.22776601683796,442.56410256410254,Hydrogen fuel cell (fan),0.0
369.9830414406966,442.56410256410254,Hydrogen fuel cell (fan),0.0
432.8761281083057,442.56410256410254,Hydrogen fuel cell (fan),0.0
506.4603543891704,442.56410256410254,Hydrogen fuel cell (fan),0.0
592.5530975545674,442.56410256410254,Hydrogen fuel cell (fan),0.0
693.2806692144524,442.56410256410254,Hydrogen fuel cell (fan),0.0
811.1308307896873,442.56410256410254,Hydrogen fuel cell (fan),0.0
949.0142360424725,442.56410256410254,Hydrogen fuel cell (fan),0.0
1110.336318167638,442.56410256410254,Hydrogen fuel cell (fan),0.0
1299.0813969063468,442.56410256410254,Hydrogen fuel cell (fan),0.0
1519.9110829529332,442.56410256410254,Hydrogen fuel cell (fan),0.0
1778.2794100389228,442.56410256410254,Hydrogen fuel cell (fan),0.0
2080.5675382171694,442.56410256410254,Hydrogen fuel cell (fan),0.0
2434.2413552369194,442.56410256410254,Hydrogen fuel cell (fan),0.0
2848.035868435799,442.56410256410254,Hydrogen fuel cell (fan),0.0
3332.1709412448167,442.56410256410254,Hydrogen fuel cell (fan),0.0
3898.603702549072,442.56410256410254,Hydrogen fuel cell (fan),0.0
4561.323862890211,442.56410256410254,Hydrogen fuel cell (fan),0.0
5336.699231206308,442.56410256410254,Hydrogen fuel cell (fan),0.0
6243.879965653626,442.56410256410254,Hydrogen fuel cell (fan),0.0
7305.271542664449,442.56410256410254,Hydrogen fuel cell (fan),0.0
8547.08812559251,442.56410256410254,Hydrogen fuel cell (fan),0.0
10000.0,442.56410256410254,Hydrogen fuel cell (fan),0.0
10.0,450.7692307692307,Hydrogen fuel cell (fan),0.0
11.69989106589066,450.7692307692307,Hydrogen fuel cell (fan),0.0
13.688745095370805,450.7692307692307,Hydrogen fuel cell (fan),0.0
16.015682644458355,450.7692307692307,Hydrogen fuel cell (fan),0.0
18.73817422860384,450.7692307692307,Hydrogen fuel cell (fan),0.0
21.923459724834466,450.7692307692307,Hydrogen fuel cell (fan),0.0
25.650209056800456,450.7692307692307,Hydrogen fuel cell (fan),0.0
30.010465178188735,450.7692307692307,Hydrogen fuel cell (fan),0.0
35.11191734215131,450.7692307692307,Hydrogen fuel cell (fan),0.0
41.08056080177274,450.7692307692307,Hydrogen fuel cell (fan),0.0
48.06380863064389,450.7692307692307,Hydrogen fuel cell (fan),0.0
56.23413251903491,450.7692307692307,Hydrogen fuel cell (fan),0.0
65.79332246575679,450.7692307692307,Hydrogen fuel cell (fan),0.0
76.9774705712371,450.7692307692307,Hydrogen fuel cell (fan),0.0
90.06280202112787,450.7692307692307,Hydrogen fuel cell (fan),0.0
105.37249727360725,450.7692307692307,Hydrogen fuel cell (fan),0.0
123.28467394420659,450.7692307692307,Hydrogen fuel cell (fan),0.0
144.24172552410664,450.7692307692307,Hydrogen fuel cell (fan),0.0
168.7612475788147,450.7692307692307,Hydrogen fuel cell (fan),0.0
197.44882128159367,450.7692307692307,Hydrogen fuel cell (fan),0.0
231.0129700083158,450.7692307692307,Hydrogen fuel cell (fan),0.0
270.28265839051625,450.7692307692307,Hydrogen fuel cell (fan),0.0
316.22776601683796,450.7692307692307,Hydrogen fuel cell (fan),0.0
369.9830414406966,450.7692307692307,Hydrogen fuel cell (fan),0.0
432.8761281083057,450.7692307692307,Hydrogen fuel cell (fan),0.0
506.4603543891704,450.7692307692307,Hydrogen fuel cell (fan),0.0
592.5530975545674,450.7692307692307,Hydrogen fuel cell (fan),0.0
693.2806692144524,450.7692307692307,Hydrogen fuel cell (fan),0.0
811.1308307896873,450.7692307692307,Hydrogen fuel cell (fan),0.0
949.0142360424725,450.7692307692307,Hydrogen fuel cell (fan),0.0
1110.336318167638,450.7692307692307,Hydrogen fuel cell (fan),0.0
1299.0813969063468,450.7692307692307,Hydrogen fuel cell (fan),0.0
1519.9110829529332,450.7692307692307,Hydrogen fuel cell (fan),0.0
1778.2794100389228,450.7692307692307,Hydrogen fuel cell (fan),0.0
2080.5675382171694,450.7692307692307,Hydrogen fuel cell (fan),0.0
2434.2413552369194,450.7692307692307,Hydrogen fuel cell (fan),0.0
2848.035868435799,450.7692307692307,Hydrogen fuel cell (fan),0.0
3332.1709412448167,450.7692307692307,Hydrogen fuel cell (fan),0.0
3898.603702549072,450.7692307692307,Hydrogen fuel cell (fan),0.0
4561.323862890211,450.7692307692307,Hydrogen fuel cell (fan),0.0
5336.699231206308,450.7692307692307,Hydrogen fuel cell (fan),0.0
6243.879965653626,450.7692307692307,Hydrogen fuel cell (fan),0.0
7305.271542664449,450.7692307692307,Hydrogen fuel cell (fan),0.0
8547.08812559251,450.7692307692307,Hydrogen fuel cell (fan),0.0
10000.0,450.7692307692307,Hydrogen fuel cell (fan),0.0
10.0,458.97435897435895,Hydrogen fuel cell (fan),0.0
11.69989106589066,458.97435897435895,Hydrogen fuel cell (fan),0.0
13.688745095370805,458.97435897435895,Hydrogen fuel cell (fan),0.0
16.015682644458355,458.97435897435895,Hydrogen fuel cell (fan),0.0
18.73817422860384,458.97435897435895,Hydrogen fuel cell (fan),0.0
21.923459724834466,458.97435897435895,Hydrogen fuel cell (fan),0.0
25.650209056800456,458.97435897435895,Hydrogen fuel cell (fan),0.0
30.010465178188735,458.97435897435895,Hydrogen fuel cell (fan),0.0
35.11191734215131,458.97435897435895,Hydrogen fuel cell (fan),0.0
41.08056080177274,458.97435897435895,Hydrogen fuel cell (fan),0.0
48.06380863064389,458.97435897435895,Hydrogen fuel cell (fan),0.0
56.23413251903491,458.97435897435895,Hydrogen fuel cell (fan),0.0
65.79332246575679,458.97435897435895,Hydrogen fuel cell (fan),0.0
76.9774705712371,458.97435897435895,Hydrogen fuel cell (fan),0.0
90.06280202112787,458.97435897435895,Hydrogen fuel cell (fan),0.0
105.37249727360725,458.97435897435895,Hydrogen fuel cell (fan),0.0
123.28467394420659,458.97435897435895,Hydrogen fuel cell (fan),0.0
144.24172552410664,458.97435897435895,Hydrogen fuel cell (fan),0.0
168.7612475788147,458.97435897435895,Hydrogen fuel cell (fan),0.0
197.44882128159367,458.97435897435895,Hydrogen fuel cell (fan),0.0
231.0129700083158,458.97435897435895,Hydrogen fuel cell (fan),0.0
270.28265839051625,458.97435897435895,Hydrogen fuel cell (fan),0.0
316.22776601683796,458.97435897435895,Hydrogen fuel cell (fan),0.0
369.9830414406966,458.97435897435895,Hydrogen fuel cell (fan),0.0
432.8761281083057,458.97435897435895,Hydrogen fuel cell (fan),0.0
506.4603543891704,458.97435897435895,Hydrogen fuel cell (fan),0.0
592.5530975545674,458.97435897435895,Hydrogen fuel cell (fan),0.0
693.2806692144524,458.97435897435895,Hydrogen fuel cell (fan),0.0
811.1308307896873,458.97435897435895,Hydrogen fuel cell (fan),0.0
949.0142360424725,458.97435897435895,Hydrogen fuel cell (fan),0.0
1110.336318167638,458.97435897435895,Hydrogen fuel cell (fan),0.0
1299.0813969063468,458.97435897435895,Hydrogen fuel cell (fan),0.0
1519.9110829529332,458.97435897435895,Hydrogen fuel cell (fan),0.0
1778.2794100389228,458.97435897435895,Hydrogen fuel cell (fan),0.0
2080.5675382171694,458.97435897435895,Hydrogen fuel cell (fan),0.0
2434.2413552369194,458.97435897435895,Hydrogen fuel cell (fan),0.0
2848.035868435799,458.97435897435895,Hydrogen fuel cell (fan),0.0
3332.1709412448167,458.97435897435895,Hydrogen fuel cell (fan),0.0
3898.603702549072,458.97435897435895,Hydrogen fuel cell (fan),0.0
4561.323862890211,458.97435897435895,Hydrogen fuel cell (fan),0.0
5336.699231206308,458.97435897435895,Hydrogen fuel cell (fan),0.0
6243.879965653626,458.97435897435895,Hydrogen fuel cell (fan),0.0
7305.271542664449,458.97435897435895,Hydrogen fuel cell (fan),0.0
8547.08812559251,458.97435897435895,Hydrogen fuel cell (fan),0.0
10000.0,458.97435897435895,Hydrogen fuel cell (fan),0.0
10.0,467.1794871794872,Hydrogen fuel cell (fan),0.0
11.69989106589066,467.1794871794872,Hydrogen fuel cell (fan),0.0
13.688745095370805,467.1794871794872,Hydrogen fuel cell (fan),0.0
16.015682644458355,467.1794871794872,Hydrogen fuel cell (fan),0.0
18.73817422860384,467.1794871794872,Hydrogen fuel cell (fan),0.0
21.923459724834466,467.1794871794872,Hydrogen fuel cell (fan),0.0
25.650209056800456,467.1794871794872,Hydrogen fuel cell (fan),0.0
30.010465178188735,467.1794871794872,Hydrogen fuel cell (fan),0.0
35.11191734215131,467.1794871794872,Hydrogen fuel cell (fan),0.0
41.08056080177274,467.1794871794872,Hydrogen fuel cell (fan),0.0
48.06380863064389,467.1794871794872,Hydrogen fuel cell (fan),0.0
56.23413251903491,467.1794871794872,Hydrogen fuel cell (fan),0.0
65.79332246575679,467.1794871794872,Hydrogen fuel cell (fan),0.0
76.9774705712371,467.1794871794872,Hydrogen fuel cell (fan),0.0
90.06280202112787,467.1794871794872,Hydrogen fuel cell (fan),0.0
105.37249727360725,467.1794871794872,Hydrogen fuel cell (fan),0.0
123.28467394420659,467.1794871794872,Hydrogen fuel cell (fan),0.0
144.24172552410664,467.1794871794872,Hydrogen fuel cell (fan),0.0
168.7612475788147,467.1794871794872,Hydrogen fuel cell (fan),0.0
197.44882128159367,467.1794871794872,Hydrogen fuel cell (fan),0.0
231.0129700083158,467.1794871794872,Hydrogen fuel cell (fan),0.0
270.28265839051625,467.1794871794872,Hydrogen fuel cell (fan),0.0
316.22776601683796,467.1794871794872,Hydrogen fuel cell (fan),0.0
369.9830414406966,467.1794871794872,Hydrogen fuel cell (fan),0.0
432.8761281083057,467.1794871794872,Hydrogen fuel cell (fan),0.0
506.4603543891704,467.1794871794872,Hydrogen fuel cell (fan),0.0
592.5530975545674,467.1794871794872,Hydrogen fuel cell (fan),0.0
693.2806692144524,467.1794871794872,Hydrogen fuel cell (fan),0.0
811.1308307896873,467.1794871794872,Hydrogen fuel cell (fan),0.0
949.0142360424725,467.1794871794872,Hydrogen fuel cell (fan),0.0
1110.336318167638,467.1794871794872,Hydrogen fuel cell (fan),0.0
1299.0813969063468,467.1794871794872,Hydrogen fuel cell (fan),0.0
1519.9110829529332,467.1794871794872,Hydrogen fuel cell (fan),0.0
1778.2794100389228,467.1794871794872,Hydrogen fuel cell (fan),0.0
2080.5675382171694,467.1794871794872,Hydrogen fuel cell (fan),0.0
2434.2413552369194,467.1794871794872,Hydrogen fuel cell (fan),0.0
2848.035868435799,467.1794871794872,Hydrogen fuel cell (fan),0.0
3332.1709412448167,467.1794871794872,Hydrogen fuel cell (fan),0.0
3898.603702549072,467.1794871794872,Hydrogen fuel cell (fan),0.0
4561.323862890211,467.1794871794872,Hydrogen fuel cell (fan),0.0
5336.699231206308,467.1794871794872,Hydrogen fuel cell (fan),0.0
6243.879965653626,467.1794871794872,Hydrogen fuel cell (fan),0.0
7305.271542664449,467.1794871794872,Hydrogen fuel cell (fan),0.0
8547.08812559251,467.1794871794872,Hydrogen fuel cell (fan),0.0
10000.0,467.1794871794872,Hydrogen fuel cell (fan),0.0
10.0,475.38461538461536,Hydrogen fuel cell (fan),0.0
11.69989106589066,475.38461538461536,Hydrogen fuel cell (fan),0.0
13.688745095370805,475.38461538461536,Hydrogen fuel cell (fan),0.0
16.015682644458355,475.38461538461536,Hydrogen fuel cell (fan),0.0
18.73817422860384,475.38461538461536,Hydrogen fuel cell (fan),0.0
21.923459724834466,475.38461538461536,Hydrogen fuel cell (fan),0.0
25.650209056800456,475.38461538461536,Hydrogen fuel cell (fan),0.0
30.010465178188735,475.38461538461536,Hydrogen fuel cell (fan),0.0
35.11191734215131,475.38461538461536,Hydrogen fuel cell (fan),0.0
41.08056080177274,475.38461538461536,Hydrogen fuel cell (fan),0.0
48.06380863064389,475.38461538461536,Hydrogen fuel cell (fan),0.0
56.23413251903491,475.38461538461536,Hydrogen fuel cell (fan),0.0
65.79332246575679,475.38461538461536,Hydrogen fuel cell (fan),0.0
76.9774705712371,475.38461538461536,Hydrogen fuel cell (fan),0.0
90.06280202112787,475.38461538461536,Hydrogen fuel cell (fan),0.0
105.37249727360725,475.38461538461536,Hydrogen fuel cell (fan),0.0
123.28467394420659,475.38461538461536,Hydrogen fuel cell (fan),0.0
144.24172552410664,475.38461538461536,Hydrogen fuel cell (fan),0.0
168.7612475788147,475.38461538461536,Hydrogen fuel cell (fan),0.0
197.44882128159367,475.38461538461536,Hydrogen fuel cell (fan),0.0
231.0129700083158,475.38461538461536,Hydrogen fuel cell (fan),0.0
270.28265839051625,475.38461538461536,Hydrogen fuel cell (fan),0.0
316.22776601683796,475.38461538461536,Hydrogen fuel cell (fan),0.0
369.9830414406966,475.38461538461536,Hydrogen fuel cell (fan),0.0
432.8761281083057,475.38461538461536,Hydrogen fuel cell (fan),0.0
506.4603543891704,475.38461538461536,Hydrogen fuel cell (fan),0.0
592.5530975545674,475.38461538461536,Hydrogen fuel cell (fan),0.0
693.2806692144524,475.38461538461536,Hydrogen fuel cell (fan),0.0
811.1308307896873,475.38461538461536,Hydrogen fuel cell (fan),0.0
949.0142360424725,475.38461538461536,Hydrogen fuel cell (fan),0.0
1110.336318167638,475.38461538461536,Hydrogen fuel cell (fan),0.0
1299.0813969063468,475.38461538461536,Hydrogen fuel cell (fan),0.0
1519.9110829529332,475.38461538461536,Hydrogen fuel cell (fan),0.0
1778.2794100389228,475.38461538461536,Hydrogen fuel cell (fan),0.0
2080.5675382171694,475.38461538461536,Hydrogen fuel cell (fan),0.0
2434.2413552369194,475.38461538461536,Hydrogen fuel cell (fan),0.0
2848.035868435799,475.38461538461536,Hydrogen fuel cell (fan),0.0
3332.1709412448167,475.38461538461536,Hydrogen fuel cell (fan),0.0
3898.603702549072,475.38461538461536,Hydrogen fuel cell (fan),0.0
4561.323862890211,475.38461538461536,Hydrogen fuel cell (fan),0.0
5336.699231206308,475.38461538461536,Hydrogen fuel cell (fan),0.0
6243.879965653626,475.38461538461536,Hydrogen fuel cell (fan),0.0
7305.271542664449,475.38461538461536,Hydrogen fuel cell (fan),0.0
8547.08812559251,475.38461538461536,Hydrogen fuel cell (fan),0.0
10000.0,475.38461538461536,Hydrogen fuel cell (fan),0.0
10.0,483.58974358974353,Hydrogen fuel cell (fan),0.0
11.69989106589066,483.58974358974353,Hydrogen fuel cell (fan),0.0
13.688745095370805,483.58974358974353,Hydrogen fuel cell (fan),0.0
16.015682644458355,483.58974358974353,Hydrogen fuel cell (fan),0.0
18.73817422860384,483.58974358974353,Hydrogen fuel cell (fan),0.0
21.923459724834466,483.58974358974353,Hydrogen fuel cell (fan),0.0
25.650209056800456,483.58974358974353,Hydrogen fuel cell (fan),0.0
30.010465178188735,483.58974358974353,Hydrogen fuel cell (fan),0.0
35.11191734215131,483.58974358974353,Hydrogen fuel cell (fan),0.0
41.08056080177274,483.58974358974353,Hydrogen fuel cell (fan),0.0
48.06380863064389,483.58974358974353,Hydrogen fuel cell (fan),0.0
56.23413251903491,483.58974358974353,Hydrogen fuel cell (fan),0.0
65.79332246575679,483.58974358974353,Hydrogen fuel cell (fan),0.0
76.9774705712371,483.58974358974353,Hydrogen fuel cell (fan),0.0
90.06280202112787,483.58974358974353,Hydrogen fuel cell (fan),0.0
105.37249727360725,483.58974358974353,Hydrogen fuel cell (fan),0.0
123.28467394420659,483.58974358974353,Hydrogen fuel cell (fan),0.0
144.24172552410664,483.58974358974353,Hydrogen fuel cell (fan),0.0
168.7612475788147,483.58974358974353,Hydrogen fuel cell (fan),0.0
197.44882128159367,483.58974358974353,Hydrogen fuel cell (fan),0.0
231.0129700083158,483.58974358974353,Hydrogen fuel cell (fan),0.0
270.28265839051625,483.58974358974353,Hydrogen fuel cell (fan),0.0
316.22776601683796,483.58974358974353,Hydrogen fuel cell (fan),0.0
369.9830414406966,483.58974358974353,Hydrogen fuel cell (fan),0.0
432.8761281083057,483.58974358974353,Hydrogen fuel cell (fan),0.0
506.4603543891704,483.58974358974353,Hydrogen fuel cell (fan),0.0
592.5530975545674,483.58974358974353,Hydrogen fuel cell (fan),0.0
693.2806692144524,483.58974358974353,Hydrogen fuel cell (fan),0.0
811.1308307896873,483.58974358974353,Hydrogen fuel cell (fan),0.0
949.0142360424725,483.58974358974353,Hydrogen fuel cell (fan),0.0
1110.336318167638,483.58974358974353,Hydrogen fuel cell (fan),0.0
1299.0813969063468,483.58974358974353,Hydrogen fuel cell (fan),0.0
1519.9110829529332,483.58974358974353,Hydrogen fuel cell (fan),0.0
1778.2794100389228,483.58974358974353,Hydrogen fuel cell (fan),0.0
2080.5675382171694,483.58974358974353,Hydrogen fuel cell (fan),0.0
2434.2413552369194,483.58974358974353,Hydrogen fuel cell (fan),0.0
2848.035868435799,483.58974358974353,Hydrogen fuel cell (fan),0.0
3332.1709412448167,483.58974358974353,Hydrogen fuel cell (fan),0.0
3898.603702549072,483.58974358974353,Hydrogen fuel cell (fan),0.0
4561.323862890211,483.58974358974353,Hydrogen fuel cell (fan),0.0
5336.699231206308,483.58974358974353,Hydrogen fuel cell (fan),0.0
6243.879965653626,483.58974358974353,Hydrogen fuel cell (fan),0.0
7305.271542664449,483.58974358974353,Hydrogen fuel cell (fan),0.0
8547.08812559251,483.58974358974353,Hydrogen fuel cell (fan),0.0
10000.0,483.58974358974353,Hydrogen fuel cell (fan),0.0
10.0,491.79487179487177,Hydrogen fuel cell (fan),0.0
11.69989106589066,491.79487179487177,Hydrogen fuel cell (fan),0.0
13.688745095370805,491.79487179487177,Hydrogen fuel cell (fan),0.0
16.015682644458355,491.79487179487177,Hydrogen fuel cell (fan),0.0
18.73817422860384,491.79487179487177,Hydrogen fuel cell (fan),0.0
21.923459724834466,491.79487179487177,Hydrogen fuel cell (fan),0.0
25.650209056800456,491.79487179487177,Hydrogen fuel cell (fan),0.0
30.010465178188735,491.79487179487177,Hydrogen fuel cell (fan),0.0
35.11191734215131,491.79487179487177,Hydrogen fuel cell (fan),0.0
41.08056080177274,491.79487179487177,Hydrogen fuel cell (fan),0.0
48.06380863064389,491.79487179487177,Hydrogen fuel cell (fan),0.0
56.23413251903491,491.79487179487177,Hydrogen fuel cell (fan),0.0
65.79332246575679,491.79487179487177,Hydrogen fuel cell (fan),0.0
76.9774705712371,491.79487179487177,Hydrogen fuel cell (fan),0.0
90.06280202112787,491.79487179487177,Hydrogen fuel cell (fan),0.0
105.37249727360725,491.79487179487177,Hydrogen fuel cell (fan),0.0
123.28467394420659,491.79487179487177,Hydrogen fuel cell (fan),0.0
144.24172552410664,491.79487179487177,Hydrogen fuel cell (fan),0.0
168.7612475788147,491.79487179487177,Hydrogen fuel cell (fan),0.0
197.44882128159367,491.79487179487177,Hydrogen fuel cell (fan),0.0
231.0129700083158,491.79487179487177,Hydrogen fuel cell (fan),0.0
270.28265839051625,491.79487179487177,Hydrogen fuel cell (fan),0.0
316.22776601683796,491.79487179487177,Hydrogen fuel cell (fan),0.0
369.9830414406966,491.79487179487177,Hydrogen fuel cell (fan),0.0
432.8761281083057,491.79487179487177,Hydrogen fuel cell (fan),0.0
506.4603543891704,491.79487179487177,Hydrogen fuel cell (fan),0.0
592.5530975545674,491.79487179487177,Hydrogen fuel cell (fan),0.0
693.2806692144524,491.79487179487177,Hydrogen fuel cell (fan),0.0
811.1308307896873,491.79487179487177,Hydrogen fuel cell (fan),0.0
949.0142360424725,491.79487179487177,Hydrogen fuel cell (fan),0.0
1110.336318167638,491.79487179487177,Hydrogen fuel cell (fan),0.0
1299.0813969063468,491.79487179487177,Hydrogen fuel cell (fan),0.0
1519.9110829529332,491.79487179487177,Hydrogen fuel cell (fan),0.0
1778.2794100389228,491.79487179487177,Hydrogen fuel cell (fan),0.0
2080.5675382171694,491.79487179487177,Hydrogen fuel cell (fan),0.0
2434.2413552369194,491.79487179487177,Hydrogen fuel cell (fan),0.0
2848.035868435799,491.79487179487177,Hydrogen fuel cell (fan),0.0
3332.1709412448167,491.79487179487177,Hydrogen fuel cell (fan),0.0
3898.603702549072,491.79487179487177,Hydrogen fuel cell (fan),0.0
4561.323862890211,491.79487179487177,Hydrogen fuel cell (fan),0.0
5336.699231206308,491.79487179487177,Hydrogen fuel cell (fan),0.0
6243.879965653626,491.79487179487177,Hydrogen fuel cell (fan),0.0
7305.271542664449,491.79487179487177,Hydrogen fuel cell (fan),0.0
8547.08812559251,491.79487179487177,Hydrogen fuel cell (fan),0.0
10000.0,491.79487179487177,Hydrogen fuel cell (fan),0.0
10.0,500.0,Hydrogen fuel cell (fan),0.0
11.69989106589066,500.0,Hydrogen fuel cell (fan),0.0
13.688745095370805,500.0,Hydrogen fuel cell (fan),0.0
16.015682644458355,500.0,Hydrogen fuel cell (fan),0.0
18.73817422860384,500.0,Hydrogen fuel cell (fan),0.0
21.923459724834466,500.0,Hydrogen fuel cell (fan),0.0
25.650209056800456,500.0,Hydrogen fuel cell (fan),0.0
30.010465178188735,500.0,Hydrogen fuel cell (fan),0.0
35.11191734215131,500.0,Hydrogen fuel cell (fan),0.0
41.08056080177274,500.0,Hydrogen fuel cell (fan),0.0
48.06380863064389,500.0,Hydrogen fuel cell (fan),0.0
56.23413251903491,500.0,Hydrogen fuel cell (fan),0.0
65.79332246575679,500.0,Hydrogen fuel cell (fan),0.0
76.9774705712371,500.0,Hydrogen fuel cell (fan),0.0
90.06280202112787,500.0,Hydrogen fuel cell (fan),0.0
105.37249727360725,500.0,Hydrogen fuel cell (fan),0.0
123.28467394420659,500.0,Hydrogen fuel cell (fan),0.0
144.24172552410664,500.0,Hydrogen fuel cell (fan),0.0
168.7612475788147,500.0,Hydrogen fuel cell (fan),0.0
197.44882128159367,500.0,Hydrogen fuel cell (fan),0.0
231.0129700083158,500.0,Hydrogen fuel cell (fan),0.0
270.28265839051625,500.0,Hydrogen fuel cell (fan),0.0
316.22776601683796,500.0,Hydrogen fuel cell (fan),0.0
369.9830414406966,500.0,Hydrogen fuel cell (fan),0.0
432.8761281083057,500.0,Hydrogen fuel cell (fan),0.0
506.4603543891704,500.0,Hydrogen fuel cell (fan),0.0
592.5530975545674,500.0,Hydrogen fuel cell (fan),0.0
693.2806692144524,500.0,Hydrogen fuel cell (fan),0.0
811.1308307896873,500.0,Hydrogen fuel cell (fan),0.0
949.0142360424725,500.0,Hydrogen fuel cell (fan),0.0
1110.336318167638,500.0,Hydrogen fuel cell (fan),0.0
1299.0813969063468,500.0,Hydrogen fuel cell (fan),0.0
1519.9110829529332,500.0,Hydrogen fuel cell (fan),0.0
1778.2794100389228,500.0,Hydrogen fuel cell (fan),0.0
2080.5675382171694,500.0,Hydrogen fuel cell (fan),0.0
2434.2413552369194,500.0,Hydrogen fuel cell (fan),0.0
2848.035868435799,500.0,Hydrogen fuel cell (fan),0.0
3332.1709412448167,500.0,Hydrogen fuel cell (fan),0.0
3898.603702549072,500.0,Hydrogen fuel cell (fan),0.0
4561.323862890211,500.0,Hydrogen fuel cell (fan),0.0
5336.699231206308,500.0,Hydrogen fuel cell (fan),0.0
6243.879965653626,500.0,Hydrogen fuel cell (fan),0.0
7305.271542664449,500.0,Hydrogen fuel cell (fan),0.0
8547.08812559251,500.0,Hydrogen fuel cell (fan),0.0
10000.0,500.0,Hydrogen fuel cell (fan),0.0
10.0,180.0,Hydrogen fuel cell (propeller),0.0
11.69989106589066,180.0,Hydrogen fuel cell (propeller),0.0
13.688745095370805,180.0,Hydrogen fuel cell (propeller),0.0
16.015682644458355,180.0,Hydrogen fuel cell (propeller),0.0
18.73817422860384,180.0,Hydrogen fuel cell (propeller),0.0
21.923459724834466,180.0,Hydrogen fuel cell (propeller),0.0
25.650209056800456,180.0,Hydrogen fuel cell (propeller),0.0
30.010465178188735,180.0,Hydrogen fuel cell (propeller),0.0
35.11191734215131,180.0,Hydrogen fuel cell (propeller),0.0
41.08056080177274,180.0,Hydrogen fuel cell (propeller),0.0
48.06380863064389,180.0,Hydrogen fuel cell (propeller),0.0
56.23413251903491,180.0,Hydrogen fuel cell (propeller),0.0
65.79332246575679,180.0,Hydrogen fuel cell (propeller),0.0
76.9774705712371,180.0,Hydrogen fuel cell (propeller),0.0
90.06280202112787,180.0,Hydrogen fuel cell (propeller),0.0
105.37249727360725,180.0,Hydrogen fuel cell (propeller),0.0
123.28467394420659,180.0,Hydrogen fuel cell (propeller),0.0
144.24172552410664,180.0,Hydrogen fuel cell (propeller),0.0
168.7612475788147,180.0,Hydrogen fuel cell (propeller),0.0
197.44882128159367,180.0,Hydrogen fuel cell (propeller),0.0
231.0129700083158,180.0,Hydrogen fuel cell (propeller),0.0
270.28265839051625,180.0,Hydrogen fuel cell (propeller),0.0
316.22776601683796,180.0,Hydrogen fuel cell (propeller),0.0
369.9830414406966,180.0,Hydrogen fuel cell (propeller),0.0
432.8761281083057,180.0,Hydrogen fuel cell (propeller),0.0
506.4603543891704,180.0,Hydrogen fuel cell (propeller),0.0
592.5530975545674,180.0,Hydrogen fuel cell (propeller),0.0
693.2806692144524,180.0,Hydrogen fuel cell (propeller),0.0
811.1308307896873,180.0,Hydrogen fuel cell (propeller),0.0
949.0142360424725,180.0,Hydrogen fuel cell (propeller),0.0
1110.336318167638,180.0,Hydrogen fuel cell (propeller),0.0
1299.0813969063468,180.0,Hydrogen fuel cell (propeller),0.0
1519.9110829529332,180.0,Hydrogen fuel cell (propeller),0.0
1778.2794100389228,180.0,Hydrogen fuel cell (propeller),0.0
2080.5675382171694,180.0,Hydrogen fuel cell (propeller),0.0
2434.2413552369194,180.0,Hydrogen fuel cell (propeller),0.0
2848.035868435799,180.0,Hydrogen fuel cell (propeller),0.0
3332.1709412448167,180.0,Hydrogen fuel cell (propeller),0.0
3898.603702549072,180.0,Hydrogen fuel cell (propeller),0.0
4561.323862890211,180.0,Hydrogen fuel cell (propeller),0.0
5336.699231206308,180.0,Hydrogen fuel cell (propeller),0.0
6243.879965653626,180.0,Hydrogen fuel cell (propeller),0.0
7305.271542664449,180.0,Hydrogen fuel cell (propeller),0.0
8547.08812559251,180.0,Hydrogen fuel cell (propeller),0.0
10000.0,180.0,Hydrogen fuel cell (propeller),0.0
10.0,188.2051282051282,Hydrogen fuel cell (propeller),0.0
11.69989106589066,188.2051282051282,Hydrogen fuel cell (propeller),0.0
13.688745095370805,188.2051282051282,Hydrogen fuel cell (propeller),0.0
16.015682644458355,188.2051282051282,Hydrogen fuel cell (propeller),0.0
18.73817422860384,188.2051282051282,Hydrogen fuel cell (propeller),0.0
21.923459724834466,188.2051282051282,Hydrogen fuel cell (propeller),0.0
25.650209056800456,188.2051282051282,Hydrogen fuel cell (propeller),0.0
30.010465178188735,188.2051282051282,Hydrogen fuel cell (propeller),0.0
35.11191734215131,188.2051282051282,Hydrogen fuel cell (propeller),0.0
41.08056080177274,188.2051282051282,Hydrogen fuel cell (propeller),0.0
48.06380863064389,188.2051282051282,Hydrogen fuel cell (propeller),0.0
56.23413251903491,188.2051282051282,Hydrogen fuel cell (propeller),0.0
65.79332246575679,188.2051282051282,Hydrogen fuel cell (propeller),0.0
76.9774705712371,188.2051282051282,Hydrogen fuel cell (propeller),0.0
90.06280202112787,188.2051282051282,Hydrogen fuel cell (propeller),0.0
105.37249727360725,188.2051282051282,Hydrogen fuel cell (propeller),0.0
123.28467394420659,188.2051282051282,Hydrogen fuel cell (propeller),0.0
144.24172552410664,188.2051282051282,Hydrogen fuel cell (propeller),0.0
168.7612475788147,188.2051282051282,Hydrogen fuel cell (propeller),0.0
197.44882128159367,188.2051282051282,Hydrogen fuel cell (propeller),0.0
231.0129700083158,188.2051282051282,Hydrogen fuel cell (propeller),0.0
270.28265839051625,188.2051282051282,Hydrogen fuel cell (propeller),0.0
316.22776601683796,188.2051282051282,Hydrogen fuel cell (propeller),0.0
369.9830414406966,188.2051282051282,Hydrogen fuel cell (propeller),0.0
432.8761281083057,188.2051282051282,Hydrogen fuel cell (propeller),0.0
506.4603543891704,188.2051282051282,Hydrogen fuel cell (propeller),0.0
592.5530975545674,188.2051282051282,Hydrogen fuel cell (propeller),0.0
693.2806692144524,188.2051282051282,Hydrogen fuel cell (propeller),0.0
811.1308307896873,188.2051282051282,Hydrogen fuel cell (propeller),0.0
949.0142360424725,188.2051282051282,Hydrogen fuel cell (propeller),0.0
1110.336318167638,188.2051282051282,Hydrogen fuel cell (propeller),0.0
1299.0813969063468,188.2051282051282,Hydrogen fuel cell (propeller),0.0
1519.9110829529332,188.2051282051282,Hydrogen fuel cell (propeller),0.0
1778.2794100389228,188.2051282051282,Hydrogen fuel cell (propeller),0.0
2080.5675382171694,188.2051282051282,Hydrogen fuel cell (propeller),0.0
2434.2413552369194,188.2051282051282,Hydrogen fuel cell (propeller),0.0
2848.035868435799,188.2051282051282,Hydrogen fuel cell (propeller),0.0
3332.1709412448167,188.2051282051282,Hydrogen fuel cell (propeller),0.0
3898.603702549072,188.2051282051282,Hydrogen fuel cell (propeller),0.0
4561.323862890211,188.2051282051282,Hydrogen fuel cell (propeller),0.0
5336.699231206308,188.2051282051282,Hydrogen fuel cell (propeller),0.0
6243.879965653626,188.2051282051282,Hydrogen fuel cell (propeller),0.0
7305.271542664449,188.2051282051282,Hydrogen fuel cell (propeller),0.0
8547.08812559251,188.2051282051282,Hydrogen fuel cell (propeller),0.0
10000.0,188.2051282051282,Hydrogen fuel cell (propeller),0.0
10.0,196.4102564102564,Hydrogen fuel cell (propeller),0.0
11.69989106589066,196.4102564102564,Hydrogen fuel cell (propeller),0.0
13.688745095370805,196.4102564102564,Hydrogen fuel cell (propeller),0.0
16.015682644458355,196.4102564102564,Hydrogen fuel cell (propeller),0.0
18.73817422860384,196.4102564102564,Hydrogen fuel cell (propeller),0.0
21.923459724834466,196.4102564102564,Hydrogen fuel cell (propeller),0.0
25.650209056800456,196.4102564102564,Hydrogen fuel cell (propeller),0.0
30.010465178188735,196.4102564102564,Hydrogen fuel cell (propeller),0.0
35.11191734215131,196.4102564102564,Hydrogen fuel cell (propeller),0.0
41.08056080177274,196.4102564102564,Hydrogen fuel cell (propeller),0.0
48.06380863064389,196.4102564102564,Hydrogen fuel cell (propeller),0.0
56.23413251903491,196.4102564102564,Hydrogen fuel cell (propeller),0.0
65.79332246575679,196.4102564102564,Hydrogen fuel cell (propeller),0.0
76.9774705712371,196.4102564102564,Hydrogen fuel cell (propeller),0.0
90.06280202112787,196.4102564102564,Hydrogen fuel cell (propeller),0.0
105.37249727360725,196.4102564102564,Hydrogen fuel cell (propeller),0.0
123.28467394420659,196.4102564102564,Hydrogen fuel cell (propeller),0.0
144.24172552410664,196.4102564102564,Hydrogen fuel cell (propeller),0.0
168.7612475788147,196.4102564102564,Hydrogen fuel cell (propeller),0.0
197.44882128159367,196.4102564102564,Hydrogen fuel cell (propeller),0.0
231.0129700083158,196.4102564102564,Hydrogen fuel cell (propeller),0.0
270.28265839051625,196.4102564102564,Hydrogen fuel cell (propeller),0.0
316.22776601683796,196.4102564102564,Hydrogen fuel cell (propeller),0.0
369.9830414406966,196.4102564102564,Hydrogen fuel cell (propeller),0.0
432.8761281083057,196.4102564102564,Hydrogen fuel cell (propeller),0.0
506.4603543891704,196.4102564102564,Hydrogen fuel cell (propeller),0.0
592.5530975545674,196.4102564102564,Hydrogen fuel cell (propeller),0.0
693.2806692144524,196.4102564102564,Hydrogen fuel cell (propeller),0.0
811.1308307896873,196.4102564102564,Hydrogen fuel cell (propeller),0.0
949.0142360424725,196.4102564102564,Hydrogen fuel cell (propeller),0.0
1110.336318167638,196.4102564102564,Hydrogen fuel cell (propeller),0.0
1299.0813969063468,196.4102564102564,Hydrogen fuel cell (propeller),0.0
1519.9110829529332,196.4102564102564,Hydrogen fuel cell (propeller),0.0
1778.2794100389228,196.4102564102564,Hydrogen fuel cell (propeller),0.0
2080.5675382171694,196.4102564102564,Hydrogen fuel cell (propeller),0.0
2434.2413552369194,196.4102564102564,Hydrogen fuel cell (propeller),0.0
2848.035868435799,196.4102564102564,Hydrogen fuel cell (propeller),0.0
3332.1709412448167,196.4102564102564,Hydrogen fuel cell (propeller),0.0
3898.603702549072,196.4102564102564,Hydrogen fuel cell (propeller),0.0
4561.323862890211,196.4102564102564,Hydrogen fuel cell (propeller),0.0
5336.699231206308,196.4102564102564,Hydrogen fuel cell (propeller),0.0
6243.879965653626,196.4102564102564,Hydrogen fuel cell (propeller),0.0
7305.271542664449,196.4102564102564,Hydrogen fuel cell (propeller),0.0
8547.08812559251,196.4102564102564,Hydrogen fuel cell (propeller),0.0
10000.0,196.4102564102564,Hydrogen fuel cell (propeller),0.0
10.0,204.6153846153846,Hydrogen fuel cell (propeller),0.0
11.69989106589066,204.6153846153846,Hydrogen fuel cell (propeller),0.0
13.688745095370805,204.6153846153846,Hydrogen fuel cell (propeller),0.0
16.015682644458355,204.6153846153846,Hydrogen fuel cell (propeller),0.0
18.73817422860384,204.6153846153846,Hydrogen fuel cell (propeller),0.0
21.923459724834466,204.6153846153846,Hydrogen fuel cell (propeller),0.0
25.650209056800456,204.6153846153846,Hydrogen fuel cell (propeller),0.0
30.010465178188735,204.6153846153846,Hydrogen fuel cell (propeller),0.0
35.11191734215131,204.6153846153846,Hydrogen fuel cell (propeller),0.0
41.08056080177274,204.6153846153846,Hydrogen fuel cell (propeller),0.0
48.06380863064389,204.6153846153846,Hydrogen fuel cell (propeller),0.0
56.23413251903491,204.6153846153846,Hydrogen fuel cell (propeller),0.0
65.79332246575679,204.6153846153846,Hydrogen fuel cell (propeller),0.0
76.9774705712371,204.6153846153846,Hydrogen fuel cell (propeller),0.0
90.06280202112787,204.6153846153846,Hydrogen fuel cell (propeller),0.0
105.37249727360725,204.6153846153846,Hydrogen fuel cell (propeller),0.0
123.28467394420659,204.6153846153846,Hydrogen fuel cell (propeller),0.0
144.24172552410664,204.6153846153846,Hydrogen fuel cell (propeller),0.0
168.7612475788147,204.6153846153846,Hydrogen fuel cell (propeller),0.0
197.44882128159367,204.6153846153846,Hydrogen fuel cell (propeller),0.0
231.0129700083158,204.6153846153846,Hydrogen fuel cell (propeller),0.0
270.28265839051625,204.6153846153846,Hydrogen fuel cell (propeller),0.0
316.22776601683796,204.6153846153846,Hydrogen fuel cell (propeller),0.0
369.9830414406966,204.6153846153846,Hydrogen fuel cell (propeller),0.0
432.8761281083057,204.6153846153846,Hydrogen fuel cell (propeller),0.0
506.4603543891704,204.6153846153846,Hydrogen fuel cell (propeller),0.0
592.5530975545674,204.6153846153846,Hydrogen fuel cell (propeller),0.0
693.2806692144524,204.6153846153846,Hydrogen fuel cell (propeller),0.0
811.1308307896873,204.6153846153846,Hydrogen fuel cell (propeller),0.0
949.0142360424725,204.6153846153846,Hydrogen fuel cell (propeller),0.0
1110.336318167638,204.6153846153846,Hydrogen fuel cell (propeller),0.0
1299.0813969063468,204.6153846153846,Hydrogen fuel cell (propeller),0.0
1519.9110829529332,204.6153846153846,Hydrogen fuel cell (propeller),0.0
1778.2794100389228,204.6153846153846,Hydrogen fuel cell (propeller),0.0
2080.5675382171694,204.6153846153846,Hydrogen fuel cell (propeller),0.0
2434.2413552369194,204.6153846153846,Hydrogen fuel cell (propeller),0.0
2848.035868435799,204.6153846153846,Hydrogen fuel cell (propeller),0.0
3332.1709412448167,204.6153846153846,Hydrogen fuel cell (propeller),0.0
3898.603702549072,204.6153846153846,Hydrogen fuel cell (propeller),0.0
4561.323862890211,204.6153846153846,Hydrogen fuel cell (propeller),0.0
5336.699231206308,204.6153846153846,Hydrogen fuel cell (propeller),0.0
6243.879965653626,204.6153846153846,Hydrogen fuel cell (propeller),0.0
7305.271542664449,204.6153846153846,Hydrogen fuel cell (propeller),0.0
8547.08812559251,204.6153846153846,Hydrogen fuel cell (propeller),0.0
10000.0,204.6153846153846,Hydrogen fuel cell (propeller),0.0
10.0,212.82051282051282,Hydrogen fuel cell (propeller),0.0
11.69989106589066,212.82051282051282,Hydrogen fuel cell (propeller),0.0
13.688745095370805,212.82051282051282,Hydrogen fuel cell (propeller),0.0
16.015682644458355,212.82051282051282,Hydrogen fuel cell (propeller),0.0
18.73817422860384,212.82051282051282,Hydrogen fuel cell (propeller),0.0
21.923459724834466,212.82051282051282,Hydrogen fuel cell (propeller),0.0
25.650209056800456,212.82051282051282,Hydrogen fuel cell (propeller),0.0
30.010465178188735,212.82051282051282,Hydrogen fuel cell (propeller),0.0
35.11191734215131,212.82051282051282,Hydrogen fuel cell (propeller),0.0
41.08056080177274,212.82051282051282,Hydrogen fuel cell (propeller),0.0
48.06380863064389,212.82051282051282,Hydrogen fuel cell (propeller),0.0
56.23413251903491,212.82051282051282,Hydrogen fuel cell (propeller),0.0
65.79332246575679,212.82051282051282,Hydrogen fuel cell (propeller),0.0
76.9774705712371,212.82051282051282,Hydrogen fuel cell (propeller),0.0
90.06280202112787,212.82051282051282,Hydrogen fuel cell (propeller),0.0
105.37249727360725,212.82051282051282,Hydrogen fuel cell (propeller),0.0
123.28467394420659,212.82051282051282,Hydrogen fuel cell (propeller),0.0
144.24172552410664,212.82051282051282,Hydrogen fuel cell (propeller),0.0
168.7612475788147,212.82051282051282,Hydrogen fuel cell (propeller),0.0
197.44882128159367,212.82051282051282,Hydrogen fuel cell (propeller),0.0
231.0129700083158,212.82051282051282,Hydrogen fuel cell (propeller),0.0
270.28265839051625,212.82051282051282,Hydrogen fuel cell (propeller),0.0
316.22776601683796,212.82051282051282,Hydrogen fuel cell (propeller),0.0
369.9830414406966,212.82051282051282,Hydrogen fuel cell (propeller),0.0
432.8761281083057,212.82051282051282,Hydrogen fuel cell (propeller),0.0
506.4603543891704,212.82051282051282,Hydrogen fuel cell (propeller),0.0
592.5530975545674,212.82051282051282,Hydrogen fuel cell (propeller),0.0
693.2806692144524,212.82051282051282,Hydrogen fuel cell (propeller),0.0
811.1308307896873,212.82051282051282,Hydrogen fuel cell (propeller),0.0
949.0142360424725,212.82051282051282,Hydrogen fuel cell (propeller),0.0
1110.336318167638,212.82051282051282,Hydrogen fuel cell (propeller),0.0
1299.0813969063468,212.82051282051282,Hydrogen fuel cell (propeller),0.0
1519.9110829529332,212.82051282051282,Hydrogen fuel cell (propeller),0.0
1778.2794100389228,212.82051282051282,Hydrogen fuel cell (propeller),0.0
2080.5675382171694,212.82051282051282,Hydrogen fuel cell (propeller),0.0
2434.2413552369194,212.82051282051282,Hydrogen fuel cell (propeller),0.0
2848.035868435799,212.82051282051282,Hydrogen fuel cell (propeller),0.0
3332.1709412448167,212.82051282051282,Hydrogen fuel cell (propeller),0.0
3898.603702549072,212.82051282051282,Hydrogen fuel cell (propeller),0.0
4561.323862890211,212.82051282051282,Hydrogen fuel cell (propeller),0.0
5336.699231206308,212.82051282051282,Hydrogen fuel cell (propeller),0.0
6243.879965653626,212.82051282051282,Hydrogen fuel cell (propeller),0.0
7305.271542664449,212.82051282051282,Hydrogen fuel cell (propeller),0.0
8547.08812559251,212.82051282051282,Hydrogen fuel cell (propeller),0.0
10000.0,212.82051282051282,Hydrogen fuel cell (propeller),0.0
10.0,221.02564102564102,Hydrogen fuel cell (propeller),0.0
11.69989106589066,221.02564102564102,Hydrogen fuel cell (propeller),0.0
13.688745095370805,221.02564102564102,Hydrogen fuel cell (propeller),0.0
16.015682644458355,221.02564102564102,Hydrogen fuel cell (propeller),0.0
18.73817422860384,221.02564102564102,Hydrogen fuel cell (propeller),0.0
21.923459724834466,221.02564102564102,Hydrogen fuel cell (propeller),0.0
25.650209056800456,221.02564102564102,Hydrogen fuel cell (propeller),0.0
30.010465178188735,221.02564102564102,Hydrogen fuel cell (propeller),0.0
35.11191734215131,221.02564102564102,Hydrogen fuel cell (propeller),0.0
41.08056080177274,221.02564102564102,Hydrogen fuel cell (propeller),0.0
48.06380863064389,221.02564102564102,Hydrogen fuel cell (propeller),0.0
56.23413251903491,221.02564102564102,Hydrogen fuel cell (propeller),0.0
65.79332246575679,221.02564102564102,Hydrogen fuel cell (propeller),0.0
76.9774705712371,221.02564102564102,Hydrogen fuel cell (propeller),0.0
90.06280202112787,221.02564102564102,Hydrogen fuel cell (propeller),0.0
105.37249727360725,221.02564102564102,Hydrogen fuel cell (propeller),0.0
123.28467394420659,221.02564102564102,Hydrogen fuel cell (propeller),0.0
144.24172552410664,221.02564102564102,Hydrogen fuel cell (propeller),0.0
168.7612475788147,221.02564102564102,Hydrogen fuel cell (propeller),0.0
197.44882128159367,221.02564102564102,Hydrogen fuel cell (propeller),0.0
231.0129700083158,221.02564102564102,Hydrogen fuel cell (propeller),0.0
270.28265839051625,221.02564102564102,Hydrogen fuel cell (propeller),0.0
316.22776601683796,221.02564102564102,Hydrogen fuel cell (propeller),0.0
369.9830414406966,221.02564102564102,Hydrogen fuel cell (propeller),0.0
432.8761281083057,221.02564102564102,Hydrogen fuel cell (propeller),0.0
506.4603543891704,221.02564102564102,Hydrogen fuel cell (propeller),0.0
592.5530975545674,221.02564102564102,Hydrogen fuel cell (propeller),0.0
693.2806692144524,221.02564102564102,Hydrogen fuel cell (propeller),0.0
811.1308307896873,221.02564102564102,Hydrogen fuel cell (propeller),0.0
949.0142360424725,221.02564102564102,Hydrogen fuel cell (propeller),0.0
1110.336318167638,221.02564102564102,Hydrogen fuel cell (propeller),0.0
1299.0813969063468,221.02564102564102,Hydrogen fuel cell (propeller),0.0
1519.9110829529332,221.02564102564102,Hydrogen fuel cell (propeller),0.0
1778.2794100389228,221.02564102564102,Hydrogen fuel cell (propeller),0.0
2080.5675382171694,221.02564102564102,Hydrogen fuel cell (propeller),0.0
2434.2413552369194,221.02564102564102,Hydrogen fuel cell (propeller),0.0
2848.035868435799,221.02564102564102,Hydrogen fuel cell (propeller),0.0
3332.1709412448167,221.02564102564102,Hydrogen fuel cell (propeller),0.0
3898.603702549072,221.02564102564102,Hydrogen fuel cell (propeller),0.0
4561.323862890211,221.02564102564102,Hydrogen fuel cell (propeller),0.0
5336.699231206308,221.02564102564102,Hydrogen fuel cell (propeller),0.0
6243.879965653626,221.02564102564102,Hydrogen fuel cell (propeller),0.0
7305.271542664449,221.02564102564102,Hydrogen fuel cell (propeller),0.0
8547.08812559251,221.02564102564102,Hydrogen fuel cell (propeller),0.0
10000.0,221.02564102564102,Hydrogen fuel cell (propeller),0.0
10.0,229.23076923076923,Hydrogen fuel cell (propeller),0.0
11.69989106589066,229.23076923076923,Hydrogen fuel cell (propeller),0.0
13.688745095370805,229.23076923076923,Hydrogen fuel cell (propeller),0.0
16.015682644458355,229.23076923076923,Hydrogen fuel cell (propeller),0.0
18.73817422860384,229.23076923076923,Hydrogen fuel cell (propeller),0.0
21.923459724834466,229.23076923076923,Hydrogen fuel cell (propeller),0.0
25.650209056800456,229.23076923076923,Hydrogen fuel cell (propeller),0.0
30.010465178188735,229.23076923076923,Hydrogen fuel cell (propeller),0.0
35.11191734215131,229.23076923076923,Hydrogen fuel cell (propeller),0.0
41.08056080177274,229.23076923076923,Hydrogen fuel cell (propeller),0.0
48.06380863064389,229.23076923076923,Hydrogen fuel cell (propeller),0.0
56.23413251903491,229.23076923076923,Hydrogen fuel cell (propeller),0.0
65.79332246575679,229.23076923076923,Hydrogen fuel cell (propeller),0.0
76.9774705712371,229.23076923076923,Hydrogen fuel cell (propeller),0.0
90.06280202112787,229.23076923076923,Hydrogen fuel cell (propeller),0.0
105.37249727360725,229.23076923076923,Hydrogen fuel cell (propeller),0.0
123.28467394420659,229.23076923076923,Hydrogen fuel cell (propeller),0.0
144.24172552410664,229.23076923076923,Hydrogen fuel cell (propeller),0.0
168.7612475788147,229.23076923076923,Hydrogen fuel cell (propeller),0.0
197.44882128159367,229.23076923076923,Hydrogen fuel cell (propeller),0.0
231.0129700083158,229.23076923076923,Hydrogen fuel cell (propeller),0.0
270.28265839051625,229.23076923076923,Hydrogen fuel cell (propeller),0.0
316.22776601683796,229.23076923076923,Hydrogen fuel cell (propeller),0.0
369.9830414406966,229.23076923076923,Hydrogen fuel cell (propeller),0.0
432.8761281083057,229.23076923076923,Hydrogen fuel cell (propeller),0.0
506.4603543891704,229.23076923076923,Hydrogen fuel cell (propeller),0.0
592.5530975545674,229.23076923076923,Hydrogen fuel cell (propeller),0.0
693.2806692144524,229.23076923076923,Hydrogen fuel cell (propeller),0.0
811.1308307896873,229.23076923076923,Hydrogen fuel cell (propeller),0.0
949.0142360424725,229.23076923076923,Hydrogen fuel cell (propeller),0.0
1110.336318167638,229.23076923076923,Hydrogen fuel cell (propeller),0.0
1299.0813969063468,229.23076923076923,Hydrogen fuel cell (propeller),0.0
1519.9110829529332,229.23076923076923,Hydrogen fuel cell (propeller),0.0
1778.2794100389228,229.23076923076923,Hydrogen fuel cell (propeller),0.0
2080.5675382171694,229.23076923076923,Hydrogen fuel cell (propeller),0.0
2434.2413552369194,229.23076923076923,Hydrogen fuel cell (propeller),0.0
2848.035868435799,229.23076923076923,Hydrogen fuel cell (propeller),0.0
3332.1709412448167,229.23076923076923,Hydrogen fuel cell (propeller),0.0
3898.603702549072,229.23076923076923,Hydrogen fuel cell (propeller),0.0
4561.323862890211,229.23076923076923,Hydrogen fuel cell (propeller),0.0
5336.699231206308,229.23076923076923,Hydrogen fuel cell (propeller),0.0
6243.879965653626,229.23076923076923,Hydrogen fuel cell (propeller),0.0
7305.271542664449,229.23076923076923,Hydrogen fuel cell (propeller),0.0
8547.08812559251,229.23076923076923,Hydrogen fuel cell (propeller),0.0
10000.0,229.23076923076923,Hydrogen fuel cell (propeller),0.0
10.0,237.43589743589743,Hydrogen fuel cell (propeller),0.0
11.69989106589066,237.43589743589743,Hydrogen fuel cell (propeller),0.0
13.688745095370805,237.43589743589743,Hydrogen fuel cell (propeller),0.0
16.015682644458355,237.43589743589743,Hydrogen fuel cell (propeller),0.0
18.73817422860384,237.43589743589743,Hydrogen fuel cell (propeller),0.0
21.923459724834466,237.43589743589743,Hydrogen fuel cell (propeller),0.0
25.650209056800456,237.43589743589743,Hydrogen fuel cell (propeller),0.0
30.010465178188735,237.43589743589743,Hydrogen fuel cell (propeller),0.0
35.11191734215131,237.43589743589743,Hydrogen fuel cell (propeller),0.0
41.08056080177274,237.43589743589743,Hydrogen fuel cell (propeller),0.0
48.06380863064389,237.43589743589743,Hydrogen fuel cell (propeller),0.0
56.23413251903491,237.43589743589743,Hydrogen fuel cell (propeller),0.0
65.79332246575679,237.43589743589743,Hydrogen fuel cell (propeller),0.0
76.9774705712371,237.43589743589743,Hydrogen fuel cell (propeller),0.0
90.06280202112787,237.43589743589743,Hydrogen fuel cell (propeller),0.0
105.37249727360725,237.43589743589743,Hydrogen fuel cell (propeller),0.0
123.28467394420659,237.43589743589743,Hydrogen fuel cell (propeller),0.0
144.24172552410664,237.43589743589743,Hydrogen fuel cell (propeller),0.0
168.7612475788147,237.43589743589743,Hydrogen fuel cell (propeller),0.0
197.44882128159367,237.43589743589743,Hydrogen fuel cell (propeller),0.0
231.0129700083158,237.43589743589743,Hydrogen fuel cell (propeller),0.0
270.28265839051625,237.43589743589743,Hydrogen fuel cell (propeller),0.0
316.22776601683796,237.43589743589743,Hydrogen fuel cell (propeller),0.0
369.9830414406966,237.43589743589743,Hydrogen fuel cell (propeller),0.0
432.8761281083057,237.43589743589743,Hydrogen fuel cell (propeller),0.0
506.4603543891704,237.43589743589743,Hydrogen fuel cell (propeller),0.0
592.5530975545674,237.43589743589743,Hydrogen fuel cell (propeller),0.0
693.2806692144524,237.43589743589743,Hydrogen fuel cell (propeller),0.0
811.1308307896873,237.43589743589743,Hydrogen fuel cell (propeller),0.0
949.0142360424725,237.43589743589743,Hydrogen fuel cell (propeller),0.0
1110.336318167638,237.43589743589743,Hydrogen fuel cell (propeller),0.0
1299.0813969063468,237.43589743589743,Hydrogen fuel cell (propeller),0.0
1519.9110829529332,237.43589743589743,Hydrogen fuel cell (propeller),0.0
1778.2794100389228,237.43589743589743,Hydrogen fuel cell (propeller),0.0
2080.5675382171694,237.43589743589743,Hydrogen fuel cell (propeller),0.0
2434.2413552369194,237.43589743589743,Hydrogen fuel cell (propeller),0.0
2848.035868435799,237.43589743589743,Hydrogen fuel cell (propeller),0.0
3332.1709412448167,237.43589743589743,Hydrogen fuel cell (propeller),0.0
3898.603702549072,237.43589743589743,Hydrogen fuel cell (propeller),0.0
4561.323862890211,237.43589743589743,Hydrogen fuel cell (propeller),0.0
5336.699231206308,237.43589743589743,Hydrogen fuel cell (propeller),0.0
6243.879965653626,237.43589743589743,Hydrogen fuel cell (propeller),0.0
7305.271542664449,237.43589743589743,Hydrogen fuel cell (propeller),0.0
8547.08812559251,237.43589743589743,Hydrogen fuel cell (propeller),0.0
10000.0,237.43589743589743,Hydrogen fuel cell (propeller),0.0
10.0,245.64102564102564,Hydrogen fuel cell (propeller),0.0
11.69989106589066,245.64102564102564,Hydrogen fuel cell (propeller),0.0
13.688745095370805,245.64102564102564,Hydrogen fuel cell (propeller),0.0
16.015682644458355,245.64102564102564,Hydrogen fuel cell (propeller),0.0
18.73817422860384,245.64102564102564,Hydrogen fuel cell (propeller),0.0
21.923459724834466,245.64102564102564,Hydrogen fuel cell (propeller),0.0
25.650209056800456,245.64102564102564,Hydrogen fuel cell (propeller),0.0
30.010465178188735,245.64102564102564,Hydrogen fuel cell (propeller),0.0
35.11191734215131,245.64102564102564,Hydrogen fuel cell (propeller),0.0
41.08056080177274,245.64102564102564,Hydrogen fuel cell (propeller),0.0
48.06380863064389,245.64102564102564,Hydrogen fuel cell (propeller),0.0
56.23413251903491,245.64102564102564,Hydrogen fuel cell (propeller),0.0
65.79332246575679,245.64102564102564,Hydrogen fuel cell (propeller),0.0
76.9774705712371,245.64102564102564,Hydrogen fuel cell (propeller),0.0
90.06280202112787,245.64102564102564,Hydrogen fuel cell (propeller),0.0
105.37249727360725,245.64102564102564,Hydrogen fuel cell (propeller),0.0
123.28467394420659,245.64102564102564,Hydrogen fuel cell (propeller),0.0
144.24172552410664,245.64102564102564,Hydrogen fuel cell (propeller),0.0
168.7612475788147,245.64102564102564,Hydrogen fuel cell (propeller),0.0
197.44882128159367,245.64102564102564,Hydrogen fuel cell (propeller),0.0
231.0129700083158,245.64102564102564,Hydrogen fuel cell (propeller),0.0
270.28265839051625,245.64102564102564,Hydrogen fuel cell (propeller),0.0
316.22776601683796,245.64102564102564,Hydrogen fuel cell (propeller),0.0
369.9830414406966,245.64102564102564,Hydrogen fuel cell (propeller),0.0
432.8761281083057,245.64102564102564,Hydrogen fuel cell (propeller),0.0
506.4603543891704,245.64102564102564,Hydrogen fuel cell (propeller),0.0
592.5530975545674,245.64102564102564,Hydrogen fuel cell (propeller),0.0
693.2806692144524,245.64102564102564,Hydrogen fuel cell (propeller),0.0
811.1308307896873,245.64102564102564,Hydrogen fuel cell (propeller),0.0
949.0142360424725,245.64102564102564,Hydrogen fuel cell (propeller),0.0
1110.336318167638,245.64102564102564,Hydrogen fuel cell (propeller),0.0
1299.0813969063468,245.64102564102564,Hydrogen fuel cell (propeller),0.0
1519.9110829529332,245.64102564102564,Hydrogen fuel cell (propeller),0.0
1778.2794100389228,245.64102564102564,Hydrogen fuel cell (propeller),0.0
2080.5675382171694,245.64102564102564,Hydrogen fuel cell (propeller),0.0
2434.2413552369194,245.64102564102564,Hydrogen fuel cell (propeller),0.0
2848.035868435799,245.64102564102564,Hydrogen fuel cell (propeller),0.0
3332.1709412448167,245.64102564102564,Hydrogen fuel cell (propeller),0.0
3898.603702549072,245.64102564102564,Hydrogen fuel cell (propeller),0.0
4561.323862890211,245.64102564102564,Hydrogen fuel cell (propeller),0.0
5336.699231206308,245.64102564102564,Hydrogen fuel cell (propeller),0.0
6243.879965653626,245.64102564102564,Hydrogen fuel cell (propeller),0.0
7305.271542664449,245.64102564102564,Hydrogen fuel cell (propeller),0.0
8547.08812559251,245.64102564102564,Hydrogen fuel cell (propeller),0.0
10000.0,245.64102564102564,Hydrogen fuel cell (propeller),0.0
10.0,253.84615384615384,Hydrogen fuel cell (propeller),0.0
11.69989106589066,253.84615384615384,Hydrogen fuel cell (propeller),0.0
13.688745095370805,253.84615384615384,Hydrogen fuel cell (propeller),0.0
16.015682644458355,253.84615384615384,Hydrogen fuel cell (propeller),0.0
18.73817422860384,253.84615384615384,Hydrogen fuel cell (propeller),0.0
21.923459724834466,253.84615384615384,Hydrogen fuel cell (propeller),0.0
25.650209056800456,253.84615384615384,Hydrogen fuel cell (propeller),0.0
30.010465178188735,253.84615384615384,Hydrogen fuel cell (propeller),0.0
35.11191734215131,253.84615384615384,Hydrogen fuel cell (propeller),0.0
41.08056080177274,253.84615384615384,Hydrogen fuel cell (propeller),0.0
48.06380863064389,253.84615384615384,Hydrogen fuel cell (propeller),0.0
56.23413251903491,253.84615384615384,Hydrogen fuel cell (propeller),0.0
65.79332246575679,253.84615384615384,Hydrogen fuel cell (propeller),0.0
76.9774705712371,253.84615384615384,Hydrogen fuel cell (propeller),0.0
90.06280202112787,253.84615384615384,Hydrogen fuel cell (propeller),0.0
105.37249727360725,253.84615384615384,Hydrogen fuel cell (propeller),0.0
123.28467394420659,253.84615384615384,Hydrogen fuel cell (propeller),0.0
144.24172552410664,253.84615384615384,Hydrogen fuel cell (propeller),0.0
168.7612475788147,253.84615384615384,Hydrogen fuel cell (propeller),0.0
197.44882128159367,253.84615384615384,Hydrogen fuel cell (propeller),0.0
231.0129700083158,253.84615384615384,Hydrogen fuel cell (propeller),0.0
270.28265839051625,253.84615384615384,Hydrogen fuel cell (propeller),0.0
316.22776601683796,253.84615384615384,Hydrogen fuel cell (propeller),0.0
369.9830414406966,253.84615384615384,Hydrogen fuel cell (propeller),0.0
432.8761281083057,253.84615384615384,Hydrogen fuel cell (propeller),0.0
506.4603543891704,253.84615384615384,Hydrogen fuel cell (propeller),0.0
592.5530975545674,253.84615384615384,Hydrogen fuel cell (propeller),0.0
693.2806692144524,253.84615384615384,Hydrogen fuel cell (propeller),0.0
811.1308307896873,253.84615384615384,Hydrogen fuel cell (propeller),0.0
949.0142360424725,253.84615384615384,Hydrogen fuel cell (propeller),0.0
1110.336318167638,253.84615384615384,Hydrogen fuel cell (propeller),0.0
1299.0813969063468,253.84615384615384,Hydrogen fuel cell (propeller),0.0
1519.9110829529332,253.84615384615384,Hydrogen fuel cell (propeller),0.0
1778.2794100389228,253.84615384615384,Hydrogen fuel cell (propeller),0.0
2080.5675382171694,253.84615384615384,Hydrogen fuel cell (propeller),0.0
2434.2413552369194,253.84615384615384,Hydrogen fuel cell (propeller),0.0
2848.035868435799,253.84615384615384,Hydrogen fuel cell (propeller),0.0
3332.1709412448167,253.84615384615384,Hydrogen fuel cell (propeller),0.0
3898.603702549072,253.84615384615384,Hydrogen fuel cell (propeller),0.0
4561.323862890211,253.84615384615384,Hydrogen fuel cell (propeller),0.0
5336.699231206308,253.84615384615384,Hydrogen fuel cell (propeller),0.0
6243.879965653626,253.84615384615384,Hydrogen fuel cell (propeller),0.0
7305.271542664449,253.84615384615384,Hydrogen fuel cell (propeller),0.0
8547.08812559251,253.84615384615384,Hydrogen fuel cell (propeller),0.0
10000.0,253.84615384615384,Hydrogen fuel cell (propeller),0.0
10.0,262.05128205128204,Hydrogen fuel cell (propeller),0.0
11.69989106589066,262.05128205128204,Hydrogen fuel cell (propeller),0.0
13.688745095370805,262.05128205128204,Hydrogen fuel cell (propeller),0.0
16.015682644458355,262.05128205128204,Hydrogen fuel cell (propeller),0.0
18.73817422860384,262.05128205128204,Hydrogen fuel cell (propeller),0.0
21.923459724834466,262.05128205128204,Hydrogen fuel cell (propeller),0.0
25.650209056800456,262.05128205128204,Hydrogen fuel cell (propeller),0.0
30.010465178188735,262.05128205128204,Hydrogen fuel cell (propeller),0.0
35.11191734215131,262.05128205128204,Hydrogen fuel cell (propeller),0.0
41.08056080177274,262.05128205128204,Hydrogen fuel cell (propeller),0.0
48.06380863064389,262.05128205128204,Hydrogen fuel cell (propeller),0.0
56.23413251903491,262.05128205128204,Hydrogen fuel cell (propeller),0.0
65.79332246575679,262.05128205128204,Hydrogen fuel cell (propeller),0.0
76.9774705712371,262.05128205128204,Hydrogen fuel cell (propeller),0.0
90.06280202112787,262.05128205128204,Hydrogen fuel cell (propeller),0.0
105.37249727360725,262.05128205128204,Hydrogen fuel cell (propeller),0.0
123.28467394420659,262.05128205128204,Hydrogen fuel cell (propeller),0.0
144.24172552410664,262.05128205128204,Hydrogen fuel cell (propeller),0.0
168.7612475788147,262.05128205128204,Hydrogen fuel cell (propeller),0.0
197.44882128159367,262.05128205128204,Hydrogen fuel cell (propeller),0.0
231.0129700083158,262.05128205128204,Hydrogen fuel cell (propeller),0.0
270.28265839051625,262.05128205128204,Hydrogen fuel cell (propeller),0.0
316.22776601683796,262.05128205128204,Hydrogen fuel cell (propeller),0.0
369.9830414406966,262.05128205128204,Hydrogen fuel cell (propeller),0.0
432.8761281083057,262.05128205128204,Hydrogen fuel cell (propeller),0.0
506.4603543891704,262.05128205128204,Hydrogen fuel cell (propeller),0.0
592.5530975545674,262.05128205128204,Hydrogen fuel cell (propeller),0.0
693.2806692144524,262.05128205128204,Hydrogen fuel cell (propeller),0.0
811.1308307896873,262.05128205128204,Hydrogen fuel cell (propeller),0.0
949.0142360424725,262.05128205128204,Hydrogen fuel cell (propeller),0.0
1110.336318167638,262.05128205128204,Hydrogen fuel cell (propeller),0.0
1299.0813969063468,262.05128205128204,Hydrogen fuel cell (propeller),0.0
1519.9110829529332,262.05128205128204,Hydrogen fuel cell (propeller),0.0
1778.2794100389228,262.05128205128204,Hydrogen fuel cell (propeller),0.0
2080.5675382171694,262.05128205128204,Hydrogen fuel cell (propeller),0.0
2434.2413552369194,262.05128205128204,Hydrogen fuel cell (propeller),0.0
2848.035868435799,262.05128205128204,Hydrogen fuel cell (propeller),0.0
3332.1709412448167,262.05128205128204,Hydrogen fuel cell (propeller),0.0
3898.603702549072,262.05128205128204,Hydrogen fuel cell (propeller),0.0
4561.323862890211,262.05128205128204,Hydrogen fuel cell (propeller),0.0
5336.699231206308,262.05128205128204,Hydrogen fuel cell (propeller),0.0
6243.879965653626,262.05128205128204,Hydrogen fuel cell (propeller),0.0
7305.271542664449,262.05128205128204,Hydrogen fuel cell (propeller),0.0
8547.08812559251,262.05128205128204,Hydrogen fuel cell (propeller),0.0
10000.0,262.05128205128204,Hydrogen fuel cell (propeller),0.0
10.0,270.2564102564103,Hydrogen fuel cell (propeller),0.0
11.69989106589066,270.2564102564103,Hydrogen fuel cell (propeller),0.0
13.688745095370805,270.2564102564103,Hydrogen fuel cell (propeller),0.0
16.015682644458355,270.2564102564103,Hydrogen fuel cell (propeller),0.0
18.73817422860384,270.2564102564103,Hydrogen fuel cell (propeller),0.0
21.923459724834466,270.2564102564103,Hydrogen fuel cell (propeller),0.0
25.650209056800456,270.2564102564103,Hydrogen fuel cell (propeller),0.0
30.010465178188735,270.2564102564103,Hydrogen fuel cell (propeller),0.0
35.11191734215131,270.2564102564103,Hydrogen fuel cell (propeller),0.0
41.08056080177274,270.2564102564103,Hydrogen fuel cell (propeller),0.0
48.06380863064389,270.2564102564103,Hydrogen fuel cell (propeller),0.0
56.23413251903491,270.2564102564103,Hydrogen fuel cell (propeller),0.0
65.79332246575679,270.2564102564103,Hydrogen fuel cell (propeller),0.0
76.9774705712371,270.2564102564103,Hydrogen fuel cell (propeller),0.0
90.06280202112787,270.2564102564103,Hydrogen fuel cell (propeller),0.0
105.37249727360725,270.2564102564103,Hydrogen fuel cell (propeller),0.0
123.28467394420659,270.2564102564103,Hydrogen fuel cell (propeller),0.0
144.24172552410664,270.2564102564103,Hydrogen fuel cell (propeller),0.0
168.7612475788147,270.2564102564103,Hydrogen fuel cell (propeller),0.0
197.44882128159367,270.2564102564103,Hydrogen fuel cell (propeller),0.0
231.0129700083158,270.2564102564103,Hydrogen fuel cell (propeller),0.0
270.28265839051625,270.2564102564103,Hydrogen fuel cell (propeller),0.0
316.22776601683796,270.2564102564103,Hydrogen fuel cell (propeller),0.0
369.9830414406966,270.2564102564103,Hydrogen fuel cell (propeller),0.0
432.8761281083057,270.2564102564103,Hydrogen fuel cell (propeller),0.0
506.4603543891704,270.2564102564103,Hydrogen fuel cell (propeller),0.0
592.5530975545674,270.2564102564103,Hydrogen fuel cell (propeller),0.0
693.2806692144524,270.2564102564103,Hydrogen fuel cell (propeller),0.0
811.1308307896873,270.2564102564103,Hydrogen fuel cell (propeller),0.0
949.0142360424725,270.2564102564103,Hydrogen fuel cell (propeller),0.0
1110.336318167638,270.2564102564103,Hydrogen fuel cell (propeller),0.0
1299.0813969063468,270.2564102564103,Hydrogen fuel cell (propeller),0.0
1519.9110829529332,270.2564102564103,Hydrogen fuel cell (propeller),0.0
1778.2794100389228,270.2564102564103,Hydrogen fuel cell (propeller),0.0
2080.5675382171694,270.2564102564103,Hydrogen fuel cell (propeller),0.0
2434.2413552369194,270.2564102564103,Hydrogen fuel cell (propeller),0.0
2848.035868435799,270.2564102564103,Hydrogen fuel cell (propeller),0.0
3332.1709412448167,270.2564102564103,Hydrogen fuel cell (propeller),0.0
3898.603702549072,270.2564102564103,Hydrogen fuel cell (propeller),0.0
4561.323862890211,270.2564102564103,Hydrogen fuel cell (propeller),0.0
5336.699231206308,270.2564102564103,Hydrogen fuel cell (propeller),0.0
6243.879965653626,270.2564102564103,Hydrogen fuel cell (propeller),0.0
7305.271542664449,270.2564102564103,Hydrogen fuel cell (propeller),0.0
8547.08812559251,270.2564102564103,Hydrogen fuel cell (propeller),0.0
10000.0,270.2564102564103,Hydrogen fuel cell (propeller),0.0
10.0,278.46153846153845,Hydrogen fuel cell (propeller),0.0
11.69989106589066,278.46153846153845,Hydrogen fuel cell (propeller),0.0
13.688745095370805,278.46153846153845,Hydrogen fuel cell (propeller),0.0
16.015682644458355,278.46153846153845,Hydrogen fuel cell (propeller),0.0
18.73817422860384,278.46153846153845,Hydrogen fuel cell (propeller),0.0
21.923459724834466,278.46153846153845,Hydrogen fuel cell (propeller),0.0
25.650209056800456,278.46153846153845,Hydrogen fuel cell (propeller),0.0
30.010465178188735,278.46153846153845,Hydrogen fuel cell (propeller),0.0
35.11191734215131,278.46153846153845,Hydrogen fuel cell (propeller),0.0
41.08056080177274,278.46153846153845,Hydrogen fuel cell (propeller),0.0
48.06380863064389,278.46153846153845,Hydrogen fuel cell (propeller),0.0
56.23413251903491,278.46153846153845,Hydrogen fuel cell (propeller),0.0
65.79332246575679,278.46153846153845,Hydrogen fuel cell (propeller),0.0
76.9774705712371,278.46153846153845,Hydrogen fuel cell (propeller),0.0
90.06280202112787,278.46153846153845,Hydrogen fuel cell (propeller),0.0
105.37249727360725,278.46153846153845,Hydrogen fuel cell (propeller),0.0
123.28467394420659,278.46153846153845,Hydrogen fuel cell (propeller),0.0
144.24172552410664,278.46153846153845,Hydrogen fuel cell (propeller),0.0
168.7612475788147,278.46153846153845,Hydrogen fuel cell (propeller),0.0
197.44882128159367,278.46153846153845,Hydrogen fuel cell (propeller),0.0
231.0129700083158,278.46153846153845,Hydrogen fuel cell (propeller),0.0
270.28265839051625,278.46153846153845,Hydrogen fuel cell (propeller),0.0
316.22776601683796,278.46153846153845,Hydrogen fuel cell (propeller),0.0
369.9830414406966,278.46153846153845,Hydrogen fuel cell (propeller),0.0
432.8761281083057,278.46153846153845,Hydrogen fuel cell (propeller),0.0
506.4603543891704,278.46153846153845,Hydrogen fuel cell (propeller),0.0
592.5530975545674,278.46153846153845,Hydrogen fuel cell (propeller),0.0
693.2806692144524,278.46153846153845,Hydrogen fuel cell (propeller),0.0
811.1308307896873,278.46153846153845,Hydrogen fuel cell (propeller),0.0
949.0142360424725,278.46153846153845,Hydrogen fuel cell (propeller),0.0
1110.336318167638,278.46153846153845,Hydrogen fuel cell (propeller),0.0
1299.0813969063468,278.46153846153845,Hydrogen fuel cell (propeller),0.0
1519.9110829529332,278.46153846153845,Hydrogen fuel cell (propeller),0.0
1778.2794100389228,278.46153846153845,Hydrogen fuel cell (propeller),0.0
2080.5675382171694,278.46153846153845,Hydrogen fuel cell (propeller),0.0
2434.2413552369194,278.46153846153845,Hydrogen fuel cell (propeller),0.0
2848.035868435799,278.46153846153845,Hydrogen fuel cell (propeller),0.0
3332.1709412448167,278.46153846153845,Hydrogen fuel cell (propeller),0.0
3898.603702549072,278.46153846153845,Hydrogen fuel cell (propeller),0.0
4561.323862890211,278.46153846153845,Hydrogen fuel cell (propeller),0.0
5336.699231206308,278.46153846153845,Hydrogen fuel cell (propeller),0.0
6243.879965653626,278.46153846153845,Hydrogen fuel cell (propeller),0.0
7305.271542664449,278.46153846153845,Hydrogen fuel cell (propeller),0.0
8547.08812559251,278.46153846153845,Hydrogen fuel cell (propeller),0.0
10000.0,278.46153846153845,Hydrogen fuel cell (propeller),0.0
10.0,286.66666666666663,Hydrogen fuel cell (propeller),0.0
11.69989106589066,286.66666666666663,Hydrogen fuel cell (propeller),0.0
13.688745095370805,286.66666666666663,Hydrogen fuel cell (propeller),0.0
16.015682644458355,286.66666666666663,Hydrogen fuel cell (propeller),0.0
18.73817422860384,286.66666666666663,Hydrogen fuel cell (propeller),0.0
21.923459724834466,286.66666666666663,Hydrogen fuel cell (propeller),0.0
25.650209056800456,286.66666666666663,Hydrogen fuel cell (propeller),0.0
30.010465178188735,286.66666666666663,Hydrogen fuel cell (propeller),0.0
35.11191734215131,286.66666666666663,Hydrogen fuel cell (propeller),0.0
41.08056080177274,286.66666666666663,Hydrogen fuel cell (propeller),0.0
48.06380863064389,286.66666666666663,Hydrogen fuel cell (propeller),0.0
56.23413251903491,286.66666666666663,Hydrogen fuel cell (propeller),0.0
65.79332246575679,286.66666666666663,Hydrogen fuel cell (propeller),0.0
76.9774705712371,286.66666666666663,Hydrogen fuel cell (propeller),0.0
90.06280202112787,286.66666666666663,Hydrogen fuel cell (propeller),0.0
105.37249727360725,286.66666666666663,Hydrogen fuel cell (propeller),0.0
123.28467394420659,286.66666666666663,Hydrogen fuel cell (propeller),0.0
144.24172552410664,286.66666666666663,Hydrogen fuel cell (propeller),0.0
168.7612475788147,286.66666666666663,Hydrogen fuel cell (propeller),0.0
197.44882128159367,286.66666666666663,Hydrogen fuel cell (propeller),0.0
231.0129700083158,286.66666666666663,Hydrogen fuel cell (propeller),0.0
270.28265839051625,286.66666666666663,Hydrogen fuel cell (propeller),0.0
316.22776601683796,286.66666666666663,Hydrogen fuel cell (propeller),0.0
369.9830414406966,286.66666666666663,Hydrogen fuel cell (propeller),0.0
432.8761281083057,286.66666666666663,Hydrogen fuel cell (propeller),0.0
506.4603543891704,286.66666666666663,Hydrogen fuel cell (propeller),0.0
592.5530975545674,286.66666666666663,Hydrogen fuel cell (propeller),0.0
693.2806692144524,286.66666666666663,Hydrogen fuel cell (propeller),0.0
811.1308307896873,286.66666666666663,Hydrogen fuel cell (propeller),0.0
949.0142360424725,286.66666666666663,Hydrogen fuel cell (propeller),0.0
1110.336318167638,286.66666666666663,Hydrogen fuel cell (propeller),0.0
1299.0813969063468,286.66666666666663,Hydrogen fuel cell (propeller),0.0
1519.9110829529332,286.66666666666663,Hydrogen fuel cell (propeller),0.0
1778.2794100389228,286.66666666666663,Hydrogen fuel cell (propeller),0.0
2080.5675382171694,286.66666666666663,Hydrogen fuel cell (propeller),0.0
2434.2413552369194,286.66666666666663,Hydrogen fuel cell (propeller),0.0
2848.035868435799,286.66666666666663,Hydrogen fuel cell (propeller),0.0
3332.1709412448167,286.66666666666663,Hydrogen fuel cell (propeller),0.0
3898.603702549072,286.66666666666663,Hydrogen fuel cell (propeller),0.0
4561.323862890211,286.66666666666663,Hydrogen fuel cell (propeller),0.0
5336.699231206308,286.66666666666663,Hydrogen fuel cell (propeller),0.0
6243.879965653626,286.66666666666663,Hydrogen fuel cell (propeller),0.0
7305.271542664449,286.66666666666663,Hydrogen fuel cell (propeller),0.0
8547.08812559251,286.66666666666663,Hydrogen fuel cell (propeller),0.0
10000.0,286.66666666666663,Hydrogen fuel cell (propeller),0.0
10.0,294.87179487179486,Hydrogen fuel cell (propeller),0.0
11.69989106589066,294.87179487179486,Hydrogen fuel cell (propeller),0.0
13.688745095370805,294.87179487179486,Hydrogen fuel cell (propeller),0.0
16.015682644458355,294.87179487179486,Hydrogen fuel cell (propeller),0.0
18.73817422860384,294.87179487179486,Hydrogen fuel cell (propeller),0.0
21.923459724834466,294.87179487179486,Hydrogen fuel cell (propeller),0.0
25.650209056800456,294.87179487179486,Hydrogen fuel cell (propeller),0.0
30.010465178188735,294.87179487179486,Hydrogen fuel cell (propeller),0.0
35.11191734215131,294.87179487179486,Hydrogen fuel cell (propeller),0.0
41.08056080177274,294.87179487179486,Hydrogen fuel cell (propeller),0.0
48.06380863064389,294.87179487179486,Hydrogen fuel cell (propeller),0.0
56.23413251903491,294.87179487179486,Hydrogen fuel cell (propeller),0.0
65.79332246575679,294.87179487179486,Hydrogen fuel cell (propeller),0.0
76.9774705712371,294.87179487179486,Hydrogen fuel cell (propeller),0.0
90.06280202112787,294.87179487179486,Hydrogen fuel cell (propeller),0.0
105.37249727360725,294.87179487179486,Hydrogen fuel cell (propeller),0.0
123.28467394420659,294.87179487179486,Hydrogen fuel cell (propeller),0.0
144.24172552410664,294.87179487179486,Hydrogen fuel cell (propeller),0.0
168.7612475788147,294.87179487179486,Hydrogen fuel cell (propeller),0.0
197.44882128159367,294.87179487179486,Hydrogen fuel cell (propeller),0.0
231.0129700083158,294.87179487179486,Hydrogen fuel cell (propeller),0.0
270.28265839051625,294.87179487179486,Hydrogen fuel cell (propeller),0.0
316.22776601683796,294.87179487179486,Hydrogen fuel cell (propeller),0.0
369.9830414406966,294.87179487179486,Hydrogen fuel cell (propeller),0.0
432.8761281083057,294.87179487179486,Hydrogen fuel cell (propeller),0.0
506.4603543891704,294.87179487179486,Hydrogen fuel cell (propeller),0.0
592.5530975545674,294.87179487179486,Hydrogen fuel cell (propeller),0.0
693.2806692144524,294.87179487179486,Hydrogen fuel cell (propeller),0.0
811.1308307896873,294.87179487179486,Hydrogen fuel cell (propeller),0.0
949.0142360424725,294.87179487179486,Hydrogen fuel cell (propeller),0.0
1110.336318167638,294.87179487179486,Hydrogen fuel cell (propeller),0.0
1299.0813969063468,294.87179487179486,Hydrogen fuel cell (propeller),0.0
1519.9110829529332,294.87179487179486,Hydrogen fuel cell (propeller),0.0
1778.2794100389228,294.87179487179486,Hydrogen fuel cell (propeller),0.0
2080.5675382171694,294.87179487179486,Hydrogen fuel cell (propeller),0.0
2434.2413552369194,294.87179487179486,Hydrogen fuel cell (propeller),0.0
2848.035868435799,294.87179487179486,Hydrogen fuel cell (propeller),0.0
3332.1709412448167,294.87179487179486,Hydrogen fuel cell (propeller),0.0
3898.603702549072,294.87179487179486,Hydrogen fuel cell (propeller),0.0
4561.323862890211,294.87179487179486,Hydrogen fuel cell (propeller),0.0
5336.699231206308,294.87179487179486,Hydrogen fuel cell (propeller),0.0
6243.879965653626,294.87179487179486,Hydrogen fuel cell (propeller),0.0
7305.271542664449,294.87179487179486,Hydrogen fuel cell (propeller),0.0
8547.08812559251,294.87179487179486,Hydrogen fuel cell (propeller),0.0
10000.0,294.87179487179486,Hydrogen fuel cell (propeller),0.0
10.0,303.0769230769231,Hydrogen fuel cell (propeller),0.0
11.69989106589066,303.0769230769231,Hydrogen fuel cell (propeller),0.0
13.688745095370805,303.0769230769231,Hydrogen fuel cell (propeller),0.0
16.015682644458355,303.0769230769231,Hydrogen fuel cell (propeller),0.0
18.73817422860384,303.0769230769231,Hydrogen fuel cell (propeller),0.0
21.923459724834466,303.0769230769231,Hydrogen fuel cell (propeller),0.0
25.650209056800456,303.0769230769231,Hydrogen fuel cell (propeller),0.0
30.010465178188735,303.0769230769231,Hydrogen fuel cell (propeller),0.0
35.11191734215131,303.0769230769231,Hydrogen fuel cell (propeller),0.0
41.08056080177274,303.0769230769231,Hydrogen fuel cell (propeller),0.0
48.06380863064389,303.0769230769231,Hydrogen fuel cell (propeller),0.0
56.23413251903491,303.0769230769231,Hydrogen fuel cell (propeller),0.0
65.79332246575679,303.0769230769231,Hydrogen fuel cell (propeller),0.0
76.9774705712371,303.0769230769231,Hydrogen fuel cell (propeller),0.0
90.06280202112787,303.0769230769231,Hydrogen fuel cell (propeller),0.0
105.37249727360725,303.0769230769231,Hydrogen fuel cell (propeller),0.0
123.28467394420659,303.0769230769231,Hydrogen fuel cell (propeller),0.0
144.24172552410664,303.0769230769231,Hydrogen fuel cell (propeller),0.0
168.7612475788147,303.0769230769231,Hydrogen fuel cell (propeller),0.0
197.44882128159367,303.0769230769231,Hydrogen fuel cell (propeller),0.0
231.0129700083158,303.0769230769231,Hydrogen fuel cell (propeller),0.0
270.28265839051625,303.0769230769231,Hydrogen fuel cell (propeller),0.0
316.22776601683796,303.0769230769231,Hydrogen fuel cell (propeller),0.0
369.9830414406966,303.0769230769231,Hydrogen fuel cell (propeller),0.0
432.8761281083057,303.0769230769231,Hydrogen fuel cell (propeller),0.0
506.4603543891704,303.0769230769231,Hydrogen fuel cell (propeller),0.0
592.5530975545674,303.0769230769231,Hydrogen fuel cell (propeller),0.0
693.2806692144524,303.0769230769231,Hydrogen fuel cell (propeller),0.0
811.1308307896873,303.0769230769231,Hydrogen fuel cell (propeller),0.0
949.0142360424725,303.0769230769231,Hydrogen fuel cell (propeller),0.0
1110.336318167638,303.0769230769231,Hydrogen fuel cell (propeller),0.0
1299.0813969063468,303.0769230769231,Hydrogen fuel cell (propeller),0.0
1519.9110829529332,303.0769230769231,Hydrogen fuel cell (propeller),0.0
1778.2794100389228,303.0769230769231,Hydrogen fuel cell (propeller),0.0
2080.5675382171694,303.0769230769231,Hydrogen fuel cell (propeller),0.0
2434.2413552369194,303.0769230769231,Hydrogen fuel cell (propeller),0.0
2848.035868435799,303.0769230769231,Hydrogen fuel cell (propeller),0.0
3332.1709412448167,303.0769230769231,Hydrogen fuel cell (propeller),0.0
3898.603702549072,303.0769230769231,Hydrogen fuel cell (propeller),0.0
4561.323862890211,303.0769230769231,Hydrogen fuel cell (propeller),0.0
5336.699231206308,303.0769230769231,Hydrogen fuel cell (propeller),0.0
6243.879965653626,303.0769230769231,Hydrogen fuel cell (propeller),0.0
7305.271542664449,303.0769230769231,Hydrogen fuel cell (propeller),0.0
8547.08812559251,303.0769230769231,Hydrogen fuel cell (propeller),0.0
10000.0,303.0769230769231,Hydrogen fuel cell (propeller),0.0
10.0,311.28205128205127,Hydrogen fuel cell (propeller),0.0
11.69989106589066,311.28205128205127,Hydrogen fuel cell (propeller),0.0
13.688745095370805,311.28205128205127,Hydrogen fuel cell (propeller),0.0
16.015682644458355,311.28205128205127,Hydrogen fuel cell (propeller),0.0
18.73817422860384,311.28205128205127,Hydrogen fuel cell (propeller),0.0
21.923459724834466,311.28205128205127,Hydrogen fuel cell (propeller),0.0
25.650209056800456,311.28205128205127,Hydrogen fuel cell (propeller),0.0
30.010465178188735,311.28205128205127,Hydrogen fuel cell (propeller),0.0
35.11191734215131,311.28205128205127,Hydrogen fuel cell (propeller),0.0
41.08056080177274,311.28205128205127,Hydrogen fuel cell (propeller),0.0
48.06380863064389,311.28205128205127,Hydrogen fuel cell (propeller),0.0
56.23413251903491,311.28205128205127,Hydrogen fuel cell (propeller),0.0
65.79332246575679,311.28205128205127,Hydrogen fuel cell (propeller),0.0
76.9774705712371,311.28205128205127,Hydrogen fuel cell (propeller),0.0
90.06280202112787,311.28205128205127,Hydrogen fuel cell (propeller),0.0
105.37249727360725,311.28205128205127,Hydrogen fuel cell (propeller),0.0
123.28467394420659,311.28205128205127,Hydrogen fuel cell (propeller),0.0
144.24172552410664,311.28205128205127,Hydrogen fuel cell (propeller),0.0
168.7612475788147,311.28205128205127,Hydrogen fuel cell (propeller),0.0
197.44882128159367,311.28205128205127,Hydrogen fuel cell (propeller),0.0
231.0129700083158,311.28205128205127,Hydrogen fuel cell (propeller),0.0
270.28265839051625,311.28205128205127,Hydrogen fuel cell (propeller),0.0
316.22776601683796,311.28205128205127,Hydrogen fuel cell (propeller),0.0
369.9830414406966,311.28205128205127,Hydrogen fuel cell (propeller),0.0
432.8761281083057,311.28205128205127,Hydrogen fuel cell (propeller),0.0
506.4603543891704,311.28205128205127,Hydrogen fuel cell (propeller),0.0
592.5530975545674,311.28205128205127,Hydrogen fuel cell (propeller),0.0
693.2806692144524,311.28205128205127,Hydrogen fuel cell (propeller),0.0
811.1308307896873,311.28205128205127,Hydrogen fuel cell (propeller),0.0
949.0142360424725,311.28205128205127,Hydrogen fuel cell (propeller),0.0
1110.336318167638,311.28205128205127,Hydrogen fuel cell (propeller),0.0
1299.0813969063468,311.28205128205127,Hydrogen fuel cell (propeller),0.0
1519.9110829529332,311.28205128205127,Hydrogen fuel cell (propeller),0.0
1778.2794100389228,311.28205128205127,Hydrogen fuel cell (propeller),0.0
2080.5675382171694,311.28205128205127,Hydrogen fuel cell (propeller),0.0
2434.2413552369194,311.28205128205127,Hydrogen fuel cell (propeller),0.0
2848.035868435799,311.28205128205127,Hydrogen fuel cell (propeller),0.0
3332.1709412448167,311.28205128205127,Hydrogen fuel cell (propeller),0.0
3898.603702549072,311.28205128205127,Hydrogen fuel cell (propeller),0.0
4561.323862890211,311.28205128205127,Hydrogen fuel cell (propeller),0.0
5336.699231206308,311.28205128205127,Hydrogen fuel cell (propeller),0.0
6243.879965653626,311.28205128205127,Hydrogen fuel cell (propeller),0.0
7305.271542664449,311.28205128205127,Hydrogen fuel cell (propeller),0.0
8547.08812559251,311.28205128205127,Hydrogen fuel cell (propeller),0.0
10000.0,311.28205128205127,Hydrogen fuel cell (propeller),0.0
10.0,319.48717948717945,Hydrogen fuel cell (propeller),0.0
11.69989106589066,319.48717948717945,Hydrogen fuel cell (propeller),0.0
13.688745095370805,319.48717948717945,Hydrogen fuel cell (propeller),0.0
16.015682644458355,319.48717948717945,Hydrogen fuel cell (propeller),0.0
18.73817422860384,319.48717948717945,Hydrogen fuel cell (propeller),0.0
21.923459724834466,319.48717948717945,Hydrogen fuel cell (propeller),0.0
25.650209056800456,319.48717948717945,Hydrogen fuel cell (propeller),0.0
30.010465178188735,319.48717948717945,Hydrogen fuel cell (propeller),0.0
35.11191734215131,319.48717948717945,Hydrogen fuel cell (propeller),0.0
41.08056080177274,319.48717948717945,Hydrogen fuel cell (propeller),0.0
48.06380863064389,319.48717948717945,Hydrogen fuel cell (propeller),0.0
56.23413251903491,319.48717948717945,Hydrogen fuel cell (propeller),0.0
65.79332246575679,319.48717948717945,Hydrogen fuel cell (propeller),0.0
76.9774705712371,319.48717948717945,Hydrogen fuel cell (propeller),0.0
90.06280202112787,319.48717948717945,Hydrogen fuel cell (propeller),0.0
105.37249727360725,319.48717948717945,Hydrogen fuel cell (propeller),0.0
123.28467394420659,319.48717948717945,Hydrogen fuel cell (propeller),0.0
144.24172552410664,319.48717948717945,Hydrogen fuel cell (propeller),0.0
168.7612475788147,319.48717948717945,Hydrogen fuel cell (propeller),0.0
197.44882128159367,319.48717948717945,Hydrogen fuel cell (propeller),0.0
231.0129700083158,319.48717948717945,Hydrogen fuel cell (propeller),0.0
270.28265839051625,319.48717948717945,Hydrogen fuel cell (propeller),0.0
316.22776601683796,319.48717948717945,Hydrogen fuel cell (propeller),0.0
369.9830414406966,319.48717948717945,Hydrogen fuel cell (propeller),0.0
432.8761281083057,319.48717948717945,Hydrogen fuel cell (propeller),0.0
506.4603543891704,319.48717948717945,Hydrogen fuel cell (propeller),0.0
592.5530975545674,319.48717948717945,Hydrogen fuel cell (propeller),0.0
693.2806692144524,319.48717948717945,Hydrogen fuel cell (propeller),0.0
811.1308307896873,319.48717948717945,Hydrogen fuel cell (propeller),0.0
949.0142360424725,319.48717948717945,Hydrogen fuel cell (propeller),0.0
1110.336318167638,319.48717948717945,Hydrogen fuel cell (propeller),0.0
1299.0813969063468,319.48717948717945,Hydrogen fuel cell (propeller),0.0
1519.9110829529332,319.48717948717945,Hydrogen fuel cell (propeller),0.0
1778.2794100389228,319.48717948717945,Hydrogen fuel cell (propeller),0.0
2080.5675382171694,319.48717948717945,Hydrogen fuel cell (propeller),0.0
2434.2413552369194,319.48717948717945,Hydrogen fuel cell (propeller),0.0
2848.035868435799,319.48717948717945,Hydrogen fuel cell (propeller),0.0
3332.1709412448167,319.48717948717945,Hydrogen fuel cell (propeller),0.0
3898.603702549072,319.48717948717945,Hydrogen fuel cell (propeller),0.0
4561.323862890211,319.48717948717945,Hydrogen fuel cell (propeller),0.0
5336.699231206308,319.48717948717945,Hydrogen fuel cell (propeller),0.0
6243.879965653626,319.48717948717945,Hydrogen fuel cell (propeller),0.0
7305.271542664449,319.48717948717945,Hydrogen fuel cell (propeller),0.0
8547.08812559251,319.48717948717945,Hydrogen fuel cell (propeller),0.0
10000.0,319.48717948717945,Hydrogen fuel cell (propeller),0.0
10.0,327.6923076923077,Hydrogen fuel cell (propeller),0.0
11.69989106589066,327.6923076923077,Hydrogen fuel cell (propeller),0.0
13.688745095370805,327.6923076923077,Hydrogen fuel cell (propeller),0.0
16.015682644458355,327.6923076923077,Hydrogen fuel cell (propeller),0.0
18.73817422860384,327.6923076923077,Hydrogen fuel cell (propeller),0.0
21.923459724834466,327.6923076923077,Hydrogen fuel cell (propeller),0.0
25.650209056800456,327.6923076923077,Hydrogen fuel cell (propeller),0.0
30.010465178188735,327.6923076923077,Hydrogen fuel cell (propeller),0.0
35.11191734215131,327.6923076923077,Hydrogen fuel cell (propeller),0.0
41.08056080177274,327.6923076923077,Hydrogen fuel cell (propeller),0.0
48.06380863064389,327.6923076923077,Hydrogen fuel cell (propeller),0.0
56.23413251903491,327.6923076923077,Hydrogen fuel cell (propeller),0.0
65.79332246575679,327.6923076923077,Hydrogen fuel cell (propeller),0.0
76.9774705712371,327.6923076923077,Hydrogen fuel cell (propeller),0.0
90.06280202112787,327.6923076923077,Hydrogen fuel cell (propeller),0.0
105.37249727360725,327.6923076923077,Hydrogen fuel cell (propeller),0.0
123.28467394420659,327.6923076923077,Hydrogen fuel cell (propeller),0.0
144.24172552410664,327.6923076923077,Hydrogen fuel cell (propeller),0.0
168.7612475788147,327.6923076923077,Hydrogen fuel cell (propeller),0.0
197.44882128159367,327.6923076923077,Hydrogen fuel cell (propeller),0.0
231.0129700083158,327.6923076923077,Hydrogen fuel cell (propeller),0.0
270.28265839051625,327.6923076923077,Hydrogen fuel cell (propeller),0.0
316.22776601683796,327.6923076923077,Hydrogen fuel cell (propeller),0.0
369.9830414406966,327.6923076923077,Hydrogen fuel cell (propeller),0.0
432.8761281083057,327.6923076923077,Hydrogen fuel cell (propeller),0.0
506.4603543891704,327.6923076923077,Hydrogen fuel cell (propeller),0.0
592.5530975545674,327.6923076923077,Hydrogen fuel cell (propeller),0.0
693.2806692144524,327.6923076923077,Hydrogen fuel cell (propeller),0.0
811.1308307896873,327.6923076923077,Hydrogen fuel cell (propeller),0.0
949.0142360424725,327.6923076923077,Hydrogen fuel cell (propeller),0.0
1110.336318167638,327.6923076923077,Hydrogen fuel cell (propeller),0.0
1299.0813969063468,327.6923076923077,Hydrogen fuel cell (propeller),0.0
1519.9110829529332,327.6923076923077,Hydrogen fuel cell (propeller),0.0
1778.2794100389228,327.6923076923077,Hydrogen fuel cell (propeller),0.0
2080.5675382171694,327.6923076923077,Hydrogen fuel cell (propeller),0.0
2434.2413552369194,327.6923076923077,Hydrogen fuel cell (propeller),0.0
2848.035868435799,327.6923076923077,Hydrogen fuel cell (propeller),0.0
3332.1709412448167,327.6923076923077,Hydrogen fuel cell (propeller),0.0
3898.603702549072,327.6923076923077,Hydrogen fuel cell (propeller),0.0
4561.323862890211,327.6923076923077,Hydrogen fuel cell (propeller),0.0
5336.699231206308,327.6923076923077,Hydrogen fuel cell (propeller),0.0
6243.879965653626,327.6923076923077,Hydrogen fuel cell (propeller),0.0
7305.271542664449,327.6923076923077,Hydrogen fuel cell (propeller),0.0
8547.08812559251,327.6923076923077,Hydrogen fuel cell (propeller),0.0
10000.0,327.6923076923077,Hydrogen fuel cell (propeller),0.0
10.0,335.8974358974359,Hydrogen fuel cell (propeller),0.0
11.69989106589066,335.8974358974359,Hydrogen fuel cell (propeller),0.0
13.688745095370805,335.8974358974359,Hydrogen fuel cell (propeller),0.0
16.015682644458355,335.8974358974359,Hydrogen fuel cell (propeller),0.0
18.73817422860384,335.8974358974359,Hydrogen fuel cell (propeller),0.0
21.923459724834466,335.8974358974359,Hydrogen fuel cell (propeller),0.0
25.650209056800456,335.8974358974359,Hydrogen fuel cell (propeller),0.0
30.010465178188735,335.8974358974359,Hydrogen fuel cell (propeller),0.0
35.11191734215131,335.8974358974359,Hydrogen fuel cell (propeller),0.0
41.08056080177274,335.8974358974359,Hydrogen fuel cell (propeller),0.0
48.06380863064389,335.8974358974359,Hydrogen fuel cell (propeller),0.0
56.23413251903491,335.8974358974359,Hydrogen fuel cell (propeller),0.0
65.79332246575679,335.8974358974359,Hydrogen fuel cell (propeller),0.0
76.9774705712371,335.8974358974359,Hydrogen fuel cell (propeller),0.0
90.06280202112787,335.8974358974359,Hydrogen fuel cell (propeller),0.0
105.37249727360725,335.8974358974359,Hydrogen fuel cell (propeller),0.0
123.28467394420659,335.8974358974359,Hydrogen fuel cell (propeller),0.0
144.24172552410664,335.8974358974359,Hydrogen fuel cell (propeller),0.0
168.7612475788147,335.8974358974359,Hydrogen fuel cell (propeller),0.0
197.44882128159367,335.8974358974359,Hydrogen fuel cell (propeller),0.0
231.0129700083158,335.8974358974359,Hydrogen fuel cell (propeller),0.0
270.28265839051625,335.8974358974359,Hydrogen fuel cell (propeller),0.0
316.22776601683796,335.8974358974359,Hydrogen fuel cell (propeller),0.0
369.9830414406966,335.8974358974359,Hydrogen fuel cell (propeller),0.0
432.8761281083057,335.8974358974359,Hydrogen fuel cell (propeller),0.0
506.4603543891704,335.8974358974359,Hydrogen fuel cell (propeller),0.0
592.5530975545674,335.8974358974359,Hydrogen fuel cell (propeller),0.0
693.2806692144524,335.8974358974359,Hydrogen fuel cell (propeller),0.0
811.1308307896873,335.8974358974359,Hydrogen fuel cell (propeller),0.0
949.0142360424725,335.8974358974359,Hydrogen fuel cell (propeller),0.0
1110.336318167638,335.8974358974359,Hydrogen fuel cell (propeller),0.0
1299.0813969063468,335.8974358974359,Hydrogen fuel cell (propeller),0.0
1519.9110829529332,335.8974358974359,Hydrogen fuel cell (propeller),0.0
1778.2794100389228,335.8974358974359,Hydrogen fuel cell (propeller),0.0
2080.5675382171694,335.8974358974359,Hydrogen fuel cell (propeller),0.0
2434.2413552369194,335.8974358974359,Hydrogen fuel cell (propeller),0.0
2848.035868435799,335.8974358974359,Hydrogen fuel cell (propeller),0.0
3332.1709412448167,335.8974358974359,Hydrogen fuel cell (propeller),0.0
3898.603702549072,335.8974358974359,Hydrogen fuel cell (propeller),0.0
4561.323862890211,335.8974358974359,Hydrogen fuel cell (propeller),0.0
5336.699231206308,335.8974358974359,Hydrogen fuel cell (propeller),0.0
6243.879965653626,335.8974358974359,Hydrogen fuel cell (propeller),0.0
7305.271542664449,335.8974358974359,Hydrogen fuel cell (propeller),0.0
8547.08812559251,335.8974358974359,Hydrogen fuel cell (propeller),0.0
10000.0,335.8974358974359,Hydrogen fuel cell (propeller),0.0
10.0,344.1025641025641,Hydrogen fuel cell (propeller),0.0
11.69989106589066,344.1025641025641,Hydrogen fuel cell (propeller),0.0
13.688745095370805,344.1025641025641,Hydrogen fuel cell (propeller),0.0
16.015682644458355,344.1025641025641,Hydrogen fuel cell (propeller),0.0
18.73817422860384,344.1025641025641,Hydrogen fuel cell (propeller),0.0
21.923459724834466,344.1025641025641,Hydrogen fuel cell (propeller),0.0
25.650209056800456,344.1025641025641,Hydrogen fuel cell (propeller),0.0
30.010465178188735,344.1025641025641,Hydrogen fuel cell (propeller),0.0
35.11191734215131,344.1025641025641,Hydrogen fuel cell (propeller),0.0
41.08056080177274,344.1025641025641,Hydrogen fuel cell (propeller),0.0
48.06380863064389,344.1025641025641,Hydrogen fuel cell (propeller),0.0
56.23413251903491,344.1025641025641,Hydrogen fuel cell (propeller),0.0
65.79332246575679,344.1025641025641,Hydrogen fuel cell (propeller),0.0
76.9774705712371,344.1025641025641,Hydrogen fuel cell (propeller),0.0
90.06280202112787,344.1025641025641,Hydrogen fuel cell (propeller),0.0
105.37249727360725,344.1025641025641,Hydrogen fuel cell (propeller),0.0
123.28467394420659,344.1025641025641,Hydrogen fuel cell (propeller),0.0
144.24172552410664,344.1025641025641,Hydrogen fuel cell (propeller),0.0
168.7612475788147,344.1025641025641,Hydrogen fuel cell (propeller),0.0
197.44882128159367,344.1025641025641,Hydrogen fuel cell (propeller),0.0
231.0129700083158,344.1025641025641,Hydrogen fuel cell (propeller),0.0
270.28265839051625,344.1025641025641,Hydrogen fuel cell (propeller),0.0
316.22776601683796,344.1025641025641,Hydrogen fuel cell (propeller),0.0
369.9830414406966,344.1025641025641,Hydrogen fuel cell (propeller),0.0
432.8761281083057,344.1025641025641,Hydrogen fuel cell (propeller),0.0
506.4603543891704,344.1025641025641,Hydrogen fuel cell (propeller),0.0
592.5530975545674,344.1025641025641,Hydrogen fuel cell (propeller),0.0
693.2806692144524,344.1025641025641,Hydrogen fuel cell (propeller),0.0
811.1308307896873,344.1025641025641,Hydrogen fuel cell (propeller),0.0
949.0142360424725,344.1025641025641,Hydrogen fuel cell (propeller),0.0
1110.336318167638,344.1025641025641,Hydrogen fuel cell (propeller),0.0
1299.0813969063468,344.1025641025641,Hydrogen fuel cell (propeller),0.0
1519.9110829529332,344.1025641025641,Hydrogen fuel cell (propeller),0.0
1778.2794100389228,344.1025641025641,Hydrogen fuel cell (propeller),0.0
2080.5675382171694,344.1025641025641,Hydrogen fuel cell (propeller),0.0
2434.2413552369194,344.1025641025641,Hydrogen fuel cell (propeller),0.0
2848.035868435799,344.1025641025641,Hydrogen fuel cell (propeller),0.0
3332.1709412448167,344.1025641025641,Hydrogen fuel cell (propeller),0.0
3898.603702549072,344.1025641025641,Hydrogen fuel cell (propeller),0.0
4561.323862890211,344.1025641025641,Hydrogen fuel cell (propeller),0.0
5336.699231206308,344.1025641025641,Hydrogen fuel cell (propeller),0.0
6243.879965653626,344.1025641025641,Hydrogen fuel cell (propeller),0.0
7305.271542664449,344.1025641025641,Hydrogen fuel cell (propeller),0.0
8547.08812559251,344.1025641025641,Hydrogen fuel cell (propeller),0.0
10000.0,344.1025641025641,Hydrogen fuel cell (propeller),0.0
10.0,352.30769230769226,Hydrogen fuel cell (propeller),0.0
11.69989106589066,352.30769230769226,Hydrogen fuel cell (propeller),0.0
13.688745095370805,352.30769230769226,Hydrogen fuel cell (propeller),0.0
16.015682644458355,352.30769230769226,Hydrogen fuel cell (propeller),0.0
18.73817422860384,352.30769230769226,Hydrogen fuel cell (propeller),0.0
21.923459724834466,352.30769230769226,Hydrogen fuel cell (propeller),0.0
25.650209056800456,352.30769230769226,Hydrogen fuel cell (propeller),0.0
30.010465178188735,352.30769230769226,Hydrogen fuel cell (propeller),0.0
35.11191734215131,352.30769230769226,Hydrogen fuel cell (propeller),0.0
41.08056080177274,352.30769230769226,Hydrogen fuel cell (propeller),0.0
48.06380863064389,352.30769230769226,Hydrogen fuel cell (propeller),0.0
56.23413251903491,352.30769230769226,Hydrogen fuel cell (propeller),0.0
65.79332246575679,352.30769230769226,Hydrogen fuel cell (propeller),0.0
76.9774705712371,352.30769230769226,Hydrogen fuel cell (propeller),0.0
90.06280202112787,352.30769230769226,Hydrogen fuel cell (propeller),0.0
105.37249727360725,352.30769230769226,Hydrogen fuel cell (propeller),0.0
123.28467394420659,352.30769230769226,Hydrogen fuel cell (propeller),0.0
144.24172552410664,352.30769230769226,Hydrogen fuel cell (propeller),0.0
168.7612475788147,352.30769230769226,Hydrogen fuel cell (propeller),0.0
197.44882128159367,352.30769230769226,Hydrogen fuel cell (propeller),0.0
231.0129700083158,352.30769230769226,Hydrogen fuel cell (propeller),0.0
270.28265839051625,352.30769230769226,Hydrogen fuel cell (propeller),0.0
316.22776601683796,352.30769230769226,Hydrogen fuel cell (propeller),0.0
369.9830414406966,352.30769230769226,Hydrogen fuel cell (propeller),0.0
432.8761281083057,352.30769230769226,Hydrogen fuel cell (propeller),0.0
506.4603543891704,352.30769230769226,Hydrogen fuel cell (propeller),0.0
592.5530975545674,352.30769230769226,Hydrogen fuel cell (propeller),0.0
693.2806692144524,352.30769230769226,Hydrogen fuel cell (propeller),0.0
811.1308307896873,352.30769230769226,Hydrogen fuel cell (propeller),0.0
949.0142360424725,352.30769230769226,Hydrogen fuel cell (propeller),0.0
1110.336318167638,352.30769230769226,Hydrogen fuel cell (propeller),0.0
1299.0813969063468,352.30769230769226,Hydrogen fuel cell (propeller),0.0
1519.9110829529332,352.30769230769226,Hydrogen fuel cell (propeller),0.0
1778.2794100389228,352.30769230769226,Hydrogen fuel cell (propeller),0.0
2080.5675382171694,352.30769230769226,Hydrogen fuel cell (propeller),0.0
2434.2413552369194,352.30769230769226,Hydrogen fuel cell (propeller),0.0
2848.035868435799,352.30769230769226,Hydrogen fuel cell (propeller),0.0
3332.1709412448167,352.30769230769226,Hydrogen fuel cell (propeller),0.0
3898.603702549072,352.30769230769226,Hydrogen fuel cell (propeller),0.0
4561.323862890211,352.30769230769226,Hydrogen fuel cell (propeller),0.0
5336.699231206308,352.30769230769226,Hydrogen fuel cell (propeller),0.0
6243.879965653626,352.30769230769226,Hydrogen fuel cell (propeller),0.0
7305.271542664449,352.30769230769226,Hydrogen fuel cell (propeller),0.0
8547.08812559251,352.30769230769226,Hydrogen fuel cell (propeller),0.0
10000.0,352.30769230769226,Hydrogen fuel cell (propeller),0.0
10.0,360.5128205128205,Hydrogen fuel cell (propeller),0.0
11.69989106589066,360.5128205128205,Hydrogen fuel cell (propeller),0.0
13.688745095370805,360.5128205128205,Hydrogen fuel cell (propeller),0.0
16.015682644458355,360.5128205128205,Hydrogen fuel cell (propeller),0.0
18.73817422860384,360.5128205128205,Hydrogen fuel cell (propeller),0.0
21.923459724834466,360.5128205128205,Hydrogen fuel cell (propeller),0.0
25.650209056800456,360.5128205128205,Hydrogen fuel cell (propeller),0.0
30.010465178188735,360.5128205128205,Hydrogen fuel cell (propeller),0.0
35.11191734215131,360.5128205128205,Hydrogen fuel cell (propeller),0.0
41.08056080177274,360.5128205128205,Hydrogen fuel cell (propeller),0.0
48.06380863064389,360.5128205128205,Hydrogen fuel cell (propeller),0.0
56.23413251903491,360.5128205128205,Hydrogen fuel cell (propeller),0.0
65.79332246575679,360.5128205128205,Hydrogen fuel cell (propeller),0.0
76.9774705712371,360.5128205128205,Hydrogen fuel cell (propeller),0.0
90.06280202112787,360.5128205128205,Hydrogen fuel cell (propeller),0.0
105.37249727360725,360.5128205128205,Hydrogen fuel cell (propeller),0.0
123.28467394420659,360.5128205128205,Hydrogen fuel cell (propeller),0.0
144.24172552410664,360.5128205128205,Hydrogen fuel cell (propeller),0.0
168.7612475788147,360.5128205128205,Hydrogen fuel cell (propeller),0.0
197.44882128159367,360.5128205128205,Hydrogen fuel cell (propeller),0.0
231.0129700083158,360.5128205128205,Hydrogen fuel cell (propeller),0.0
270.28265839051625,360.5128205128205,Hydrogen fuel cell (propeller),0.0
316.22776601683796,360.5128205128205,Hydrogen fuel cell (propeller),0.0
369.9830414406966,360.5128205128205,Hydrogen fuel cell (propeller),0.0
432.8761281083057,360.5128205128205,Hydrogen fuel cell (propeller),0.0
506.4603543891704,360.5128205128205,Hydrogen fuel cell (propeller),0.0
592.5530975545674,360.5128205128205,Hydrogen fuel cell (propeller),0.0
693.2806692144524,360.5128205128205,Hydrogen fuel cell (propeller),0.0
811.1308307896873,360.5128205128205,Hydrogen fuel cell (propeller),0.0
949.0142360424725,360.5128205128205,Hydrogen fuel cell (propeller),0.0
1110.336318167638,360.5128205128205,Hydrogen fuel cell (propeller),0.0
1299.0813969063468,360.5128205128205,Hydrogen fuel cell (propeller),0.0
1519.9110829529332,360.5128205128205,Hydrogen fuel cell (propeller),0.0
1778.2794100389228,360.5128205128205,Hydrogen fuel cell (propeller),0.0
2080.5675382171694,360.5128205128205,Hydrogen fuel cell (propeller),0.0
2434.2413552369194,360.5128205128205,Hydrogen fuel cell (propeller),0.0
2848.035868435799,360.5128205128205,Hydrogen fuel cell (propeller),0.0
3332.1709412448167,360.5128205128205,Hydrogen fuel cell (propeller),0.0
3898.603702549072,360.5128205128205,Hydrogen fuel cell (propeller),0.0
4561.323862890211,360.5128205128205,Hydrogen fuel cell (propeller),0.0
5336.699231206308,360.5128205128205,Hydrogen fuel cell (propeller),0.0
6243.879965653626,360.5128205128205,Hydrogen fuel cell (propeller),0.0
7305.271542664449,360.5128205128205,Hydrogen fuel cell (propeller),0.0
8547.08812559251,360.5128205128205,Hydrogen fuel cell (propeller),0.0
10000.0,360.5128205128205,Hydrogen fuel cell (propeller),0.0
10.0,368.71794871794873,Hydrogen fuel cell (propeller),0.0
11.69989106589066,368.71794871794873,Hydrogen fuel cell (propeller),0.0
13.688745095370805,368.71794871794873,Hydrogen fuel cell (propeller),0.0
16.015682644458355,368.71794871794873,Hydrogen fuel cell (propeller),0.0
18.73817422860384,368.71794871794873,Hydrogen fuel cell (propeller),0.0
21.923459724834466,368.71794871794873,Hydrogen fuel cell (propeller),0.0
25.650209056800456,368.71794871794873,Hydrogen fuel cell (propeller),0.0
30.010465178188735,368.71794871794873,Hydrogen fuel cell (propeller),0.0
35.11191734215131,368.71794871794873,Hydrogen fuel cell (propeller),0.0
41.08056080177274,368.71794871794873,Hydrogen fuel cell (propeller),0.0
48.06380863064389,368.71794871794873,Hydrogen fuel cell (propeller),0.0
56.23413251903491,368.71794871794873,Hydrogen fuel cell (propeller),0.0
65.79332246575679,368.71794871794873,Hydrogen fuel cell (propeller),0.0
76.9774705712371,368.71794871794873,Hydrogen fuel cell (propeller),0.0
90.06280202112787,368.71794871794873,Hydrogen fuel cell (propeller),0.0
105.37249727360725,368.71794871794873,Hydrogen fuel cell (propeller),0.0
123.28467394420659,368.71794871794873,Hydrogen fuel cell (propeller),0.0
144.24172552410664,368.71794871794873,Hydrogen fuel cell (propeller),0.0
168.7612475788147,368.71794871794873,Hydrogen fuel cell (propeller),0.0
197.44882128159367,368.71794871794873,Hydrogen fuel cell (propeller),0.0
231.0129700083158,368.71794871794873,Hydrogen fuel cell (propeller),0.0
270.28265839051625,368.71794871794873,Hydrogen fuel cell (propeller),0.0
316.22776601683796,368.71794871794873,Hydrogen fuel cell (propeller),0.0
369.9830414406966,368.71794871794873,Hydrogen fuel cell (propeller),0.0
432.8761281083057,368.71794871794873,Hydrogen fuel cell (propeller),0.0
506.4603543891704,368.71794871794873,Hydrogen fuel cell (propeller),0.0
592.5530975545674,368.71794871794873,Hydrogen fuel cell (propeller),0.0
693.2806692144524,368.71794871794873,Hydrogen fuel cell (propeller),0.0
811.1308307896873,368.71794871794873,Hydrogen fuel cell (propeller),0.0
949.0142360424725,368.71794871794873,Hydrogen fuel cell (propeller),0.0
1110.336318167638,368.71794871794873,Hydrogen fuel cell (propeller),0.0
1299.0813969063468,368.71794871794873,Hydrogen fuel cell (propeller),0.0
1519.9110829529332,368.71794871794873,Hydrogen fuel cell (propeller),0.0
1778.2794100389228,368.71794871794873,Hydrogen fuel cell (propeller),0.0
2080.5675382171694,368.71794871794873,Hydrogen fuel cell (propeller),0.0
2434.2413552369194,368.71794871794873,Hydrogen fuel cell (propeller),0.0
2848.035868435799,368.71794871794873,Hydrogen fuel cell (propeller),0.0
3332.1709412448167,368.71794871794873,Hydrogen fuel cell (propeller),0.0
3898.603702549072,368.71794871794873,Hydrogen fuel cell (propeller),0.0
4561.323862890211,368.71794871794873,Hydrogen fuel cell (propeller),0.0
5336.699231206308,368.71794871794873,Hydrogen fuel cell (propeller),0.0
6243.879965653626,368.71794871794873,Hydrogen fuel cell (propeller),0.0
7305.271542664449,368.71794871794873,Hydrogen fuel cell (propeller),0.0
8547.08812559251,368.71794871794873,Hydrogen fuel cell (propeller),0.0
10000.0,368.71794871794873,Hydrogen fuel cell (propeller),0.0
10.0,376.9230769230769,Hydrogen fuel cell (propeller),0.0
11.69989106589066,376.9230769230769,Hydrogen fuel cell (propeller),0.0
13.688745095370805,376.9230769230769,Hydrogen fuel cell (propeller),0.0
16.015682644458355,376.9230769230769,Hydrogen fuel cell (propeller),0.0
18.73817422860384,376.9230769230769,Hydrogen fuel cell (propeller),0.0
21.923459724834466,376.9230769230769,Hydrogen fuel cell (propeller),0.0
25.650209056800456,376.9230769230769,Hydrogen fuel cell (propeller),0.0
30.010465178188735,376.9230769230769,Hydrogen fuel cell (propeller),0.0
35.11191734215131,376.9230769230769,Hydrogen fuel cell (propeller),0.0
41.08056080177274,376.9230769230769,Hydrogen fuel cell (propeller),0.0
48.06380863064389,376.9230769230769,Hydrogen fuel cell (propeller),0.0
56.23413251903491,376.9230769230769,Hydrogen fuel cell (propeller),0.0
65.79332246575679,376.9230769230769,Hydrogen fuel cell (propeller),0.0
76.9774705712371,376.9230769230769,Hydrogen fuel cell (propeller),0.0
90.06280202112787,376.9230769230769,Hydrogen fuel cell (propeller),0.0
105.37249727360725,376.9230769230769,Hydrogen fuel cell (propeller),0.0
123.28467394420659,376.9230769230769,Hydrogen fuel cell (propeller),0.0
144.24172552410664,376.9230769230769,Hydrogen fuel cell (propeller),0.0
168.7612475788147,376.9230769230769,Hydrogen fuel cell (propeller),0.0
197.44882128159367,376.9230769230769,Hydrogen fuel cell (propeller),0.0
231.0129700083158,376.9230769230769,Hydrogen fuel cell (propeller),0.0
270.28265839051625,376.9230769230769,Hydrogen fuel cell (propeller),0.0
316.22776601683796,376.9230769230769,Hydrogen fuel cell (propeller),0.0
369.9830414406966,376.9230769230769,Hydrogen fuel cell (propeller),0.0
432.8761281083057,376.9230769230769,Hydrogen fuel cell (propeller),0.0
506.4603543891704,376.9230769230769,Hydrogen fuel cell (propeller),0.0
592.5530975545674,376.9230769230769,Hydrogen fuel cell (propeller),0.0
693.2806692144524,376.9230769230769,Hydrogen fuel cell (propeller),0.0
811.1308307896873,376.9230769230769,Hydrogen fuel cell (propeller),0.0
949.0142360424725,376.9230769230769,Hydrogen fuel cell (propeller),0.0
1110.336318167638,376.9230769230769,Hydrogen fuel cell (propeller),0.0
1299.0813969063468,376.9230769230769,Hydrogen fuel cell (propeller),0.0
1519.9110829529332,376.9230769230769,Hydrogen fuel cell (propeller),0.0
1778.2794100389228,376.9230769230769,Hydrogen fuel cell (propeller),0.0
2080.5675382171694,376.9230769230769,Hydrogen fuel cell (propeller),0.0
2434.2413552369194,376.9230769230769,Hydrogen fuel cell (propeller),0.0
2848.035868435799,376.9230769230769,Hydrogen fuel cell (propeller),0.0
3332.1709412448167,376.9230769230769,Hydrogen fuel cell (propeller),0.0
3898.603702549072,376.9230769230769,Hydrogen fuel cell (propeller),0.0
4561.323862890211,376.9230769230769,Hydrogen fuel cell (propeller),0.0
5336.699231206308,376.9230769230769,Hydrogen fuel cell (propeller),0.0
6243.879965653626,376.9230769230769,Hydrogen fuel cell (propeller),0.0
7305.271542664449,376.9230769230769,Hydrogen fuel cell (propeller),0.0
8547.08812559251,376.9230769230769,Hydrogen fuel cell (propeller),0.0
10000.0,376.9230769230769,Hydrogen fuel cell (propeller),0.0
10.0,385.1282051282051,Hydrogen fuel cell (propeller),0.0
11.69989106589066,385.1282051282051,Hydrogen fuel cell (propeller),0.0
13.688745095370805,385.1282051282051,Hydrogen fuel cell (propeller),0.0
16.015682644458355,385.1282051282051,Hydrogen fuel cell (propeller),0.0
18.73817422860384,385.1282051282051,Hydrogen fuel cell (propeller),0.0
21.923459724834466,385.1282051282051,Hydrogen fuel cell (propeller),0.0
25.650209056800456,385.1282051282051,Hydrogen fuel cell (propeller),0.0
30.010465178188735,385.1282051282051,Hydrogen fuel cell (propeller),0.0
35.11191734215131,385.1282051282051,Hydrogen fuel cell (propeller),0.0
41.08056080177274,385.1282051282051,Hydrogen fuel cell (propeller),0.0
48.06380863064389,385.1282051282051,Hydrogen fuel cell (propeller),0.0
56.23413251903491,385.1282051282051,Hydrogen fuel cell (propeller),0.0
65.79332246575679,385.1282051282051,Hydrogen fuel cell (propeller),0.0
76.9774705712371,385.1282051282051,Hydrogen fuel cell (propeller),0.0
90.06280202112787,385.1282051282051,Hydrogen fuel cell (propeller),0.0
105.37249727360725,385.1282051282051,Hydrogen fuel cell (propeller),0.0
123.28467394420659,385.1282051282051,Hydrogen fuel cell (propeller),0.0
144.24172552410664,385.1282051282051,Hydrogen fuel cell (propeller),0.0
168.7612475788147,385.1282051282051,Hydrogen fuel cell (propeller),0.0
197.44882128159367,385.1282051282051,Hydrogen fuel cell (propeller),0.0
231.0129700083158,385.1282051282051,Hydrogen fuel cell (propeller),0.0
270.28265839051625,385.1282051282051,Hydrogen fuel cell (propeller),0.0
316.22776601683796,385.1282051282051,Hydrogen fuel cell (propeller),0.0
369.9830414406966,385.1282051282051,Hydrogen fuel cell (propeller),0.0
432.8761281083057,385.1282051282051,Hydrogen fuel cell (propeller),0.0
506.4603543891704,385.1282051282051,Hydrogen fuel cell (propeller),0.0
592.5530975545674,385.1282051282051,Hydrogen fuel cell (propeller),0.0
693.2806692144524,385.1282051282051,Hydrogen fuel cell (propeller),0.0
811.1308307896873,385.1282051282051,Hydrogen fuel cell (propeller),0.0
949.0142360424725,385.1282051282051,Hydrogen fuel cell (propeller),0.0
1110.336318167638,385.1282051282051,Hydrogen fuel cell (propeller),0.0
1299.0813969063468,385.1282051282051,Hydrogen fuel cell (propeller),0.0
1519.9110829529332,385.1282051282051,Hydrogen fuel cell (propeller),0.0
1778.2794100389228,385.1282051282051,Hydrogen fuel cell (propeller),0.0
2080.5675382171694,385.1282051282051,Hydrogen fuel cell (propeller),0.0
2434.2413552369194,385.1282051282051,Hydrogen fuel cell (propeller),0.0
2848.035868435799,385.1282051282051,Hydrogen fuel cell (propeller),0.0
3332.1709412448167,385.1282051282051,Hydrogen fuel cell (propeller),0.0
3898.603702549072,385.1282051282051,Hydrogen fuel cell (propeller),0.0
4561.323862890211,385.1282051282051,Hydrogen fuel cell (propeller),0.0
5336.699231206308,385.1282051282051,Hydrogen fuel cell (propeller),0.0
6243.879965653626,385.1282051282051,Hydrogen fuel cell (propeller),0.0
7305.271542664449,385.1282051282051,Hydrogen fuel cell (propeller),0.0
8547.08812559251,385.1282051282051,Hydrogen fuel cell (propeller),0.0
10000.0,385.1282051282051,Hydrogen fuel cell (propeller),0.0
10.0,393.3333333333333,Hydrogen fuel cell (propeller),0.0
11.69989106589066,393.3333333333333,Hydrogen fuel cell (propeller),0.0
13.688745095370805,393.3333333333333,Hydrogen fuel cell (propeller),0.0
16.015682644458355,393.3333333333333,Hydrogen fuel cell (propeller),0.0
18.73817422860384,393.3333333333333,Hydrogen fuel cell (propeller),0.0
21.923459724834466,393.3333333333333,Hydrogen fuel cell (propeller),0.0
25.650209056800456,393.3333333333333,Hydrogen fuel cell (propeller),0.0
30.010465178188735,393.3333333333333,Hydrogen fuel cell (propeller),0.0
35.11191734215131,393.3333333333333,Hydrogen fuel cell (propeller),0.0
41.08056080177274,393.3333333333333,Hydrogen fuel cell (propeller),0.0
48.06380863064389,393.3333333333333,Hydrogen fuel cell (propeller),0.0
56.23413251903491,393.3333333333333,Hydrogen fuel cell (propeller),0.0
65.79332246575679,393.3333333333333,Hydrogen fuel cell (propeller),0.0
76.9774705712371,393.3333333333333,Hydrogen fuel cell (propeller),0.0
90.06280202112787,393.3333333333333,Hydrogen fuel cell (propeller),0.0
105.37249727360725,393.3333333333333,Hydrogen fuel cell (propeller),0.0
123.28467394420659,393.3333333333333,Hydrogen fuel cell (propeller),0.0
144.24172552410664,393.3333333333333,Hydrogen fuel cell (propeller),0.0
168.7612475788147,393.3333333333333,Hydrogen fuel cell (propeller),0.0
197.44882128159367,393.3333333333333,Hydrogen fuel cell (propeller),0.0
231.0129700083158,393.3333333333333,Hydrogen fuel cell (propeller),0.0
270.28265839051625,393.3333333333333,Hydrogen fuel cell (propeller),0.0
316.22776601683796,393.3333333333333,Hydrogen fuel cell (propeller),0.0
369.9830414406966,393.3333333333333,Hydrogen fuel cell (propeller),0.0
432.8761281083057,393.3333333333333,Hydrogen fuel cell (propeller),0.0
506.4603543891704,393.3333333333333,Hydrogen fuel cell (propeller),0.0
592.5530975545674,393.3333333333333,Hydrogen fuel cell (propeller),0.0
693.2806692144524,393.3333333333333,Hydrogen fuel cell (propeller),0.0
811.1308307896873,393.3333333333333,Hydrogen fuel cell (propeller),0.0
949.0142360424725,393.3333333333333,Hydrogen fuel cell (propeller),0.0
1110.336318167638,393.3333333333333,Hydrogen fuel cell (propeller),0.0
1299.0813969063468,393.3333333333333,Hydrogen fuel cell (propeller),0.0
1519.9110829529332,393.3333333333333,Hydrogen fuel cell (propeller),0.0
1778.2794100389228,393.3333333333333,Hydrogen fuel cell (propeller),0.0
2080.5675382171694,393.3333333333333,Hydrogen fuel cell (propeller),0.0
2434.2413552369194,393.3333333333333,Hydrogen fuel cell (propeller),0.0
2848.035868435799,393.3333333333333,Hydrogen fuel cell (propeller),0.0
3332.1709412448167,393.3333333333333,Hydrogen fuel cell (propeller),0.0
3898.603702549072,393.3333333333333,Hydrogen fuel cell (propeller),0.0
4561.323862890211,393.3333333333333,Hydrogen fuel cell (propeller),0.0
5336.699231206308,393.3333333333333,Hydrogen fuel cell (propeller),0.0
6243.879965653626,393.3333333333333,Hydrogen fuel cell (propeller),0.0
7305.271542664449,393.3333333333333,Hydrogen fuel cell (propeller),0.0
8547.08812559251,393.3333333333333,Hydrogen fuel cell (propeller),0.0
10000.0,393.3333333333333,Hydrogen fuel cell (propeller),0.0
10.0,401.53846153846155,Hydrogen fuel cell (propeller),0.0
11.69989106589066,401.53846153846155,Hydrogen fuel cell (propeller),0.0
13.688745095370805,401.53846153846155,Hydrogen fuel cell (propeller),0.0
16.015682644458355,401.53846153846155,Hydrogen fuel cell (propeller),0.0
18.73817422860384,401.53846153846155,Hydrogen fuel cell (propeller),0.0
21.923459724834466,401.53846153846155,Hydrogen fuel cell (propeller),0.0
25.650209056800456,401.53846153846155,Hydrogen fuel cell (propeller),0.0
30.010465178188735,401.53846153846155,Hydrogen fuel cell (propeller),0.0
35.11191734215131,401.53846153846155,Hydrogen fuel cell (propeller),0.0
41.08056080177274,401.53846153846155,Hydrogen fuel cell (propeller),0.0
48.06380863064389,401.53846153846155,Hydrogen fuel cell (propeller),0.0
56.23413251903491,401.53846153846155,Hydrogen fuel cell (propeller),0.0
65.79332246575679,401.53846153846155,Hydrogen fuel cell (propeller),0.0
76.9774705712371,401.53846153846155,Hydrogen fuel cell (propeller),0.0
90.06280202112787,401.53846153846155,Hydrogen fuel cell (propeller),0.0
105.37249727360725,401.53846153846155,Hydrogen fuel cell (propeller),0.0
123.28467394420659,401.53846153846155,Hydrogen fuel cell (propeller),0.0
144.24172552410664,401.53846153846155,Hydrogen fuel cell (propeller),0.0
168.7612475788147,401.53846153846155,Hydrogen fuel cell (propeller),0.0
197.44882128159367,401.53846153846155,Hydrogen fuel cell (propeller),0.0
231.0129700083158,401.53846153846155,Hydrogen fuel cell (propeller),0.0
270.28265839051625,401.53846153846155,Hydrogen fuel cell (propeller),0.0
316.22776601683796,401.53846153846155,Hydrogen fuel cell (propeller),0.0
369.9830414406966,401.53846153846155,Hydrogen fuel cell (propeller),0.0
432.8761281083057,401.53846153846155,Hydrogen fuel cell (propeller),0.0
506.4603543891704,401.53846153846155,Hydrogen fuel cell (propeller),0.0
592.5530975545674,401.53846153846155,Hydrogen fuel cell (propeller),0.0
693.2806692144524,401.53846153846155,Hydrogen fuel cell (propeller),0.0
811.1308307896873,401.53846153846155,Hydrogen fuel cell (propeller),0.0
949.0142360424725,401.53846153846155,Hydrogen fuel cell (propeller),0.0
1110.336318167638,401.53846153846155,Hydrogen fuel cell (propeller),0.0
1299.0813969063468,401.53846153846155,Hydrogen fuel cell (propeller),0.0
1519.9110829529332,401.53846153846155,Hydrogen fuel cell (propeller),0.0
1778.2794100389228,401.53846153846155,Hydrogen fuel cell (propeller),0.0
2080.5675382171694,401.53846153846155,Hydrogen fuel cell (propeller),0.0
2434.2413552369194,401.53846153846155,Hydrogen fuel cell (propeller),0.0
2848.035868435799,401.53846153846155,Hydrogen fuel cell (propeller),0.0
3332.1709412448167,401.53846153846155,Hydrogen fuel cell (propeller),0.0
3898.603702549072,401.53846153846155,Hydrogen fuel cell (propeller),0.0
4561.323862890211,401.53846153846155,Hydrogen fuel cell (propeller),0.0
5336.699231206308,401.53846153846155,Hydrogen fuel cell (propeller),0.0
6243.879965653626,401.53846153846155,Hydrogen fuel cell (propeller),0.0
7305.271542664449,401.53846153846155,Hydrogen fuel cell (propeller),0.0
8547.08812559251,401.53846153846155,Hydrogen fuel cell (propeller),0.0
10000.0,401.53846153846155,Hydrogen fuel cell (propeller),0.0
10.0,409.7435897435897,Hydrogen fuel cell (propeller),0.0
11.69989106589066,409.7435897435897,Hydrogen fuel cell (propeller),0.0
13.688745095370805,409.7435897435897,Hydrogen fuel cell (propeller),0.0
16.015682644458355,409.7435897435897,Hydrogen fuel cell (propeller),0.0
18.73817422860384,409.7435897435897,Hydrogen fuel cell (propeller),0.0
21.923459724834466,409.7435897435897,Hydrogen fuel cell (propeller),0.0
25.650209056800456,409.7435897435897,Hydrogen fuel cell (propeller),0.0
30.010465178188735,409.7435897435897,Hydrogen fuel cell (propeller),0.0
35.11191734215131,409.7435897435897,Hydrogen fuel cell (propeller),0.0
41.08056080177274,409.7435897435897,Hydrogen fuel cell (propeller),0.0
48.06380863064389,409.7435897435897,Hydrogen fuel cell (propeller),0.0
56.23413251903491,409.7435897435897,Hydrogen fuel cell (propeller),0.0
65.79332246575679,409.7435897435897,Hydrogen fuel cell (propeller),0.0
76.9774705712371,409.7435897435897,Hydrogen fuel cell (propeller),0.0
90.06280202112787,409.7435897435897,Hydrogen fuel cell (propeller),0.0
105.37249727360725,409.7435897435897,Hydrogen fuel cell (propeller),0.0
123.28467394420659,409.7435897435897,Hydrogen fuel cell (propeller),0.0
144.24172552410664,409.7435897435897,Hydrogen fuel cell (propeller),0.0
168.7612475788147,409.7435897435897,Hydrogen fuel cell (propeller),0.0
197.44882128159367,409.7435897435897,Hydrogen fuel cell (propeller),0.0
231.0129700083158,409.7435897435897,Hydrogen fuel cell (propeller),0.0
270.28265839051625,409.7435897435897,Hydrogen fuel cell (propeller),0.0
316.22776601683796,409.7435897435897,Hydrogen fuel cell (propeller),0.0
369.9830414406966,409.7435897435897,Hydrogen fuel cell (propeller),0.0
432.8761281083057,409.7435897435897,Hydrogen fuel cell (propeller),0.0
506.4603543891704,409.7435897435897,Hydrogen fuel cell (propeller),0.0
592.5530975545674,409.7435897435897,Hydrogen fuel cell (propeller),0.0
693.2806692144524,409.7435897435897,Hydrogen fuel cell (propeller),0.0
811.1308307896873,409.7435897435897,Hydrogen fuel cell (propeller),0.0
949.0142360424725,409.7435897435897,Hydrogen fuel cell (propeller),0.0
1110.336318167638,409.7435897435897,Hydrogen fuel cell (propeller),0.0
1299.0813969063468,409.7435897435897,Hydrogen fuel cell (propeller),0.0
1519.9110829529332,409.7435897435897,Hydrogen fuel cell (propeller),0.0
1778.2794100389228,409.7435897435897,Hydrogen fuel cell (propeller),0.0
2080.5675382171694,409.7435897435897,Hydrogen fuel cell (propeller),0.0
2434.2413552369194,409.7435897435897,Hydrogen fuel cell (propeller),0.0
2848.035868435799,409.7435897435897,Hydrogen fuel cell (propeller),0.0
3332.1709412448167,409.7435897435897,Hydrogen fuel cell (propeller),0.0
3898.603702549072,409.7435897435897,Hydrogen fuel cell (propeller),0.0
4561.323862890211,409.7435897435897,Hydrogen fuel cell (propeller),0.0
5336.699231206308,409.7435897435897,Hydrogen fuel cell (propeller),0.0
6243.879965653626,409.7435897435897,Hydrogen fuel cell (propeller),0.0
7305.271542664449,409.7435897435897,Hydrogen fuel cell (propeller),0.0
8547.08812559251,409.7435897435897,Hydrogen fuel cell (propeller),0.0
10000.0,409.7435897435897,Hydrogen fuel cell (propeller),0.0
10.0,417.9487179487179,Hydrogen fuel cell (propeller),0.0
11.69989106589066,417.9487179487179,Hydrogen fuel cell (propeller),0.0
13.688745095370805,417.9487179487179,Hydrogen fuel cell (propeller),0.0
16.015682644458355,417.9487179487179,Hydrogen fuel cell (propeller),0.0
18.73817422860384,417.9487179487179,Hydrogen fuel cell (propeller),0.0
21.923459724834466,417.9487179487179,Hydrogen fuel cell (propeller),0.0
25.650209056800456,417.9487179487179,Hydrogen fuel cell (propeller),0.0
30.010465178188735,417.9487179487179,Hydrogen fuel cell (propeller),0.0
35.11191734215131,417.9487179487179,Hydrogen fuel cell (propeller),0.0
41.08056080177274,417.9487179487179,Hydrogen fuel cell (propeller),0.0
48.06380863064389,417.9487179487179,Hydrogen fuel cell (propeller),0.0
56.23413251903491,417.9487179487179,Hydrogen fuel cell (propeller),0.0
65.79332246575679,417.9487179487179,Hydrogen fuel cell (propeller),0.0
76.9774705712371,417.9487179487179,Hydrogen fuel cell (propeller),0.0
90.06280202112787,417.9487179487179,Hydrogen fuel cell (propeller),0.0
105.37249727360725,417.9487179487179,Hydrogen fuel cell (propeller),0.0
123.28467394420659,417.9487179487179,Hydrogen fuel cell (propeller),0.0
144.24172552410664,417.9487179487179,Hydrogen fuel cell (propeller),0.0
168.7612475788147,417.9487179487179,Hydrogen fuel cell (propeller),0.0
197.44882128159367,417.9487179487179,Hydrogen fuel cell (propeller),0.0
231.0129700083158,417.9487179487179,Hydrogen fuel cell (propeller),0.0
270.28265839051625,417.9487179487179,Hydrogen fuel cell (propeller),0.0
316.22776601683796,417.9487179487179,Hydrogen fuel cell (propeller),0.0
369.9830414406966,417.9487179487179,Hydrogen fuel cell (propeller),0.0
432.8761281083057,417.9487179487179,Hydrogen fuel cell (propeller),0.0
506.4603543891704,417.9487179487179,Hydrogen fuel cell (propeller),0.0
592.5530975545674,417.9487179487179,Hydrogen fuel cell (propeller),0.0
693.2806692144524,417.9487179487179,Hydrogen fuel cell (propeller),0.0
811.1308307896873,417.9487179487179,Hydrogen fuel cell (propeller),0.0
949.0142360424725,417.9487179487179,Hydrogen fuel cell (propeller),0.0
1110.336318167638,417.9487179487179,Hydrogen fuel cell (propeller),0.0
1299.0813969063468,417.9487179487179,Hydrogen fuel cell (propeller),0.0
1519.9110829529332,417.9487179487179,Hydrogen fuel cell (propeller),0.0
1778.2794100389228,417.9487179487179,Hydrogen fuel cell (propeller),0.0
2080.5675382171694,417.9487179487179,Hydrogen fuel cell (propeller),0.0
2434.2413552369194,417.9487179487179,Hydrogen fuel cell (propeller),0.0
2848.035868435799,417.9487179487179,Hydrogen fuel cell (propeller),0.0
3332.1709412448167,417.9487179487179,Hydrogen fuel cell (propeller),0.0
3898.603702549072,417.9487179487179,Hydrogen fuel cell (propeller),0.0
4561.323862890211,417.9487179487179,Hydrogen fuel cell (propeller),0.0
5336.699231206308,417.9487179487179,Hydrogen fuel cell (propeller),0.0
6243.879965653626,417.9487179487179,Hydrogen fuel cell (propeller),0.0
7305.271542664449,417.9487179487179,Hydrogen fuel cell (propeller),0.0
8547.08812559251,417.9487179487179,Hydrogen fuel cell (propeller),0.0
10000.0,417.9487179487179,Hydrogen fuel cell (propeller),0.0
10.0,426.15384615384613,Hydrogen fuel cell (propeller),0.0
11.69989106589066,426.15384615384613,Hydrogen fuel cell (propeller),0.0
13.688745095370805,426.15384615384613,Hydrogen fuel cell (propeller),0.0
16.015682644458355,426.15384615384613,Hydrogen fuel cell (propeller),0.0
18.73817422860384,426.15384615384613,Hydrogen fuel cell (propeller),0.0
21.923459724834466,426.15384615384613,Hydrogen fuel cell (propeller),0.0
25.650209056800456,426.15384615384613,Hydrogen fuel cell (propeller),0.0
30.010465178188735,426.15384615384613,Hydrogen fuel cell (propeller),0.0
35.11191734215131,426.15384615384613,Hydrogen fuel cell (propeller),0.0
41.08056080177274,426.15384615384613,Hydrogen fuel cell (propeller),0.0
48.06380863064389,426.15384615384613,Hydrogen fuel cell (propeller),0.0
56.23413251903491,426.15384615384613,Hydrogen fuel cell (propeller),0.0
65.79332246575679,426.15384615384613,Hydrogen fuel cell (propeller),0.0
76.9774705712371,426.15384615384613,Hydrogen fuel cell (propeller),0.0
90.06280202112787,426.15384615384613,Hydrogen fuel cell (propeller),0.0
105.37249727360725,426.15384615384613,Hydrogen fuel cell (propeller),0.0
123.28467394420659,426.15384615384613,Hydrogen fuel cell (propeller),0.0
144.24172552410664,426.15384615384613,Hydrogen fuel cell (propeller),0.0
168.7612475788147,426.15384615384613,Hydrogen fuel cell (propeller),0.0
197.44882128159367,426.15384615384613,Hydrogen fuel cell (propeller),0.0
231.0129700083158,426.15384615384613,Hydrogen fuel cell (propeller),0.0
270.28265839051625,426.15384615384613,Hydrogen fuel cell (propeller),0.0
316.22776601683796,426.15384615384613,Hydrogen fuel cell (propeller),0.0
369.9830414406966,426.15384615384613,Hydrogen fuel cell (propeller),0.0
432.8761281083057,426.15384615384613,Hydrogen fuel cell (propeller),0.0
506.4603543891704,426.15384615384613,Hydrogen fuel cell (propeller),0.0
592.5530975545674,426.15384615384613,Hydrogen fuel cell (propeller),0.0
693.2806692144524,426.15384615384613,Hydrogen fuel cell (propeller),0.0
811.1308307896873,426.15384615384613,Hydrogen fuel cell (propeller),0.0
949.0142360424725,426.15384615384613,Hydrogen fuel cell (propeller),0.0
1110.336318167638,426.15384615384613,Hydrogen fuel cell (propeller),0.0
1299.0813969063468,426.15384615384613,Hydrogen fuel cell (propeller),0.0
1519.9110829529332,426.15384615384613,Hydrogen fuel cell (propeller),0.0
1778.2794100389228,426.15384615384613,Hydrogen fuel cell (propeller),0.0
2080.5675382171694,426.15384615384613,Hydrogen fuel cell (propeller),0.0
2434.2413552369194,426.15384615384613,Hydrogen fuel cell (propeller),0.0
2848.035868435799,426.15384615384613,Hydrogen fuel cell (propeller),0.0
3332.1709412448167,426.15384615384613,Hydrogen fuel cell (propeller),0.0
3898.603702549072,426.15384615384613,Hydrogen fuel cell (propeller),0.0
4561.323862890211,426.15384615384613,Hydrogen fuel cell (propeller),0.0
5336.699231206308,426.15384615384613,Hydrogen fuel cell (propeller),0.0
6243.879965653626,426.15384615384613,Hydrogen fuel cell (propeller),0.0
7305.271542664449,426.15384615384613,Hydrogen fuel cell (propeller),0.0
8547.08812559251,426.15384615384613,Hydrogen fuel cell (propeller),0.0
10000.0,426.15384615384613,Hydrogen fuel cell (propeller),0.0
10.0,434.35897435897436,Hydrogen fuel cell (propeller),0.0
11.69989106589066,434.35897435897436,Hydrogen fuel cell (propeller),0.0
13.688745095370805,434.35897435897436,Hydrogen fuel cell (propeller),0.0
16.015682644458355,434.35897435897436,Hydrogen fuel cell (propeller),0.0
18.73817422860384,434.35897435897436,Hydrogen fuel cell (propeller),0.0
21.923459724834466,434.35897435897436,Hydrogen fuel cell (propeller),0.0
25.650209056800456,434.35897435897436,Hydrogen fuel cell (propeller),0.0
30.010465178188735,434.35897435897436,Hydrogen fuel cell (propeller),0.0
35.11191734215131,434.35897435897436,Hydrogen fuel cell (propeller),0.0
41.08056080177274,434.35897435897436,Hydrogen fuel cell (propeller),0.0
48.06380863064389,434.35897435897436,Hydrogen fuel cell (propeller),0.0
56.23413251903491,434.35897435897436,Hydrogen fuel cell (propeller),0.0
65.79332246575679,434.35897435897436,Hydrogen fuel cell (propeller),0.0
76.9774705712371,434.35897435897436,Hydrogen fuel cell (propeller),0.0
90.06280202112787,434.35897435897436,Hydrogen fuel cell (propeller),0.0
105.37249727360725,434.35897435897436,Hydrogen fuel cell (propeller),0.0
123.28467394420659,434.35897435897436,Hydrogen fuel cell (propeller),0.0
144.24172552410664,434.35897435897436,Hydrogen fuel cell (propeller),0.0
168.7612475788147,434.35897435897436,Hydrogen fuel cell (propeller),0.0
197.44882128159367,434.35897435897436,Hydrogen fuel cell (propeller),0.0
231.0129700083158,434.35897435897436,Hydrogen fuel cell (propeller),0.0
270.28265839051625,434.35897435897436,Hydrogen fuel cell (propeller),0.0
316.22776601683796,434.35897435897436,Hydrogen fuel cell (propeller),0.0
369.9830414406966,434.35897435897436,Hydrogen fuel cell (propeller),0.0
432.8761281083057,434.35897435897436,Hydrogen fuel cell (propeller),0.0
506.4603543891704,434.35897435897436,Hydrogen fuel cell (propeller),0.0
592.5530975545674,434.35897435897436,Hydrogen fuel cell (propeller),0.0
693.2806692144524,434.35897435897436,Hydrogen fuel cell (propeller),0.0
811.1308307896873,434.35897435897436,Hydrogen fuel cell (propeller),0.0
949.0142360424725,434.35897435897436,Hydrogen fuel cell (propeller),0.0
1110.336318167638,434.35897435897436,Hydrogen fuel cell (propeller),0.0
1299.0813969063468,434.35897435897436,Hydrogen fuel cell (propeller),0.0
1519.9110829529332,434.35897435897436,Hydrogen fuel cell (propeller),0.0
1778.2794100389228,434.35897435897436,Hydrogen fuel cell (propeller),0.0
2080.5675382171694,434.35897435897436,Hydrogen fuel cell (propeller),0.0
2434.2413552369194,434.35897435897436,Hydrogen fuel cell (propeller),0.0
2848.035868435799,434.35897435897436,Hydrogen fuel cell (propeller),0.0
3332.1709412448167,434.35897435897436,Hydrogen fuel cell (propeller),0.0
3898.603702549072,434.35897435897436,Hydrogen fuel cell (propeller),0.0
4561.323862890211,434.35897435897436,Hydrogen fuel cell (propeller),0.0
5336.699231206308,434.35897435897436,Hydrogen fuel cell (propeller),0.0
6243.879965653626,434.35897435897436,Hydrogen fuel cell (propeller),0.0
7305.271542664449,434.35897435897436,Hydrogen fuel cell (propeller),0.0
8547.08812559251,434.35897435897436,Hydrogen fuel cell (propeller),0.0
10000.0,434.35897435897436,Hydrogen fuel cell (propeller),0.0
10.0,442.56410256410254,Hydrogen fuel cell (propeller),0.0
11.69989106589066,442.56410256410254,Hydrogen fuel cell (propeller),0.0
13.688745095370805,442.56410256410254,Hydrogen fuel cell (propeller),0.0
16.015682644458355,442.56410256410254,Hydrogen fuel cell (propeller),0.0
18.73817422860384,442.56410256410254,Hydrogen fuel cell (propeller),0.0
21.923459724834466,442.56410256410254,Hydrogen fuel cell (propeller),0.0
25.650209056800456,442.56410256410254,Hydrogen fuel cell (propeller),0.0
30.010465178188735,442.56410256410254,Hydrogen fuel cell (propeller),0.0
35.11191734215131,442.56410256410254,Hydrogen fuel cell (propeller),0.0
41.08056080177274,442.56410256410254,Hydrogen fuel cell (propeller),0.0
48.06380863064389,442.56410256410254,Hydrogen fuel cell (propeller),0.0
56.23413251903491,442.56410256410254,Hydrogen fuel cell (propeller),0.0
65.79332246575679,442.56410256410254,Hydrogen fuel cell (propeller),0.0
76.9774705712371,442.56410256410254,Hydrogen fuel cell (propeller),0.0
90.06280202112787,442.56410256410254,Hydrogen fuel cell (propeller),0.0
105.37249727360725,442.56410256410254,Hydrogen fuel cell (propeller),0.0
123.28467394420659,442.56410256410254,Hydrogen fuel cell (propeller),0.0
144.24172552410664,442.56410256410254,Hydrogen fuel cell (propeller),0.0
168.7612475788147,442.56410256410254,Hydrogen fuel cell (propeller),0.0
197.44882128159367,442.56410256410254,Hydrogen fuel cell (propeller),0.0
231.0129700083158,442.56410256410254,Hydrogen fuel cell (propeller),0.0
270.28265839051625,442.56410256410254,Hydrogen fuel cell (propeller),0.0
316.22776601683796,442.56410256410254,Hydrogen fuel cell (propeller),0.0
369.9830414406966,442.56410256410254,Hydrogen fuel cell (propeller),0.0
432.8761281083057,442.56410256410254,Hydrogen fuel cell (propeller),0.0
506.4603543891704,442.56410256410254,Hydrogen fuel cell (propeller),0.0
592.5530975545674,442.56410256410254,Hydrogen fuel cell (propeller),0.0
693.2806692144524,442.56410256410254,Hydrogen fuel cell (propeller),0.0
811.1308307896873,442.56410256410254,Hydrogen fuel cell (propeller),0.0
949.0142360424725,442.56410256410254,Hydrogen fuel cell (propeller),0.0
1110.336318167638,442.56410256410254,Hydrogen fuel cell (propeller),0.0
1299.0813969063468,442.56410256410254,Hydrogen fuel cell (propeller),0.0
1519.9110829529332,442.56410256410254,Hydrogen fuel cell (propeller),0.0
1778.2794100389228,442.56410256410254,Hydrogen fuel cell (propeller),0.0
2080.5675382171694,442.56410256410254,Hydrogen fuel cell (propeller),0.0
2434.2413552369194,442.56410256410254,Hydrogen fuel cell (propeller),0.0
2848.035868435799,442.56410256410254,Hydrogen fuel cell (propeller),0.0
3332.1709412448167,442.56410256410254,Hydrogen fuel cell (propeller),0.0
3898.603702549072,442.56410256410254,Hydrogen fuel cell (propeller),0.0
4561.323862890211,442.56410256410254,Hydrogen fuel cell (propeller),0.0
5336.699231206308,442.56410256410254,Hydrogen fuel cell (propeller),0.0
6243.879965653626,442.56410256410254,Hydrogen fuel cell (propeller),0.0
7305.271542664449,442.56410256410254,Hydrogen fuel cell (propeller),0.0
8547.08812559251,442.56410256410254,Hydrogen fuel cell (propeller),0.0
10000.0,442.56410256410254,Hydrogen fuel cell (propeller),0.0
10.0,450.7692307692307,Hydrogen fuel cell (propeller),0.0
11.69989106589066,450.7692307692307,Hydrogen fuel cell (propeller),0.0
13.688745095370805,450.7692307692307,Hydrogen fuel cell (propeller),0.0
16.015682644458355,450.7692307692307,Hydrogen fuel cell (propeller),0.0
18.73817422860384,450.7692307692307,Hydrogen fuel cell (propeller),0.0
21.923459724834466,450.7692307692307,Hydrogen fuel cell (propeller),0.0
25.650209056800456,450.7692307692307,Hydrogen fuel cell (propeller),0.0
30.010465178188735,450.7692307692307,Hydrogen fuel cell (propeller),0.0
35.11191734215131,450.7692307692307,Hydrogen fuel cell (propeller),0.0
41.08056080177274,450.7692307692307,Hydrogen fuel cell (propeller),0.0
48.06380863064389,450.7692307692307,Hydrogen fuel cell (propeller),0.0
56.23413251903491,450.7692307692307,Hydrogen fuel cell (propeller),0.0
65.79332246575679,450.7692307692307,Hydrogen fuel cell (propeller),0.0
76.9774705712371,450.7692307692307,Hydrogen fuel cell (propeller),0.0
90.06280202112787,450.7692307692307,Hydrogen fuel cell (propeller),0.0
105.37249727360725,450.7692307692307,Hydrogen fuel cell (propeller),0.0
123.28467394420659,450.7692307692307,Hydrogen fuel cell (propeller),0.0
144.24172552410664,450.7692307692307,Hydrogen fuel cell (propeller),0.0
168.7612475788147,450.7692307692307,Hydrogen fuel cell (propeller),0.0
197.44882128159367,450.7692307692307,Hydrogen fuel cell (propeller),0.0
231.0129700083158,450.7692307692307,Hydrogen fuel cell (propeller),0.0
270.28265839051625,450.7692307692307,Hydrogen fuel cell (propeller),0.0
316.22776601683796,450.7692307692307,Hydrogen fuel cell (propeller),0.0
369.9830414406966,450.7692307692307,Hydrogen fuel cell (propeller),0.0
432.8761281083057,450.7692307692307,Hydrogen fuel cell (propeller),0.0
506.4603543891704,450.7692307692307,Hydrogen fuel cell (propeller),0.0
592.5530975545674,450.7692307692307,Hydrogen fuel cell (propeller),0.0
693.2806692144524,450.7692307692307,Hydrogen fuel cell (propeller),0.0
811.1308307896873,450.7692307692307,Hydrogen fuel cell (propeller),0.0
949.0142360424725,450.7692307692307,Hydrogen fuel cell (propeller),0.0
1110.336318167638,450.7692307692307,Hydrogen fuel cell (propeller),0.0
1299.0813969063468,450.7692307692307,Hydrogen fuel cell (propeller),0.0
1519.9110829529332,450.7692307692307,Hydrogen fuel cell (propeller),0.0
1778.2794100389228,450.7692307692307,Hydrogen fuel cell (propeller),0.0
2080.5675382171694,450.7692307692307,Hydrogen fuel cell (propeller),0.0
2434.2413552369194,450.7692307692307,Hydrogen fuel cell (propeller),0.0
2848.035868435799,450.7692307692307,Hydrogen fuel cell (propeller),0.0
3332.1709412448167,450.7692307692307,Hydrogen fuel cell (propeller),0.0
3898.603702549072,450.7692307692307,Hydrogen fuel cell (propeller),0.0
4561.323862890211,450.7692307692307,Hydrogen fuel cell (propeller),0.0
5336.699231206308,450.7692307692307,Hydrogen fuel cell (propeller),0.0
6243.879965653626,450.7692307692307,Hydrogen fuel cell (propeller),0.0
7305.271542664449,450.7692307692307,Hydrogen fuel cell (propeller),0.0
8547.08812559251,450.7692307692307,Hydrogen fuel cell (propeller),0.0
10000.0,450.7692307692307,Hydrogen fuel cell (propeller),0.0
10.0,458.97435897435895,Hydrogen fuel cell (propeller),0.0
11.69989106589066,458.97435897435895,Hydrogen fuel cell (propeller),0.0
13.688745095370805,458.97435897435895,Hydrogen fuel cell (propeller),0.0
16.015682644458355,458.97435897435895,Hydrogen fuel cell (propeller),0.0
18.73817422860384,458.97435897435895,Hydrogen fuel cell (propeller),0.0
21.923459724834466,458.97435897435895,Hydrogen fuel cell (propeller),0.0
25.650209056800456,458.97435897435895,Hydrogen fuel cell (propeller),0.0
30.010465178188735,458.97435897435895,Hydrogen fuel cell (propeller),0.0
35.11191734215131,458.97435897435895,Hydrogen fuel cell (propeller),0.0
41.08056080177274,458.97435897435895,Hydrogen fuel cell (propeller),0.0
48.06380863064389,458.97435897435895,Hydrogen fuel cell (propeller),0.0
56.23413251903491,458.97435897435895,Hydrogen fuel cell (propeller),0.0
65.79332246575679,458.97435897435895,Hydrogen fuel cell (propeller),0.0
76.9774705712371,458.97435897435895,Hydrogen fuel cell (propeller),0.0
90.06280202112787,458.97435897435895,Hydrogen fuel cell (propeller),0.0
105.37249727360725,458.97435897435895,Hydrogen fuel cell (propeller),0.0
123.28467394420659,458.97435897435895,Hydrogen fuel cell (propeller),0.0
144.24172552410664,458.97435897435895,Hydrogen fuel cell (propeller),0.0
168.7612475788147,458.97435897435895,Hydrogen fuel cell (propeller),0.0
197.44882128159367,458.97435897435895,Hydrogen fuel cell (propeller),0.0
231.0129700083158,458.97435897435895,Hydrogen fuel cell (propeller),0.0
270.28265839051625,458.97435897435895,Hydrogen fuel cell (propeller),0.0
316.22776601683796,458.97435897435895,Hydrogen fuel cell (propeller),0.0
369.9830414406966,458.97435897435895,Hydrogen fuel cell (propeller),0.0
432.8761281083057,458.97435897435895,Hydrogen fuel cell (propeller),0.0
506.4603543891704,458.97435897435895,Hydrogen fuel cell (propeller),0.0
592.5530975545674,458.97435897435895,Hydrogen fuel cell (propeller),0.0
693.2806692144524,458.97435897435895,Hydrogen fuel cell (propeller),0.0
811.1308307896873,458.97435897435895,Hydrogen fuel cell (propeller),0.0
949.0142360424725,458.97435897435895,Hydrogen fuel cell (propeller),0.0
1110.336318167638,458.97435897435895,Hydrogen fuel cell (propeller),0.0
1299.0813969063468,458.97435897435895,Hydrogen fuel cell (propeller),0.0
1519.9110829529332,458.97435897435895,Hydrogen fuel cell (propeller),0.0
1778.2794100389228,458.97435897435895,Hydrogen fuel cell (propeller),0.0
2080.5675382171694,458.97435897435895,Hydrogen fuel cell (propeller),0.0
2434.2413552369194,458.97435897435895,Hydrogen fuel cell (propeller),0.0
2848.035868435799,458.97435897435895,Hydrogen fuel cell (propeller),0.0
3332.1709412448167,458.97435897435895,Hydrogen fuel cell (propeller),0.0
3898.603702549072,458.97435897435895,Hydrogen fuel cell (propeller),0.0
4561.323862890211,458.97435897435895,Hydrogen fuel cell (propeller),0.0
5336.699231206308,458.97435897435895,Hydrogen fuel cell (propeller),0.0
6243.879965653626,458.97435897435895,Hydrogen fuel cell (propeller),0.0
7305.271542664449,458.97435897435895,Hydrogen fuel cell (propeller),0.0
8547.08812559251,458.97435897435895,Hydrogen fuel cell (propeller),0.0
10000.0,458.97435897435895,Hydrogen fuel cell (propeller),0.0
10.0,467.1794871794872,Hydrogen fuel cell (propeller),0.0
11.69989106589066,467.1794871794872,Hydrogen fuel cell (propeller),0.0
13.688745095370805,467.1794871794872,Hydrogen fuel cell (propeller),0.0
16.015682644458355,467.1794871794872,Hydrogen fuel cell (propeller),0.0
18.73817422860384,467.1794871794872,Hydrogen fuel cell (propeller),0.0
21.923459724834466,467.1794871794872,Hydrogen fuel cell (propeller),0.0
25.650209056800456,467.1794871794872,Hydrogen fuel cell (propeller),0.0
30.010465178188735,467.1794871794872,Hydrogen fuel cell (propeller),0.0
35.11191734215131,467.1794871794872,Hydrogen fuel cell (propeller),0.0
41.08056080177274,467.1794871794872,Hydrogen fuel cell (propeller),0.0
48.06380863064389,467.1794871794872,Hydrogen fuel cell (propeller),0.0
56.23413251903491,467.1794871794872,Hydrogen fuel cell (propeller),0.0
65.79332246575679,467.1794871794872,Hydrogen fuel cell (propeller),0.0
76.9774705712371,467.1794871794872,Hydrogen fuel cell (propeller),0.0
90.06280202112787,467.1794871794872,Hydrogen fuel cell (propeller),0.0
105.37249727360725,467.1794871794872,Hydrogen fuel cell (propeller),0.0
123.28467394420659,467.1794871794872,Hydrogen fuel cell (propeller),0.0
144.24172552410664,467.1794871794872,Hydrogen fuel cell (propeller),0.0
168.7612475788147,467.1794871794872,Hydrogen fuel cell (propeller),0.0
197.44882128159367,467.1794871794872,Hydrogen fuel cell (propeller),0.0
231.0129700083158,467.1794871794872,Hydrogen fuel cell (propeller),0.0
270.28265839051625,467.1794871794872,Hydrogen fuel cell (propeller),0.0
316.22776601683796,467.1794871794872,Hydrogen fuel cell (propeller),0.0
369.9830414406966,467.1794871794872,Hydrogen fuel cell (propeller),0.0
432.8761281083057,467.1794871794872,Hydrogen fuel cell (propeller),0.0
506.4603543891704,467.1794871794872,Hydrogen fuel cell (propeller),0.0
592.5530975545674,467.1794871794872,Hydrogen fuel cell (propeller),0.0
693.2806692144524,467.1794871794872,Hydrogen fuel cell (propeller),0.0
811.1308307896873,467.1794871794872,Hydrogen fuel cell (propeller),0.0
949.0142360424725,467.1794871794872,Hydrogen fuel cell (propeller),0.0
1110.336318167638,467.1794871794872,Hydrogen fuel cell (propeller),0.0
1299.0813969063468,467.1794871794872,Hydrogen fuel cell (propeller),0.0
1519.9110829529332,467.1794871794872,Hydrogen fuel cell (propeller),0.0
1778.2794100389228,467.1794871794872,Hydrogen fuel cell (propeller),0.0
2080.5675382171694,467.1794871794872,Hydrogen fuel cell (propeller),0.0
2434.2413552369194,467.1794871794872,Hydrogen fuel cell (propeller),0.0
2848.035868435799,467.1794871794872,Hydrogen fuel cell (propeller),0.0
3332.1709412448167,467.1794871794872,Hydrogen fuel cell (propeller),0.0
3898.603702549072,467.1794871794872,Hydrogen fuel cell (propeller),0.0
4561.323862890211,467.1794871794872,Hydrogen fuel cell (propeller),0.0
5336.699231206308,467.1794871794872,Hydrogen fuel cell (propeller),0.0
6243.879965653626,467.1794871794872,Hydrogen fuel cell (propeller),0.0
7305.271542664449,467.1794871794872,Hydrogen fuel cell (propeller),0.0
8547.08812559251,467.1794871794872,Hydrogen fuel cell (propeller),0.0
10000.0,467.1794871794872,Hydrogen fuel cell (propeller),0.0
10.0,475.38461538461536,Hydrogen fuel cell (propeller),0.0
11.69989106589066,475.38461538461536,Hydrogen fuel cell (propeller),0.0
13.688745095370805,475.38461538461536,Hydrogen fuel cell (propeller),0.0
16.015682644458355,475.38461538461536,Hydrogen fuel cell (propeller),0.0
18.73817422860384,475.38461538461536,Hydrogen fuel cell (propeller),0.0
21.923459724834466,475.38461538461536,Hydrogen fuel cell (propeller),0.0
25.650209056800456,475.38461538461536,Hydrogen fuel cell (propeller),0.0
30.010465178188735,475.38461538461536,Hydrogen fuel cell (propeller),0.0
35.11191734215131,475.38461538461536,Hydrogen fuel cell (propeller),0.0
41.08056080177274,475.38461538461536,Hydrogen fuel cell (propeller),0.0
48.06380863064389,475.38461538461536,Hydrogen fuel cell (propeller),0.0
56.23413251903491,475.38461538461536,Hydrogen fuel cell (propeller),0.0
65.79332246575679,475.38461538461536,Hydrogen fuel cell (propeller),0.0
76.9774705712371,475.38461538461536,Hydrogen fuel cell (propeller),0.0
90.06280202112787,475.38461538461536,Hydrogen fuel cell (propeller),0.0
105.37249727360725,475.38461538461536,Hydrogen fuel cell (propeller),0.0
123.28467394420659,475.38461538461536,Hydrogen fuel cell (propeller),0.0
144.24172552410664,475.38461538461536,Hydrogen fuel cell (propeller),0.0
168.7612475788147,475.38461538461536,Hydrogen fuel cell (propeller),0.0
197.44882128159367,475.38461538461536,Hydrogen fuel cell (propeller),0.0
231.0129700083158,475.38461538461536,Hydrogen fuel cell (propeller),0.0
270.28265839051625,475.38461538461536,Hydrogen fuel cell (propeller),0.0
316.22776601683796,475.38461538461536,Hydrogen fuel cell (propeller),0.0
369.9830414406966,475.38461538461536,Hydrogen fuel cell (propeller),0.0
432.8761281083057,475.38461538461536,Hydrogen fuel cell (propeller),0.0
506.4603543891704,475.38461538461536,Hydrogen fuel cell (propeller),0.0
592.5530975545674,475.38461538461536,Hydrogen fuel cell (propeller),0.0
693.2806692144524,475.38461538461536,Hydrogen fuel cell (propeller),0.0
811.1308307896873,475.38461538461536,Hydrogen fuel cell (propeller),0.0
949.0142360424725,475.38461538461536,Hydrogen fuel cell (propeller),0.0
1110.336318167638,475.38461538461536,Hydrogen fuel cell (propeller),0.0
1299.0813969063468,475.38461538461536,Hydrogen fuel cell (propeller),0.0
1519.9110829529332,475.38461538461536,Hydrogen fuel cell (propeller),0.0
1778.2794100389228,475.38461538461536,Hydrogen fuel cell (propeller),0.0
2080.5675382171694,475.38461538461536,Hydrogen fuel cell (propeller),0.0
2434.2413552369194,475.38461538461536,Hydrogen fuel cell (propeller),0.0
2848.035868435799,475.38461538461536,Hydrogen fuel cell (propeller),0.0
3332.1709412448167,475.38461538461536,Hydrogen fuel cell (propeller),0.0
3898.603702549072,475.38461538461536,Hydrogen fuel cell (propeller),0.0
4561.323862890211,475.38461538461536,Hydrogen fuel cell (propeller),0.0
5336.699231206308,475.38461538461536,Hydrogen fuel cell (propeller),0.0
6243.879965653626,475.38461538461536,Hydrogen fuel cell (propeller),0.0
7305.271542664449,475.38461538461536,Hydrogen fuel cell (propeller),0.0
8547.08812559251,475.38461538461536,Hydrogen fuel cell (propeller),0.0
10000.0,475.38461538461536,Hydrogen fuel cell (propeller),0.0
10.0,483.58974358974353,Hydrogen fuel cell (propeller),0.0
11.69989106589066,483.58974358974353,Hydrogen fuel cell (propeller),0.0
13.688745095370805,483.58974358974353,Hydrogen fuel cell (propeller),0.0
16.015682644458355,483.58974358974353,Hydrogen fuel cell (propeller),0.0
18.73817422860384,483.58974358974353,Hydrogen fuel cell (propeller),0.0
21.923459724834466,483.58974358974353,Hydrogen fuel cell (propeller),0.0
25.650209056800456,483.58974358974353,Hydrogen fuel cell (propeller),0.0
30.010465178188735,483.58974358974353,Hydrogen fuel cell (propeller),0.0
35.11191734215131,483.58974358974353,Hydrogen fuel cell (propeller),0.0
41.08056080177274,483.58974358974353,Hydrogen fuel cell (propeller),0.0
48.06380863064389,483.58974358974353,Hydrogen fuel cell (propeller),0.0
56.23413251903491,483.58974358974353,Hydrogen fuel cell (propeller),0.0
65.79332246575679,483.58974358974353,Hydrogen fuel cell (propeller),0.0
76.9774705712371,483.58974358974353,Hydrogen fuel cell (propeller),0.0
90.06280202112787,483.58974358974353,Hydrogen fuel cell (propeller),0.0
105.37249727360725,483.58974358974353,Hydrogen fuel cell (propeller),0.0
123.28467394420659,483.58974358974353,Hydrogen fuel cell (propeller),0.0
144.24172552410664,483.58974358974353,Hydrogen fuel cell (propeller),0.0
168.7612475788147,483.58974358974353,Hydrogen fuel cell (propeller),0.0
197.44882128159367,483.58974358974353,Hydrogen fuel cell (propeller),0.0
231.0129700083158,483.58974358974353,Hydrogen fuel cell (propeller),0.0
270.28265839051625,483.58974358974353,Hydrogen fuel cell (propeller),0.0
316.22776601683796,483.58974358974353,Hydrogen fuel cell (propeller),0.0
369.9830414406966,483.58974358974353,Hydrogen fuel cell (propeller),0.0
432.8761281083057,483.58974358974353,Hydrogen fuel cell (propeller),0.0
506.4603543891704,483.58974358974353,Hydrogen fuel cell (propeller),0.0
592.5530975545674,483.58974358974353,Hydrogen fuel cell (propeller),0.0
693.2806692144524,483.58974358974353,Hydrogen fuel cell (propeller),0.0
811.1308307896873,483.58974358974353,Hydrogen fuel cell (propeller),0.0
949.0142360424725,483.58974358974353,Hydrogen fuel cell (propeller),0.0
1110.336318167638,483.58974358974353,Hydrogen fuel cell (propeller),0.0
1299.0813969063468,483.58974358974353,Hydrogen fuel cell (propeller),0.0
1519.9110829529332,483.58974358974353,Hydrogen fuel cell (propeller),0.0
1778.2794100389228,483.58974358974353,Hydrogen fuel cell (propeller),0.0
2080.5675382171694,483.58974358974353,Hydrogen fuel cell (propeller),0.0
2434.2413552369194,483.58974358974353,Hydrogen fuel cell (propeller),0.0
2848.035868435799,483.58974358974353,Hydrogen fuel cell (propeller),0.0
3332.1709412448167,483.58974358974353,Hydrogen fuel cell (propeller),0.0
3898.603702549072,483.58974358974353,Hydrogen fuel cell (propeller),0.0
4561.323862890211,483.58974358974353,Hydrogen fuel cell (propeller),0.0
5336.699231206308,483.58974358974353,Hydrogen fuel cell (propeller),0.0
6243.879965653626,483.58974358974353,Hydrogen fuel cell (propeller),0.0
7305.271542664449,483.58974358974353,Hydrogen fuel cell (propeller),0.0
8547.08812559251,483.58974358974353,Hydrogen fuel cell (propeller),0.0
10000.0,483.58974358974353,Hydrogen fuel cell (propeller),0.0
10.0,491.79487179487177,Hydrogen fuel cell (propeller),0.0
11.69989106589066,491.79487179487177,Hydrogen fuel cell (propeller),0.0
13.688745095370805,491.79487179487177,Hydrogen fuel cell (propeller),0.0
16.015682644458355,491.79487179487177,Hydrogen fuel cell (propeller),0.0
18.73817422860384,491.79487179487177,Hydrogen fuel cell (propeller),0.0
21.923459724834466,491.79487179487177,Hydrogen fuel cell (propeller),0.0
25.650209056800456,491.79487179487177,Hydrogen fuel cell (propeller),0.0
30.010465178188735,491.79487179487177,Hydrogen fuel cell (propeller),0.0
35.11191734215131,491.79487179487177,Hydrogen fuel cell (propeller),0.0
41.08056080177274,491.79487179487177,Hydrogen fuel cell (propeller),0.0
48.06380863064389,491.79487179487177,Hydrogen fuel cell (propeller),0.0
56.23413251903491,491.79487179487177,Hydrogen fuel cell (propeller),0.0
65.79332246575679,491.79487179487177,Hydrogen fuel cell (propeller),0.0
76.9774705712371,491.79487179487177,Hydrogen fuel cell (propeller),0.0
90.06280202112787,491.79487179487177,Hydrogen fuel cell (propeller),0.0
105.37249727360725,491.79487179487177,Hydrogen fuel cell (propeller),0.0
123.28467394420659,491.79487179487177,Hydrogen fuel cell (propeller),0.0
144.24172552410664,491.79487179487177,Hydrogen fuel cell (propeller),0.0
168.7612475788147,491.79487179487177,Hydrogen fuel cell (propeller),0.0
197.44882128159367,491.79487179487177,Hydrogen fuel cell (propeller),0.0
231.0129700083158,491.79487179487177,Hydrogen fuel cell (propeller),0.0
270.28265839051625,491.79487179487177,Hydrogen fuel cell (propeller),0.0
316.22776601683796,491.79487179487177,Hydrogen fuel cell (propeller),0.0
369.9830414406966,491.79487179487177,Hydrogen fuel cell (propeller),0.0
432.8761281083057,491.79487179487177,Hydrogen fuel cell (propeller),0.0
506.4603543891704,491.79487179487177,Hydrogen fuel cell (propeller),0.0
592.5530975545674,491.79487179487177,Hydrogen fuel cell (propeller),0.0
693.2806692144524,491.79487179487177,Hydrogen fuel cell (propeller),0.0
811.1308307896873,491.79487179487177,Hydrogen fuel cell (propeller),0.0
949.0142360424725,491.79487179487177,Hydrogen fuel cell (propeller),0.0
1110.336318167638,491.79487179487177,Hydrogen fuel cell (propeller),0.0
1299.0813969063468,491.79487179487177,Hydrogen fuel cell (propeller),0.0
1519.9110829529332,491.79487179487177,Hydrogen fuel cell (propeller),0.0
1778.2794100389228,491.79487179487177,Hydrogen fuel cell (propeller),0.0
2080.5675382171694,491.79487179487177,Hydrogen fuel cell (propeller),0.0
2434.2413552369194,491.79487179487177,Hydrogen fuel cell (propeller),0.0
2848.035868435799,491.79487179487177,Hydrogen fuel cell (propeller),0.0
3332.1709412448167,491.79487179487177,Hydrogen fuel cell (propeller),0.0
3898.603702549072,491.79487179487177,Hydrogen fuel cell (propeller),0.0
4561.323862890211,491.79487179487177,Hydrogen fuel cell (propeller),0.0
5336.699231206308,491.79487179487177,Hydrogen fuel cell (propeller),0.0
6243.879965653626,491.79487179487177,Hydrogen fuel cell (propeller),0.0
7305.271542664449,491.79487179487177,Hydrogen fuel cell (propeller),0.0
8547.08812559251,491.79487179487177,Hydrogen fuel cell (propeller),0.0
10000.0,491.79487179487177,Hydrogen fuel cell (propeller),0.0
10.0,500.0,Hydrogen fuel cell (propeller),0.0
11.69989106589066,500.0,Hydrogen fuel cell (propeller),0.0
13.688745095370805,500.0,Hydrogen fuel cell (propeller),0.0
16.015682644458355,500.0,Hydrogen fuel cell (propeller),0.0
18.73817422860384,500.0,Hydrogen fuel cell (propeller),0.0
21.923459724834466,500.0,Hydrogen fuel cell (propeller),0.0
25.650209056800456,500.0,Hydrogen fuel cell (propeller),0.0
30.010465178188735,500.0,Hydrogen fuel cell (propeller),0.0
35.11191734215131,500.0,Hydrogen fuel cell (propeller),0.0
41.08056080177274,500.0,Hydrogen fuel cell (propeller),0.0
48.06380863064389,500.0,Hydrogen fuel cell (propeller),0.0
56.23413251903491,500.0,Hydrogen fuel cell (propeller),0.0
65.79332246575679,500.0,Hydrogen fuel cell (propeller),0.0
76.9774705712371,500.0,Hydrogen fuel cell (propeller),0.0
90.06280202112787,500.0,Hydrogen fuel cell (propeller),0.0
105.37249727360725,500.0,Hydrogen fuel cell (propeller),0.0
123.28467394420659,500.0,Hydrogen fuel cell (propeller),0.0
144.24172552410664,500.0,Hydrogen fuel cell (propeller),0.0
168.7612475788147,500.0,Hydrogen fuel cell (propeller),0.0
197.44882128159367,500.0,Hydrogen fuel cell (propeller),0.0
231.0129700083158,500.0,Hydrogen fuel cell (propeller),0.0
270.28265839051625,500.0,Hydrogen fuel cell (propeller),0.0
316.22776601683796,500.0,Hydrogen fuel cell (propeller),0.0
369.9830414406966,500.0,Hydrogen fuel cell (propeller),0.0
432.8761281083057,500.0,Hydrogen fuel cell (propeller),0.0
506.4603543891704,500.0,Hydrogen fuel cell (propeller),0.0
592.5530975545674,500.0,Hydrogen fuel cell (propeller),0.0
693.2806692144524,500.0,Hydrogen fuel cell (propeller),0.0
811.1308307896873,500.0,Hydrogen fuel cell (propeller),0.0
949.0142360424725,500.0,Hydrogen fuel cell (propeller),0.0
1110.336318167638,500.0,Hydrogen fuel cell (propeller),0.0
1299.0813969063468,500.0,Hydrogen fuel cell (propeller),0.0
1519.9110829529332,500.0,Hydrogen fuel cell (propeller),0.0
1778.2794100389228,500.0,Hydrogen fuel cell (propeller),0.0
2080.5675382171694,500.0,Hydrogen fuel cell (propeller),0.0
2434.2413552369194,500.0,Hydrogen fuel cell (propeller),0.0
2848.035868435799,500.0,Hydrogen fuel cell (propeller),0.0
3332.1709412448167,500.0,Hydrogen fuel cell (propeller),0.0
3898.603702549072,500.0,Hydrogen fuel cell (propeller),0.0
4561.323862890211,500.0,Hydrogen fuel cell (propeller),0.0
5336.699231206308,500.0,Hydrogen fuel cell (propeller),0.0
6243.879965653626,500.0,Hydrogen fuel cell (propeller),0.0
7305.271542664449,500.0,Hydrogen fuel cell (propeller),0.0
8547.08812559251,500.0,Hydrogen fuel cell (propeller),0.0
10000.0,500.0,Hydrogen fuel cell (propeller),0.0
10.0,180.0,Hydrogen combustion (fan),0.0
11.69989106589066,180.0,Hydrogen combustion (fan),0.0
13.688745095370805,180.0,Hydrogen combustion (fan),0.0
16.015682644458355,180.0,Hydrogen combustion (fan),0.0
18.73817422860384,180.0,Hydrogen combustion (fan),0.0
21.923459724834466,180.0,Hydrogen combustion (fan),0.0
25.650209056800456,180.0,Hydrogen combustion (fan),0.0
30.010465178188735,180.0,Hydrogen combustion (fan),0.0
35.11191734215131,180.0,Hydrogen combustion (fan),0.0
41.08056080177274,180.0,Hydrogen combustion (fan),0.0
48.06380863064389,180.0,Hydrogen combustion (fan),0.0
56.23413251903491,180.0,Hydrogen combustion (fan),0.0
65.79332246575679,180.0,Hydrogen combustion (fan),0.0
76.9774705712371,180.0,Hydrogen combustion (fan),0.0
90.06280202112787,180.0,Hydrogen combustion (fan),0.0
105.37249727360725,180.0,Hydrogen combustion (fan),0.0
123.28467394420659,180.0,Hydrogen combustion (fan),0.0
144.24172552410664,180.0,Hydrogen combustion (fan),0.0
168.7612475788147,180.0,Hydrogen combustion (fan),0.0
197.44882128159367,180.0,Hydrogen combustion (fan),0.0
231.0129700083158,180.0,Hydrogen combustion (fan),0.0
270.28265839051625,180.0,Hydrogen combustion (fan),0.0
316.22776601683796,180.0,Hydrogen combustion (fan),0.0
369.9830414406966,180.0,Hydrogen combustion (fan),0.0
432.8761281083057,180.0,Hydrogen combustion (fan),0.0
506.4603543891704,180.0,Hydrogen combustion (fan),0.0
592.5530975545674,180.0,Hydrogen combustion (fan),0.0
693.2806692144524,180.0,Hydrogen combustion (fan),0.0
811.1308307896873,180.0,Hydrogen combustion (fan),0.0
949.0142360424725,180.0,Hydrogen combustion (fan),0.0
1110.336318167638,180.0,Hydrogen combustion (fan),0.0
1299.0813969063468,180.0,Hydrogen combustion (fan),0.0
1519.9110829529332,180.0,Hydrogen combustion (fan),0.0
1778.2794100389228,180.0,Hydrogen combustion (fan),0.0
2080.5675382171694,180.0,Hydrogen combustion (fan),0.0
2434.2413552369194,180.0,Hydrogen combustion (fan),0.0
2848.035868435799,180.0,Hydrogen combustion (fan),0.0
3332.1709412448167,180.0,Hydrogen combustion (fan),0.0
3898.603702549072,180.0,Hydrogen combustion (fan),0.0
4561.323862890211,180.0,Hydrogen combustion (fan),0.0
5336.699231206308,180.0,Hydrogen combustion (fan),0.0
6243.879965653626,180.0,Hydrogen combustion (fan),0.0
7305.271542664449,180.0,Hydrogen combustion (fan),0.0
8547.08812559251,180.0,Hydrogen combustion (fan),0.0
10000.0,180.0,Hydrogen combustion (fan),0.0
10.0,188.2051282051282,Hydrogen combustion (fan),0.0
11.69989106589066,188.2051282051282,Hydrogen combustion (fan),0.0
13.688745095370805,188.2051282051282,Hydrogen combustion (fan),0.0
16.015682644458355,188.2051282051282,Hydrogen combustion (fan),0.0
18.73817422860384,188.2051282051282,Hydrogen combustion (fan),0.0
21.923459724834466,188.2051282051282,Hydrogen combustion (fan),0.0
25.650209056800456,188.2051282051282,Hydrogen combustion (fan),0.0
30.010465178188735,188.2051282051282,Hydrogen combustion (fan),0.0
35.11191734215131,188.2051282051282,Hydrogen combustion (fan),0.0
41.08056080177274,188.2051282051282,Hydrogen combustion (fan),0.0
48.06380863064389,188.2051282051282,Hydrogen combustion (fan),0.0
56.23413251903491,188.2051282051282,Hydrogen combustion (fan),0.0
65.79332246575679,188.2051282051282,Hydrogen combustion (fan),0.0
76.9774705712371,188.2051282051282,Hydrogen combustion (fan),0.0
90.06280202112787,188.2051282051282,Hydrogen combustion (fan),0.0
105.37249727360725,188.2051282051282,Hydrogen combustion (fan),0.0
123.28467394420659,188.2051282051282,Hydrogen combustion (fan),0.0
144.24172552410664,188.2051282051282,Hydrogen combustion (fan),0.0
168.7612475788147,188.2051282051282,Hydrogen combustion (fan),0.0
197.44882128159367,188.2051282051282,Hydrogen combustion (fan),0.0
231.0129700083158,188.2051282051282,Hydrogen combustion (fan),0.0
270.28265839051625,188.2051282051282,Hydrogen combustion (fan),0.0
316.22776601683796,188.2051282051282,Hydrogen combustion (fan),0.0
369.9830414406966,188.2051282051282,Hydrogen combustion (fan),0.0
432.8761281083057,188.2051282051282,Hydrogen combustion (fan),0.0
506.4603543891704,188.2051282051282,Hydrogen combustion (fan),0.0
592.5530975545674,188.2051282051282,Hydrogen combustion (fan),0.0
693.2806692144524,188.2051282051282,Hydrogen combustion (fan),0.0
811.1308307896873,188.2051282051282,Hydrogen combustion (fan),0.0
949.0142360424725,188.2051282051282,Hydrogen combustion (fan),0.0
1110.336318167638,188.2051282051282,Hydrogen combustion (fan),0.0
1299.0813969063468,188.2051282051282,Hydrogen combustion (fan),0.0
1519.9110829529332,188.2051282051282,Hydrogen combustion (fan),0.0
1778.2794100389228,188.2051282051282,Hydrogen combustion (fan),0.0
2080.5675382171694,188.2051282051282,Hydrogen combustion (fan),0.0
2434.2413552369194,188.2051282051282,Hydrogen combustion (fan),0.0
2848.035868435799,188.2051282051282,Hydrogen combustion (fan),0.0
3332.1709412448167,188.2051282051282,Hydrogen combustion (fan),0.0
3898.603702549072,188.2051282051282,Hydrogen combustion (fan),0.0
4561.323862890211,188.2051282051282,Hydrogen combustion (fan),0.0
5336.699231206308,188.2051282051282,Hydrogen combustion (fan),0.0
6243.879965653626,188.2051282051282,Hydrogen combustion (fan),0.0
7305.271542664449,188.2051282051282,Hydrogen combustion (fan),0.0
8547.08812559251,188.2051282051282,Hydrogen combustion (fan),0.0
10000.0,188.2051282051282,Hydrogen combustion (fan),0.0006666666666666666
10.0,196.4102564102564,Hydrogen combustion (fan),0.0
11.69989106589066,196.4102564102564,Hydrogen combustion (fan),0.0
13.688745095370805,196.4102564102564,Hydrogen combustion (fan),0.0
16.015682644458355,196.4102564102564,Hydrogen combustion (fan),0.0
18.73817422860384,196.4102564102564,Hydrogen combustion (fan),0.0
21.923459724834466,196.4102564102564,Hydrogen combustion (fan),0.0
25.650209056800456,196.4102564102564,Hydrogen combustion (fan),0.0
30.010465178188735,196.4102564102564,Hydrogen combustion (fan),0.0
35.11191734215131,196.4102564102564,Hydrogen combustion (fan),0.0
41.08056080177274,196.4102564102564,Hydrogen combustion (fan),0.0
48.06380863064389,196.4102564102564,Hydrogen combustion (fan),0.0
56.23413251903491,196.4102564102564,Hydrogen combustion (fan),0.0
65.79332246575679,196.4102564102564,Hydrogen combustion (fan),0.0
76.9774705712371,196.4102564102564,Hydrogen combustion (fan),0.0
90.06280202112787,196.4102564102564,Hydrogen combustion (fan),0.0
105.37249727360725,196.4102564102564,Hydrogen combustion (fan),0.0
123.28467394420659,196.4102564102564,Hydrogen combustion (fan),0.0
144.24172552410664,196.4102564102564,Hydrogen combustion (fan),0.0
168.7612475788147,196.4102564102564,Hydrogen combustion (fan),0.0
197.44882128159367,196.4102564102564,Hydrogen combustion (fan),0.0
231.0129700083158,196.4102564102564,Hydrogen combustion (fan),0.0
270.28265839051625,196.4102564102564,Hydrogen combustion (fan),0.0
316.22776601683796,196.4102564102564,Hydrogen combustion (fan),0.0
369.9830414406966,196.4102564102564,Hydrogen combustion (fan),0.0
432.8761281083057,196.4102564102564,Hydrogen combustion (fan),0.0
506.4603543891704,196.4102564102564,Hydrogen combustion (fan),0.0
592.5530975545674,196.4102564102564,Hydrogen combustion (fan),0.0
693.2806692144524,196.4102564102564,Hydrogen combustion (fan),0.0
811.1308307896873,196.4102564102564,Hydrogen combustion (fan),0.0
949.0142360424725,196.4102564102564,Hydrogen combustion (fan),0.0
1110.336318167638,196.4102564102564,Hydrogen combustion (fan),0.0
1299.0813969063468,196.4102564102564,Hydrogen combustion (fan),0.0
1519.9110829529332,196.4102564102564,Hydrogen combustion (fan),0.0
1778.2794100389228,196.4102564102564,Hydrogen combustion (fan),0.0
2080.5675382171694,196.4102564102564,Hydrogen combustion (fan),0.0
2434.2413552369194,196.4102564102564,Hydrogen combustion (fan),0.0
2848.035868435799,196.4102564102564,Hydrogen combustion (fan),0.0
3332.1709412448167,196.4102564102564,Hydrogen combustion (fan),0.0
3898.603702549072,196.4102564102564,Hydrogen combustion (fan),0.0
4561.323862890211,196.4102564102564,Hydrogen combustion (fan),0.0
5336.699231206308,196.4102564102564,Hydrogen combustion (fan),0.0
6243.879965653626,196.4102564102564,Hydrogen combustion (fan),0.0
7305.271542664449,196.4102564102564,Hydrogen combustion (fan),0.0
8547.08812559251,196.4102564102564,Hydrogen combustion (fan),0.0
10000.0,196.4102564102564,Hydrogen combustion (fan),0.0006666666666666666
10.0,204.6153846153846,Hydrogen combustion (fan),0.0
11.69989106589066,204.6153846153846,Hydrogen combustion (fan),0.0
13.688745095370805,204.6153846153846,Hydrogen combustion (fan),0.0
16.015682644458355,204.6153846153846,Hydrogen combustion (fan),0.0
18.73817422860384,204.6153846153846,Hydrogen combustion (fan),0.0
21.923459724834466,204.6153846153846,Hydrogen combustion (fan),0.0
25.650209056800456,204.6153846153846,Hydrogen combustion (fan),0.0
30.010465178188735,204.6153846153846,Hydrogen combustion (fan),0.0
35.11191734215131,204.6153846153846,Hydrogen combustion (fan),0.0
41.08056080177274,204.6153846153846,Hydrogen combustion (fan),0.0
48.06380863064389,204.6153846153846,Hydrogen combustion (fan),0.0
56.23413251903491,204.6153846153846,Hydrogen combustion (fan),0.0
65.79332246575679,204.6153846153846,Hydrogen combustion (fan),0.0
76.9774705712371,204.6153846153846,Hydrogen combustion (fan),0.0
90.06280202112787,204.6153846153846,Hydrogen combustion (fan),0.0
105.37249727360725,204.6153846153846,Hydrogen combustion (fan),0.0
123.28467394420659,204.6153846153846,Hydrogen combustion (fan),0.0
144.24172552410664,204.6153846153846,Hydrogen combustion (fan),0.0
168.7612475788147,204.6153846153846,Hydrogen combustion (fan),0.0
197.44882128159367,204.6153846153846,Hydrogen combustion (fan),0.0
231.0129700083158,204.6153846153846,Hydrogen combustion (fan),0.0
270.28265839051625,204.6153846153846,Hydrogen combustion (fan),0.0
316.22776601683796,204.6153846153846,Hydrogen combustion (fan),0.0
369.9830414406966,204.6153846153846,Hydrogen combustion (fan),0.0
432.8761281083057,204.6153846153846,Hydrogen combustion (fan),0.0
506.4603543891704,204.6153846153846,Hydrogen combustion (fan),0.0
592.5530975545674,204.6153846153846,Hydrogen combustion (fan),0.0
693.2806692144524,204.6153846153846,Hydrogen combustion (fan),0.0
811.1308307896873,204.6153846153846,Hydrogen combustion (fan),0.0
949.0142360424725,204.6153846153846,Hydrogen combustion (fan),0.0
1110.336318167638,204.6153846153846,Hydrogen combustion (fan),0.0
1299.0813969063468,204.6153846153846,Hydrogen combustion (fan),0.0
1519.9110829529332,204.6153846153846,Hydrogen combustion (fan),0.0
1778.2794100389228,204.6153846153846,Hydrogen combustion (fan),0.0
2080.5675382171694,204.6153846153846,Hydrogen combustion (fan),0.0
2434.2413552369194,204.6153846153846,Hydrogen combustion (fan),0.0
2848.035868435799,204.6153846153846,Hydrogen combustion (fan),0.0
3332.1709412448167,204.6153846153846,Hydrogen combustion (fan),0.0
3898.603702549072,204.6153846153846,Hydrogen combustion (fan),0.0
4561.323862890211,204.6153846153846,Hydrogen combustion (fan),0.0
5336.699231206308,204.6153846153846,Hydrogen combustion (fan),0.0
6243.879965653626,204.6153846153846,Hydrogen combustion (fan),0.0
7305.271542664449,204.6153846153846,Hydrogen combustion (fan),0.0
8547.08812559251,204.6153846153846,Hydrogen combustion (fan),0.0
10000.0,204.6153846153846,Hydrogen combustion (fan),0.0
10.0,212.82051282051282,Hydrogen combustion (fan),0.0
11.69989106589066,212.82051282051282,Hydrogen combustion (fan),0.0
13.688745095370805,212.82051282051282,Hydrogen combustion (fan),0.0
16.015682644458355,212.82051282051282,Hydrogen combustion (fan),0.0
18.73817422860384,212.82051282051282,Hydrogen combustion (fan),0.0
21.923459724834466,212.82051282051282,Hydrogen combustion (fan),0.0
25.650209056800456,212.82051282051282,Hydrogen combustion (fan),0.0
30.010465178188735,212.82051282051282,Hydrogen combustion (fan),0.0
35.11191734215131,212.82051282051282,Hydrogen combustion (fan),0.0
41.08056080177274,212.82051282051282,Hydrogen combustion (fan),0.0
48.06380863064389,212.82051282051282,Hydrogen combustion (fan),0.0
56.23413251903491,212.82051282051282,Hydrogen combustion (fan),0.0
65.79332246575679,212.82051282051282,Hydrogen combustion (fan),0.0
76.9774705712371,212.82051282051282,Hydrogen combustion (fan),0.0
90.06280202112787,212.82051282051282,Hydrogen combustion (fan),0.0
105.37249727360725,212.82051282051282,Hydrogen combustion (fan),0.0
123.28467394420659,212.82051282051282,Hydrogen combustion (fan),0.0
144.24172552410664,212.82051282051282,Hydrogen combustion (fan),0.0
168.7612475788147,212.82051282051282,Hydrogen combustion (fan),0.0
197.44882128159367,212.82051282051282,Hydrogen combustion (fan),0.0
231.0129700083158,212.82051282051282,Hydrogen combustion (fan),0.0
270.28265839051625,212.82051282051282,Hydrogen combustion (fan),0.0
316.22776601683796,212.82051282051282,Hydrogen combustion (fan),0.0
369.9830414406966,212.82051282051282,Hydrogen combustion (fan),0.0
432.8761281083057,212.82051282051282,Hydrogen combustion (fan),0.0
506.4603543891704,212.82051282051282,Hydrogen combustion (fan),0.0
592.5530975545674,212.82051282051282,Hydrogen combustion (fan),0.0
693.2806692144524,212.82051282051282,Hydrogen combustion (fan),0.0
811.1308307896873,212.82051282051282,Hydrogen combustion (fan),0.0
949.0142360424725,212.82051282051282,Hydrogen combustion (fan),0.0
1110.336318167638,212.82051282051282,Hydrogen combustion (fan),0.0
1299.0813969063468,212.82051282051282,Hydrogen combustion (fan),0.0
1519.9110829529332,212.82051282051282,Hydrogen combustion (fan),0.0
1778.2794100389228,212.82051282051282,Hydrogen combustion (fan),0.0
2080.5675382171694,212.82051282051282,Hydrogen combustion (fan),0.0
2434.2413552369194,212.82051282051282,Hydrogen combustion (fan),0.0
2848.035868435799,212.82051282051282,Hydrogen combustion (fan),0.0
3332.1709412448167,212.82051282051282,Hydrogen combustion (fan),0.0
3898.603702549072,212.82051282051282,Hydrogen combustion (fan),0.0
4561.323862890211,212.82051282051282,Hydrogen combustion (fan),0.0
5336.699231206308,212.82051282051282,Hydrogen combustion (fan),0.0
6243.879965653626,212.82051282051282,Hydrogen combustion (fan),0.0
7305.271542664449,212.82051282051282,Hydrogen combustion (fan),0.0
8547.08812559251,212.82051282051282,Hydrogen combustion (fan),0.0
10000.0,212.82051282051282,Hydrogen combustion (fan),0.0
10.0,221.02564102564102,Hydrogen combustion (fan),0.0
11.69989106589066,221.02564102564102,Hydrogen combustion (fan),0.0
13.688745095370805,221.02564102564102,Hydrogen combustion (fan),0.0
16.015682644458355,221.02564102564102,Hydrogen combustion (fan),0.0
18.73817422860384,221.02564102564102,Hydrogen combustion (fan),0.0
21.923459724834466,221.02564102564102,Hydrogen combustion (fan),0.0
25.650209056800456,221.02564102564102,Hydrogen combustion (fan),0.0
30.010465178188735,221.02564102564102,Hydrogen combustion (fan),0.0
35.11191734215131,221.02564102564102,Hydrogen combustion (fan),0.0
41.08056080177274,221.02564102564102,Hydrogen combustion (fan),0.0
48.06380863064389,221.02564102564102,Hydrogen combustion (fan),0.0
56.23413251903491,221.02564102564102,Hydrogen combustion (fan),0.0
65.79332246575679,221.02564102564102,Hydrogen combustion (fan),0.0
76.9774705712371,221.02564102564102,Hydrogen combustion (fan),0.0
90.06280202112787,221.02564102564102,Hydrogen combustion (fan),0.0
105.37249727360725,221.02564102564102,Hydrogen combustion (fan),0.0
123.28467394420659,221.02564102564102,Hydrogen combustion (fan),0.0
144.24172552410664,221.02564102564102,Hydrogen combustion (fan),0.0
168.7612475788147,221.02564102564102,Hydrogen combustion (fan),0.0
197.44882128159367,221.02564102564102,Hydrogen combustion (fan),0.0
231.0129700083158,221.02564102564102,Hydrogen combustion (fan),0.0
270.28265839051625,221.02564102564102,Hydrogen combustion (fan),0.0
316.22776601683796,221.02564102564102,Hydrogen combustion (fan),0.0
369.9830414406966,221.02564102564102,Hydrogen combustion (fan),0.0
432.8761281083057,221.02564102564102,Hydrogen combustion (fan),0.0
506.4603543891704,221.02564102564102,Hydrogen combustion (fan),0.0
592.5530975545674,221.02564102564102,Hydrogen combustion (fan),0.0
693.2806692144524,221.02564102564102,Hydrogen combustion (fan),0.0
811.1308307896873,221.02564102564102,Hydrogen combustion (fan),0.0
949.0142360424725,221.02564102564102,Hydrogen combustion (fan),0.0
1110.336318167638,221.02564102564102,Hydrogen combustion (fan),0.0
1299.0813969063468,221.02564102564102,Hydrogen combustion (fan),0.0
1519.9110829529332,221.02564102564102,Hydrogen combustion (fan),0.0
1778.2794100389228,221.02564102564102,Hydrogen combustion (fan),0.0
2080.5675382171694,221.02564102564102,Hydrogen combustion (fan),0.0
2434.2413552369194,221.02564102564102,Hydrogen combustion (fan),0.0
2848.035868435799,221.02564102564102,Hydrogen combustion (fan),0.0
3332.1709412448167,221.02564102564102,Hydrogen combustion (fan),0.0
3898.603702549072,221.02564102564102,Hydrogen combustion (fan),0.0
4561.323862890211,221.02564102564102,Hydrogen combustion (fan),0.0
5336.699231206308,221.02564102564102,Hydrogen combustion (fan),0.0
6243.879965653626,221.02564102564102,Hydrogen combustion (fan),0.0
7305.271542664449,221.02564102564102,Hydrogen combustion (fan),0.0
8547.08812559251,221.02564102564102,Hydrogen combustion (fan),0.0
10000.0,221.02564102564102,Hydrogen combustion (fan),0.0
10.0,229.23076923076923,Hydrogen combustion (fan),0.0
11.69989106589066,229.23076923076923,Hydrogen combustion (fan),0.0
13.688745095370805,229.23076923076923,Hydrogen combustion (fan),0.0
16.015682644458355,229.23076923076923,Hydrogen combustion (fan),0.0
18.73817422860384,229.23076923076923,Hydrogen combustion (fan),0.0
21.923459724834466,229.23076923076923,Hydrogen combustion (fan),0.0
25.650209056800456,229.23076923076923,Hydrogen combustion (fan),0.0
30.010465178188735,229.23076923076923,Hydrogen combustion (fan),0.0
35.11191734215131,229.23076923076923,Hydrogen combustion (fan),0.0
41.08056080177274,229.23076923076923,Hydrogen combustion (fan),0.0
48.06380863064389,229.23076923076923,Hydrogen combustion (fan),0.0
56.23413251903491,229.23076923076923,Hydrogen combustion (fan),0.0
65.79332246575679,229.23076923076923,Hydrogen combustion (fan),0.0
76.9774705712371,229.23076923076923,Hydrogen combustion (fan),0.0
90.06280202112787,229.23076923076923,Hydrogen combustion (fan),0.0
105.37249727360725,229.23076923076923,Hydrogen combustion (fan),0.0
123.28467394420659,229.23076923076923,Hydrogen combustion (fan),0.0
144.24172552410664,229.23076923076923,Hydrogen combustion (fan),0.0
168.7612475788147,229.23076923076923,Hydrogen combustion (fan),0.0
197.44882128159367,229.23076923076923,Hydrogen combustion (fan),0.0
231.0129700083158,229.23076923076923,Hydrogen combustion (fan),0.0
270.28265839051625,229.23076923076923,Hydrogen combustion (fan),0.0
316.22776601683796,229.23076923076923,Hydrogen combustion (fan),0.0
369.9830414406966,229.23076923076923,Hydrogen combustion (fan),0.0
432.8761281083057,229.23076923076923,Hydrogen combustion (fan),0.0
506.4603543891704,229.23076923076923,Hydrogen combustion (fan),0.0
592.5530975545674,229.23076923076923,Hydrogen combustion (fan),0.0
693.2806692144524,229.23076923076923,Hydrogen combustion (fan),0.0
811.1308307896873,229.23076923076923,Hydrogen combustion (fan),0.0
949.0142360424725,229.23076923076923,Hydrogen combustion (fan),0.0
1110.336318167638,229.23076923076923,Hydrogen combustion (fan),0.0
1299.0813969063468,229.23076923076923,Hydrogen combustion (fan),0.0
1519.9110829529332,229.23076923076923,Hydrogen combustion (fan),0.0
1778.2794100389228,229.23076923076923,Hydrogen combustion (fan),0.0
2080.5675382171694,229.23076923076923,Hydrogen combustion (fan),0.0
2434.2413552369194,229.23076923076923,Hydrogen combustion (fan),0.0
2848.035868435799,229.23076923076923,Hydrogen combustion (fan),0.0
3332.1709412448167,229.23076923076923,Hydrogen combustion (fan),0.0
3898.603702549072,229.23076923076923,Hydrogen combustion (fan),0.0
4561.323862890211,229.23076923076923,Hydrogen combustion (fan),0.0
5336.699231206308,229.23076923076923,Hydrogen combustion (fan),0.0
6243.879965653626,229.23076923076923,Hydrogen combustion (fan),0.0
7305.271542664449,229.23076923076923,Hydrogen combustion (fan),0.0
8547.08812559251,229.23076923076923,Hydrogen combustion (fan),0.0
10000.0,229.23076923076923,Hydrogen combustion (fan),0.0
10.0,237.43589743589743,Hydrogen combustion (fan),0.0
11.69989106589066,237.43589743589743,Hydrogen combustion (fan),0.0
13.688745095370805,237.43589743589743,Hydrogen combustion (fan),0.0
16.015682644458355,237.43589743589743,Hydrogen combustion (fan),0.0
18.73817422860384,237.43589743589743,Hydrogen combustion (fan),0.0
21.923459724834466,237.43589743589743,Hydrogen combustion (fan),0.0
25.650209056800456,237.43589743589743,Hydrogen combustion (fan),0.0
30.010465178188735,237.43589743589743,Hydrogen combustion (fan),0.0
35.11191734215131,237.43589743589743,Hydrogen combustion (fan),0.0
41.08056080177274,237.43589743589743,Hydrogen combustion (fan),0.0
48.06380863064389,237.43589743589743,Hydrogen combustion (fan),0.0
56.23413251903491,237.43589743589743,Hydrogen combustion (fan),0.0
65.79332246575679,237.43589743589743,Hydrogen combustion (fan),0.0
76.9774705712371,237.43589743589743,Hydrogen combustion (fan),0.0
90.06280202112787,237.43589743589743,Hydrogen combustion (fan),0.0
105.37249727360725,237.43589743589743,Hydrogen combustion (fan),0.0
123.28467394420659,237.43589743589743,Hydrogen combustion (fan),0.0
144.24172552410664,237.43589743589743,Hydrogen combustion (fan),0.0
168.7612475788147,237.43589743589743,Hydrogen combustion (fan),0.0
197.44882128159367,237.43589743589743,Hydrogen combustion (fan),0.0
231.0129700083158,237.43589743589743,Hydrogen combustion (fan),0.0
270.28265839051625,237.43589743589743,Hydrogen combustion (fan),0.0
316.22776601683796,237.43589743589743,Hydrogen combustion (fan),0.0
369.9830414406966,237.43589743589743,Hydrogen combustion (fan),0.0
432.8761281083057,237.43589743589743,Hydrogen combustion (fan),0.0
506.4603543891704,237.43589743589743,Hydrogen combustion (fan),0.0
592.5530975545674,237.43589743589743,Hydrogen combustion (fan),0.0
693.2806692144524,237.43589743589743,Hydrogen combustion (fan),0.0
811.1308307896873,237.43589743589743,Hydrogen combustion (fan),0.0
949.0142360424725,237.43589743589743,Hydrogen combustion (fan),0.0
1110.336318167638,237.43589743589743,Hydrogen combustion (fan),0.0
1299.0813969063468,237.43589743589743,Hydrogen combustion (fan),0.0
1519.9110829529332,237.43589743589743,Hydrogen combustion (fan),0.0
1778.2794100389228,237.43589743589743,Hydrogen combustion (fan),0.0
2080.5675382171694,237.43589743589743,Hydrogen combustion (fan),0.0
2434.2413552369194,237.43589743589743,Hydrogen combustion (fan),0.0
2848.035868435799,237.43589743589743,Hydrogen combustion (fan),0.0
3332.1709412448167,237.43589743589743,Hydrogen combustion (fan),0.0
3898.603702549072,237.43589743589743,Hydrogen combustion (fan),0.0
4561.323862890211,237.43589743589743,Hydrogen combustion (fan),0.0
5336.699231206308,237.43589743589743,Hydrogen combustion (fan),0.0
6243.879965653626,237.43589743589743,Hydrogen combustion (fan),0.0
7305.271542664449,237.43589743589743,Hydrogen combustion (fan),0.0
8547.08812559251,237.43589743589743,Hydrogen combustion (fan),0.0
10000.0,237.43589743589743,Hydrogen combustion (fan),0.0
10.0,245.64102564102564,Hydrogen combustion (fan),0.0
11.69989106589066,245.64102564102564,Hydrogen combustion (fan),0.0
13.688745095370805,245.64102564102564,Hydrogen combustion (fan),0.0
16.015682644458355,245.64102564102564,Hydrogen combustion (fan),0.0
18.73817422860384,245.64102564102564,Hydrogen combustion (fan),0.0
21.923459724834466,245.64102564102564,Hydrogen combustion (fan),0.0
25.650209056800456,245.64102564102564,Hydrogen combustion (fan),0.0
30.010465178188735,245.64102564102564,Hydrogen combustion (fan),0.0
35.11191734215131,245.64102564102564,Hydrogen combustion (fan),0.0
41.08056080177274,245.64102564102564,Hydrogen combustion (fan),0.0
48.06380863064389,245.64102564102564,Hydrogen combustion (fan),0.0
56.23413251903491,245.64102564102564,Hydrogen combustion (fan),0.0
65.79332246575679,245.64102564102564,Hydrogen combustion (fan),0.0
76.9774705712371,245.64102564102564,Hydrogen combustion (fan),0.0
90.06280202112787,245.64102564102564,Hydrogen combustion (fan),0.0
105.37249727360725,245.64102564102564,Hydrogen combustion (fan),0.0
123.28467394420659,245.64102564102564,Hydrogen combustion (fan),0.0
144.24172552410664,245.64102564102564,Hydrogen combustion (fan),0.0
168.7612475788147,245.64102564102564,Hydrogen combustion (fan),0.0
197.44882128159367,245.64102564102564,Hydrogen combustion (fan),0.0
231.0129700083158,245.64102564102564,Hydrogen combustion (fan),0.0
270.28265839051625,245.64102564102564,Hydrogen combustion (fan),0.0
316.22776601683796,245.64102564102564,Hydrogen combustion (fan),0.0
369.9830414406966,245.64102564102564,Hydrogen combustion (fan),0.0
432.8761281083057,245.64102564102564,Hydrogen combustion (fan),0.0
506.4603543891704,245.64102564102564,Hydrogen combustion (fan),0.0
592.5530975545674,245.64102564102564,Hydrogen combustion (fan),0.0
693.2806692144524,245.64102564102564,Hydrogen combustion (fan),0.0
811.1308307896873,245.64102564102564,Hydrogen combustion (fan),0.0
949.0142360424725,245.64102564102564,Hydrogen combustion (fan),0.0
1110.336318167638,245.64102564102564,Hydrogen combustion (fan),0.0
1299.0813969063468,245.64102564102564,Hydrogen combustion (fan),0.0
1519.9110829529332,245.64102564102564,Hydrogen combustion (fan),0.0
1778.2794100389228,245.64102564102564,Hydrogen combustion (fan),0.0
2080.5675382171694,245.64102564102564,Hydrogen combustion (fan),0.0
2434.2413552369194,245.64102564102564,Hydrogen combustion (fan),0.0
2848.035868435799,245.64102564102564,Hydrogen combustion (fan),0.0
3332.1709412448167,245.64102564102564,Hydrogen combustion (fan),0.0
3898.603702549072,245.64102564102564,Hydrogen combustion (fan),0.0
4561.323862890211,245.64102564102564,Hydrogen combustion (fan),0.0
5336.699231206308,245.64102564102564,Hydrogen combustion (fan),0.0
6243.879965653626,245.64102564102564,Hydrogen combustion (fan),0.0
7305.271542664449,245.64102564102564,Hydrogen combustion (fan),0.0
8547.08812559251,245.64102564102564,Hydrogen combustion (fan),0.0
10000.0,245.64102564102564,Hydrogen combustion (fan),0.0
10.0,253.84615384615384,Hydrogen combustion (fan),0.0
11.69989106589066,253.84615384615384,Hydrogen combustion (fan),0.0
13.688745095370805,253.84615384615384,Hydrogen combustion (fan),0.0
16.015682644458355,253.84615384615384,Hydrogen combustion (fan),0.0
18.73817422860384,253.84615384615384,Hydrogen combustion (fan),0.0
21.923459724834466,253.84615384615384,Hydrogen combustion (fan),0.0
25.650209056800456,253.84615384615384,Hydrogen combustion (fan),0.0
30.010465178188735,253.84615384615384,Hydrogen combustion (fan),0.0
35.11191734215131,253.84615384615384,Hydrogen combustion (fan),0.0
41.08056080177274,253.84615384615384,Hydrogen combustion (fan),0.0
48.06380863064389,253.84615384615384,Hydrogen combustion (fan),0.0
56.23413251903491,253.84615384615384,Hydrogen combustion (fan),0.0
65.79332246575679,253.84615384615384,Hydrogen combustion (fan),0.0
76.9774705712371,253.84615384615384,Hydrogen combustion (fan),0.0
90.06280202112787,253.84615384615384,Hydrogen combustion (fan),0.0
105.37249727360725,253.84615384615384,Hydrogen combustion (fan),0.0
123.28467394420659,253.84615384615384,Hydrogen combustion (fan),0.0
144.24172552410664,253.84615384615384,Hydrogen combustion (fan),0.0
168.7612475788147,253.84615384615384,Hydrogen combustion (fan),0.0
197.44882128159367,253.84615384615384,Hydrogen combustion (fan),0.0
231.0129700083158,253.84615384615384,Hydrogen combustion (fan),0.0
270.28265839051625,253.84615384615384,Hydrogen combustion (fan),0.0
316.22776601683796,253.84615384615384,Hydrogen combustion (fan),0.0
369.9830414406966,253.84615384615384,Hydrogen combustion (fan),0.0
432.8761281083057,253.84615384615384,Hydrogen combustion (fan),0.0
506.4603543891704,253.84615384615384,Hydrogen combustion (fan),0.0
592.5530975545674,253.84615384615384,Hydrogen combustion (fan),0.0
693.2806692144524,253.84615384615384,Hydrogen combustion (fan),0.0
811.1308307896873,253.84615384615384,Hydrogen combustion (fan),0.0
949.0142360424725,253.84615384615384,Hydrogen combustion (fan),0.0
1110.336318167638,253.84615384615384,Hydrogen combustion (fan),0.0
1299.0813969063468,253.84615384615384,Hydrogen combustion (fan),0.0
1519.9110829529332,253.84615384615384,Hydrogen combustion (fan),0.0
1778.2794100389228,253.84615384615384,Hydrogen combustion (fan),0.0
2080.5675382171694,253.84615384615384,Hydrogen combustion (fan),0.0
2434.2413552369194,253.84615384615384,Hydrogen combustion (fan),0.0
2848.035868435799,253.84615384615384,Hydrogen combustion (fan),0.0
3332.1709412448167,253.84615384615384,Hydrogen combustion (fan),0.0
3898.603702549072,253.84615384615384,Hydrogen combustion (fan),0.0
4561.323862890211,253.84615384615384,Hydrogen combustion (fan),0.0
5336.699231206308,253.84615384615384,Hydrogen combustion (fan),0.0
6243.879965653626,253.84615384615384,Hydrogen combustion (fan),0.0
7305.271542664449,253.84615384615384,Hydrogen combustion (fan),0.0
8547.08812559251,253.84615384615384,Hydrogen combustion (fan),0.0
10000.0,253.84615384615384,Hydrogen combustion (fan),0.0
10.0,262.05128205128204,Hydrogen combustion (fan),0.0
11.69989106589066,262.05128205128204,Hydrogen combustion (fan),0.0
13.688745095370805,262.05128205128204,Hydrogen combustion (fan),0.0
16.015682644458355,262.05128205128204,Hydrogen combustion (fan),0.0
18.73817422860384,262.05128205128204,Hydrogen combustion (fan),0.0
21.923459724834466,262.05128205128204,Hydrogen combustion (fan),0.0
25.650209056800456,262.05128205128204,Hydrogen combustion (fan),0.0
30.010465178188735,262.05128205128204,Hydrogen combustion (fan),0.0
35.11191734215131,262.05128205128204,Hydrogen combustion (fan),0.0
41.08056080177274,262.05128205128204,Hydrogen combustion (fan),0.0
48.06380863064389,262.05128205128204,Hydrogen combustion (fan),0.0
56.23413251903491,262.05128205128204,Hydrogen combustion (fan),0.0
65.79332246575679,262.05128205128204,Hydrogen combustion (fan),0.0
76.9774705712371,262.05128205128204,Hydrogen combustion (fan),0.0
90.06280202112787,262.05128205128204,Hydrogen combustion (fan),0.0
105.37249727360725,262.05128205128204,Hydrogen combustion (fan),0.0
123.28467394420659,262.05128205128204,Hydrogen combustion (fan),0.0
144.24172552410664,262.05128205128204,Hydrogen combustion (fan),0.0
168.7612475788147,262.05128205128204,Hydrogen combustion (fan),0.0
197.44882128159367,262.05128205128204,Hydrogen combustion (fan),0.0
231.0129700083158,262.05128205128204,Hydrogen combustion (fan),0.0
270.28265839051625,262.05128205128204,Hydrogen combustion (fan),0.0
316.22776601683796,262.05128205128204,Hydrogen combustion (fan),0.0
369.9830414406966,262.05128205128204,Hydrogen combustion (fan),0.0
432.8761281083057,262.05128205128204,Hydrogen combustion (fan),0.0
506.4603543891704,262.05128205128204,Hydrogen combustion (fan),0.0
592.5530975545674,262.05128205128204,Hydrogen combustion (fan),0.0
693.2806692144524,262.05128205128204,Hydrogen combustion (fan),0.0
811.1308307896873,262.05128205128204,Hydrogen combustion (fan),0.0
949.0142360424725,262.05128205128204,Hydrogen combustion (fan),0.0
1110.336318167638,262.05128205128204,Hydrogen combustion (fan),0.0
1299.0813969063468,262.05128205128204,Hydrogen combustion (fan),0.0
1519.9110829529332,262.05128205128204,Hydrogen combustion (fan),0.0
1778.2794100389228,262.05128205128204,Hydrogen combustion (fan),0.0
2080.5675382171694,262.05128205128204,Hydrogen combustion (fan),0.0
2434.2413552369194,262.05128205128204,Hydrogen combustion (fan),0.0
2848.035868435799,262.05128205128204,Hydrogen combustion (fan),0.0
3332.1709412448167,262.05128205128204,Hydrogen combustion (fan),0.0
3898.603702549072,262.05128205128204,Hydrogen combustion (fan),0.0
4561.323862890211,262.05128205128204,Hydrogen combustion (fan),0.0
5336.699231206308,262.05128205128204,Hydrogen combustion (fan),0.0
6243.879965653626,262.05128205128204,Hydrogen combustion (fan),0.0
7305.271542664449,262.05128205128204,Hydrogen combustion (fan),0.0
8547.08812559251,262.05128205128204,Hydrogen combustion (fan),0.0
10000.0,262.05128205128204,Hydrogen combustion (fan),0.0
10.0,270.2564102564103,Hydrogen combustion (fan),0.0
11.69989106589066,270.2564102564103,Hydrogen combustion (fan),0.0
13.688745095370805,270.2564102564103,Hydrogen combustion (fan),0.0
16.015682644458355,270.2564102564103,Hydrogen combustion (fan),0.0
18.73817422860384,270.2564102564103,Hydrogen combustion (fan),0.0
21.923459724834466,270.2564102564103,Hydrogen combustion (fan),0.0
25.650209056800456,270.2564102564103,Hydrogen combustion (fan),0.0
30.010465178188735,270.2564102564103,Hydrogen combustion (fan),0.0
35.11191734215131,270.2564102564103,Hydrogen combustion (fan),0.0
41.08056080177274,270.2564102564103,Hydrogen combustion (fan),0.0
48.06380863064389,270.2564102564103,Hydrogen combustion (fan),0.0
56.23413251903491,270.2564102564103,Hydrogen combustion (fan),0.0
65.79332246575679,270.2564102564103,Hydrogen combustion (fan),0.0
76.9774705712371,270.2564102564103,Hydrogen combustion (fan),0.0
90.06280202112787,270.2564102564103,Hydrogen combustion (fan),0.0
105.37249727360725,270.2564102564103,Hydrogen combustion (fan),0.0
123.28467394420659,270.2564102564103,Hydrogen combustion (fan),0.0
144.24172552410664,270.2564102564103,Hydrogen combustion (fan),0.0
168.7612475788147,270.2564102564103,Hydrogen combustion (fan),0.0
197.44882128159367,270.2564102564103,Hydrogen combustion (fan),0.0
231.0129700083158,270.2564102564103,Hydrogen combustion (fan),0.0
270.28265839051625,270.2564102564103,Hydrogen combustion (fan),0.0
316.22776601683796,270.2564102564103,Hydrogen combustion (fan),0.0
369.9830414406966,270.2564102564103,Hydrogen combustion (fan),0.0
432.8761281083057,270.2564102564103,Hydrogen combustion (fan),0.0
506.4603543891704,270.2564102564103,Hydrogen combustion (fan),0.0
592.5530975545674,270.2564102564103,Hydrogen combustion (fan),0.0
693.2806692144524,270.2564102564103,Hydrogen combustion (fan),0.0
811.1308307896873,270.2564102564103,Hydrogen combustion (fan),0.0
949.0142360424725,270.2564102564103,Hydrogen combustion (fan),0.0
1110.336318167638,270.2564102564103,Hydrogen combustion (fan),0.0
1299.0813969063468,270.2564102564103,Hydrogen combustion (fan),0.0
1519.9110829529332,270.2564102564103,Hydrogen combustion (fan),0.0
1778.2794100389228,270.2564102564103,Hydrogen combustion (fan),0.0
2080.5675382171694,270.2564102564103,Hydrogen combustion (fan),0.0
2434.2413552369194,270.2564102564103,Hydrogen combustion (fan),0.0
2848.035868435799,270.2564102564103,Hydrogen combustion (fan),0.0
3332.1709412448167,270.2564102564103,Hydrogen combustion (fan),0.0
3898.603702549072,270.2564102564103,Hydrogen combustion (fan),0.0
4561.323862890211,270.2564102564103,Hydrogen combustion (fan),0.0
5336.699231206308,270.2564102564103,Hydrogen combustion (fan),0.0
6243.879965653626,270.2564102564103,Hydrogen combustion (fan),0.0
7305.271542664449,270.2564102564103,Hydrogen combustion (fan),0.0
8547.08812559251,270.2564102564103,Hydrogen combustion (fan),0.0
10000.0,270.2564102564103,Hydrogen combustion (fan),0.0
10.0,278.46153846153845,Hydrogen combustion (fan),0.0
11.69989106589066,278.46153846153845,Hydrogen combustion (fan),0.0
13.688745095370805,278.46153846153845,Hydrogen combustion (fan),0.0
16.015682644458355,278.46153846153845,Hydrogen combustion (fan),0.0
18.73817422860384,278.46153846153845,Hydrogen combustion (fan),0.0
21.923459724834466,278.46153846153845,Hydrogen combustion (fan),0.0
25.650209056800456,278.46153846153845,Hydrogen combustion (fan),0.0
30.010465178188735,278.46153846153845,Hydrogen combustion (fan),0.0
35.11191734215131,278.46153846153845,Hydrogen combustion (fan),0.0
41.08056080177274,278.46153846153845,Hydrogen combustion (fan),0.0
48.06380863064389,278.46153846153845,Hydrogen combustion (fan),0.0
56.23413251903491,278.46153846153845,Hydrogen combustion (fan),0.0
65.79332246575679,278.46153846153845,Hydrogen combustion (fan),0.0
76.9774705712371,278.46153846153845,Hydrogen combustion (fan),0.0
90.06280202112787,278.46153846153845,Hydrogen combustion (fan),0.0
105.37249727360725,278.46153846153845,Hydrogen combustion (fan),0.0
123.28467394420659,278.46153846153845,Hydrogen combustion (fan),0.0
144.24172552410664,278.46153846153845,Hydrogen combustion (fan),0.0
168.7612475788147,278.46153846153845,Hydrogen combustion (fan),0.0
197.44882128159367,278.46153846153845,Hydrogen combustion (fan),0.0
231.0129700083158,278.46153846153845,Hydrogen combustion (fan),0.0
270.28265839051625,278.46153846153845,Hydrogen combustion (fan),0.0
316.22776601683796,278.46153846153845,Hydrogen combustion (fan),0.0
369.9830414406966,278.46153846153845,Hydrogen combustion (fan),0.0
432.8761281083057,278.46153846153845,Hydrogen combustion (fan),0.0
506.4603543891704,278.46153846153845,Hydrogen combustion (fan),0.0
592.5530975545674,278.46153846153845,Hydrogen combustion (fan),0.0
693.2806692144524,278.46153846153845,Hydrogen combustion (fan),0.0
811.1308307896873,278.46153846153845,Hydrogen combustion (fan),0.0
949.0142360424725,278.46153846153845,Hydrogen combustion (fan),0.0
1110.336318167638,278.46153846153845,Hydrogen combustion (fan),0.0
1299.0813969063468,278.46153846153845,Hydrogen combustion (fan),0.0
1519.9110829529332,278.46153846153845,Hydrogen combustion (fan),0.0
1778.2794100389228,278.46153846153845,Hydrogen combustion (fan),0.0
2080.5675382171694,278.46153846153845,Hydrogen combustion (fan),0.0
2434.2413552369194,278.46153846153845,Hydrogen combustion (fan),0.0
2848.035868435799,278.46153846153845,Hydrogen combustion (fan),0.0
3332.1709412448167,278.46153846153845,Hydrogen combustion (fan),0.0
3898.603702549072,278.46153846153845,Hydrogen combustion (fan),0.0
4561.323862890211,278.46153846153845,Hydrogen combustion (fan),0.0
5336.699231206308,278.46153846153845,Hydrogen combustion (fan),0.0
6243.879965653626,278.46153846153845,Hydrogen combustion (fan),0.0
7305.271542664449,278.46153846153845,Hydrogen combustion (fan),0.0
8547.08812559251,278.46153846153845,Hydrogen combustion (fan),0.0
10000.0,278.46153846153845,Hydrogen combustion (fan),0.0
10.0,286.66666666666663,Hydrogen combustion (fan),0.0
11.69989106589066,286.66666666666663,Hydrogen combustion (fan),0.0
13.688745095370805,286.66666666666663,Hydrogen combustion (fan),0.0
16.015682644458355,286.66666666666663,Hydrogen combustion (fan),0.0
18.73817422860384,286.66666666666663,Hydrogen combustion (fan),0.0
21.923459724834466,286.66666666666663,Hydrogen combustion (fan),0.0
25.650209056800456,286.66666666666663,Hydrogen combustion (fan),0.0
30.010465178188735,286.66666666666663,Hydrogen combustion (fan),0.0
35.11191734215131,286.66666666666663,Hydrogen combustion (fan),0.0
41.08056080177274,286.66666666666663,Hydrogen combustion (fan),0.0
48.06380863064389,286.66666666666663,Hydrogen combustion (fan),0.0
56.23413251903491,286.66666666666663,Hydrogen combustion (fan),0.0
65.79332246575679,286.66666666666663,Hydrogen combustion (fan),0.0
76.9774705712371,286.66666666666663,Hydrogen combustion (fan),0.0
90.06280202112787,286.66666666666663,Hydrogen combustion (fan),0.0
105.37249727360725,286.66666666666663,Hydrogen combustion (fan),0.0
123.28467394420659,286.66666666666663,Hydrogen combustion (fan),0.0
144.24172552410664,286.66666666666663,Hydrogen combustion (fan),0.0
168.7612475788147,286.66666666666663,Hydrogen combustion (fan),0.0
197.44882128159367,286.66666666666663,Hydrogen combustion (fan),0.0
231.0129700083158,286.66666666666663,Hydrogen combustion (fan),0.0
270.28265839051625,286.66666666666663,Hydrogen combustion (fan),0.0
316.22776601683796,286.66666666666663,Hydrogen combustion (fan),0.0
369.9830414406966,286.66666666666663,Hydrogen combustion (fan),0.0
432.8761281083057,286.66666666666663,Hydrogen combustion (fan),0.0
506.4603543891704,286.66666666666663,Hydrogen combustion (fan),0.0
592.5530975545674,286.66666666666663,Hydrogen combustion (fan),0.0
693.2806692144524,286.66666666666663,Hydrogen combustion (fan),0.0
811.1308307896873,286.66666666666663,Hydrogen combustion (fan),0.0
949.0142360424725,286.66666666666663,Hydrogen combustion (fan),0.0
1110.336318167638,286.66666666666663,Hydrogen combustion (fan),0.0
1299.0813969063468,286.66666666666663,Hydrogen combustion (fan),0.0
1519.9110829529332,286.66666666666663,Hydrogen combustion (fan),0.0
1778.2794100389228,286.66666666666663,Hydrogen combustion (fan),0.0
2080.5675382171694,286.66666666666663,Hydrogen combustion (fan),0.0
2434.2413552369194,286.66666666666663,Hydrogen combustion (fan),0.0
2848.035868435799,286.66666666666663,Hydrogen combustion (fan),0.0
3332.1709412448167,286.66666666666663,Hydrogen combustion (fan),0.0
3898.603702549072,286.66666666666663,Hydrogen combustion (fan),0.0
4561.323862890211,286.66666666666663,Hydrogen combustion (fan),0.0
5336.699231206308,286.66666666666663,Hydrogen combustion (fan),0.0
6243.879965653626,286.66666666666663,Hydrogen combustion (fan),0.0
7305.271542664449,286.66666666666663,Hydrogen combustion (fan),0.0
8547.08812559251,286.66666666666663,Hydrogen combustion (fan),0.0
10000.0,286.66666666666663,Hydrogen combustion (fan),0.0
10.0,294.87179487179486,Hydrogen combustion (fan),0.0
11.69989106589066,294.87179487179486,Hydrogen combustion (fan),0.0
13.688745095370805,294.87179487179486,Hydrogen combustion (fan),0.0
16.015682644458355,294.87179487179486,Hydrogen combustion (fan),0.0
18.73817422860384,294.87179487179486,Hydrogen combustion (fan),0.0
21.923459724834466,294.87179487179486,Hydrogen combustion (fan),0.0
25.650209056800456,294.87179487179486,Hydrogen combustion (fan),0.0
30.010465178188735,294.87179487179486,Hydrogen combustion (fan),0.0
35.11191734215131,294.87179487179486,Hydrogen combustion (fan),0.0
41.08056080177274,294.87179487179486,Hydrogen combustion (fan),0.0
48.06380863064389,294.87179487179486,Hydrogen combustion (fan),0.0
56.23413251903491,294.87179487179486,Hydrogen combustion (fan),0.0
65.79332246575679,294.87179487179486,Hydrogen combustion (fan),0.0
76.9774705712371,294.87179487179486,Hydrogen combustion (fan),0.0
90.06280202112787,294.87179487179486,Hydrogen combustion (fan),0.0
105.37249727360725,294.87179487179486,Hydrogen combustion (fan),0.0
123.28467394420659,294.87179487179486,Hydrogen combustion (fan),0.0
144.24172552410664,294.87179487179486,Hydrogen combustion (fan),0.0
168.7612475788147,294.87179487179486,Hydrogen combustion (fan),0.0
197.44882128159367,294.87179487179486,Hydrogen combustion (fan),0.0
231.0129700083158,294.87179487179486,Hydrogen combustion (fan),0.0
270.28265839051625,294.87179487179486,Hydrogen combustion (fan),0.0
316.22776601683796,294.87179487179486,Hydrogen combustion (fan),0.0
369.9830414406966,294.87179487179486,Hydrogen combustion (fan),0.0
432.8761281083057,294.87179487179486,Hydrogen combustion (fan),0.0
506.4603543891704,294.87179487179486,Hydrogen combustion (fan),0.0
592.5530975545674,294.87179487179486,Hydrogen combustion (fan),0.0
693.2806692144524,294.87179487179486,Hydrogen combustion (fan),0.0
811.1308307896873,294.87179487179486,Hydrogen combustion (fan),0.0
949.0142360424725,294.87179487179486,Hydrogen combustion (fan),0.0
1110.336318167638,294.87179487179486,Hydrogen combustion (fan),0.0
1299.0813969063468,294.87179487179486,Hydrogen combustion (fan),0.0
1519.9110829529332,294.87179487179486,Hydrogen combustion (fan),0.0
1778.2794100389228,294.87179487179486,Hydrogen combustion (fan),0.0
2080.5675382171694,294.87179487179486,Hydrogen combustion (fan),0.0
2434.2413552369194,294.87179487179486,Hydrogen combustion (fan),0.0
2848.035868435799,294.87179487179486,Hydrogen combustion (fan),0.0
3332.1709412448167,294.87179487179486,Hydrogen combustion (fan),0.0
3898.603702549072,294.87179487179486,Hydrogen combustion (fan),0.0
4561.323862890211,294.87179487179486,Hydrogen combustion (fan),0.0
5336.699231206308,294.87179487179486,Hydrogen combustion (fan),0.0
6243.879965653626,294.87179487179486,Hydrogen combustion (fan),0.0
7305.271542664449,294.87179487179486,Hydrogen combustion (fan),0.0
8547.08812559251,294.87179487179486,Hydrogen combustion (fan),0.0
10000.0,294.87179487179486,Hydrogen combustion (fan),0.0
10.0,303.0769230769231,Hydrogen combustion (fan),0.0
11.69989106589066,303.0769230769231,Hydrogen combustion (fan),0.0
13.688745095370805,303.0769230769231,Hydrogen combustion (fan),0.0
16.015682644458355,303.0769230769231,Hydrogen combustion (fan),0.0
18.73817422860384,303.0769230769231,Hydrogen combustion (fan),0.0
21.923459724834466,303.0769230769231,Hydrogen combustion (fan),0.0
25.650209056800456,303.0769230769231,Hydrogen combustion (fan),0.0
30.010465178188735,303.0769230769231,Hydrogen combustion (fan),0.0
35.11191734215131,303.0769230769231,Hydrogen combustion (fan),0.0
41.08056080177274,303.0769230769231,Hydrogen combustion (fan),0.0
48.06380863064389,303.0769230769231,Hydrogen combustion (fan),0.0
56.23413251903491,303.0769230769231,Hydrogen combustion (fan),0.0
65.79332246575679,303.0769230769231,Hydrogen combustion (fan),0.0
76.9774705712371,303.0769230769231,Hydrogen combustion (fan),0.0
90.06280202112787,303.0769230769231,Hydrogen combustion (fan),0.0
105.37249727360725,303.0769230769231,Hydrogen combustion (fan),0.0
123.28467394420659,303.0769230769231,Hydrogen combustion (fan),0.0
144.24172552410664,303.0769230769231,Hydrogen combustion (fan),0.0
168.7612475788147,303.0769230769231,Hydrogen combustion (fan),0.0
197.44882128159367,303.0769230769231,Hydrogen combustion (fan),0.0
231.0129700083158,303.0769230769231,Hydrogen combustion (fan),0.0
270.28265839051625,303.0769230769231,Hydrogen combustion (fan),0.0
316.22776601683796,303.0769230769231,Hydrogen combustion (fan),0.0
369.9830414406966,303.0769230769231,Hydrogen combustion (fan),0.0
432.8761281083057,303.0769230769231,Hydrogen combustion (fan),0.0
506.4603543891704,303.0769230769231,Hydrogen combustion (fan),0.0
592.5530975545674,303.0769230769231,Hydrogen combustion (fan),0.0
693.2806692144524,303.0769230769231,Hydrogen combustion (fan),0.0
811.1308307896873,303.0769230769231,Hydrogen combustion (fan),0.0
949.0142360424725,303.0769230769231,Hydrogen combustion (fan),0.0
1110.336318167638,303.0769230769231,Hydrogen combustion (fan),0.0
1299.0813969063468,303.0769230769231,Hydrogen combustion (fan),0.0
1519.9110829529332,303.0769230769231,Hydrogen combustion (fan),0.0
1778.2794100389228,303.0769230769231,Hydrogen combustion (fan),0.0
2080.5675382171694,303.0769230769231,Hydrogen combustion (fan),0.0
2434.2413552369194,303.0769230769231,Hydrogen combustion (fan),0.0
2848.035868435799,303.0769230769231,Hydrogen combustion (fan),0.0
3332.1709412448167,303.0769230769231,Hydrogen combustion (fan),0.0
3898.603702549072,303.0769230769231,Hydrogen combustion (fan),0.0
4561.323862890211,303.0769230769231,Hydrogen combustion (fan),0.0
5336.699231206308,303.0769230769231,Hydrogen combustion (fan),0.0
6243.879965653626,303.0769230769231,Hydrogen combustion (fan),0.0
7305.271542664449,303.0769230769231,Hydrogen combustion (fan),0.0
8547.08812559251,303.0769230769231,Hydrogen combustion (fan),0.0
10000.0,303.0769230769231,Hydrogen combustion (fan),0.0
10.0,311.28205128205127,Hydrogen combustion (fan),0.0
11.69989106589066,311.28205128205127,Hydrogen combustion (fan),0.0
13.688745095370805,311.28205128205127,Hydrogen combustion (fan),0.0
16.015682644458355,311.28205128205127,Hydrogen combustion (fan),0.0
18.73817422860384,311.28205128205127,Hydrogen combustion (fan),0.0
21.923459724834466,311.28205128205127,Hydrogen combustion (fan),0.0
25.650209056800456,311.28205128205127,Hydrogen combustion (fan),0.0
30.010465178188735,311.28205128205127,Hydrogen combustion (fan),0.0
35.11191734215131,311.28205128205127,Hydrogen combustion (fan),0.0
41.08056080177274,311.28205128205127,Hydrogen combustion (fan),0.0
48.06380863064389,311.28205128205127,Hydrogen combustion (fan),0.0
56.23413251903491,311.28205128205127,Hydrogen combustion (fan),0.0
65.79332246575679,311.28205128205127,Hydrogen combustion (fan),0.0
76.9774705712371,311.28205128205127,Hydrogen combustion (fan),0.0
90.06280202112787,311.28205128205127,Hydrogen combustion (fan),0.0
105.37249727360725,311.28205128205127,Hydrogen combustion (fan),0.0
123.28467394420659,311.28205128205127,Hydrogen combustion (fan),0.0
144.24172552410664,311.28205128205127,Hydrogen combustion (fan),0.0
168.7612475788147,311.28205128205127,Hydrogen combustion (fan),0.0
197.44882128159367,311.28205128205127,Hydrogen combustion (fan),0.0
231.0129700083158,311.28205128205127,Hydrogen combustion (fan),0.0
270.28265839051625,311.28205128205127,Hydrogen combustion (fan),0.0
316.22776601683796,311.28205128205127,Hydrogen combustion (fan),0.0
369.9830414406966,311.28205128205127,Hydrogen combustion (fan),0.0
432.8761281083057,311.28205128205127,Hydrogen combustion (fan),0.0
506.4603543891704,311.28205128205127,Hydrogen combustion (fan),0.0
592.5530975545674,311.28205128205127,Hydrogen combustion (fan),0.0
693.2806692144524,311.28205128205127,Hydrogen combustion (fan),0.0
811.1308307896873,311.28205128205127,Hydrogen combustion (fan),0.0
949.0142360424725,311.28205128205127,Hydrogen combustion (fan),0.0
1110.336318167638,311.28205128205127,Hydrogen combustion (fan),0.0
1299.0813969063468,311.28205128205127,Hydrogen combustion (fan),0.0
1519.9110829529332,311.28205128205127,Hydrogen combustion (fan),0.0
1778.2794100389228,311.28205128205127,Hydrogen combustion (fan),0.0
2080.5675382171694,311.28205128205127,Hydrogen combustion (fan),0.0
2434.2413552369194,311.28205128205127,Hydrogen combustion (fan),0.0
2848.035868435799,311.28205128205127,Hydrogen combustion (fan),0.0
3332.1709412448167,311.28205128205127,Hydrogen combustion (fan),0.0
3898.603702549072,311.28205128205127,Hydrogen combustion (fan),0.0
4561.323862890211,311.28205128205127,Hydrogen combustion (fan),0.0
5336.699231206308,311.28205128205127,Hydrogen combustion (fan),0.0
6243.879965653626,311.28205128205127,Hydrogen combustion (fan),0.0
7305.271542664449,311.28205128205127,Hydrogen combustion (fan),0.0
8547.08812559251,311.28205128205127,Hydrogen combustion (fan),0.0
10000.0,311.28205128205127,Hydrogen combustion (fan),0.0
10.0,319.48717948717945,Hydrogen combustion (fan),0.0
11.69989106589066,319.48717948717945,Hydrogen combustion (fan),0.0
13.688745095370805,319.48717948717945,Hydrogen combustion (fan),0.0
16.015682644458355,319.48717948717945,Hydrogen combustion (fan),0.0
18.73817422860384,319.48717948717945,Hydrogen combustion (fan),0.0
21.923459724834466,319.48717948717945,Hydrogen combustion (fan),0.0
25.650209056800456,319.48717948717945,Hydrogen combustion (fan),0.0
30.010465178188735,319.48717948717945,Hydrogen combustion (fan),0.0
35.11191734215131,319.48717948717945,Hydrogen combustion (fan),0.0
41.08056080177274,319.48717948717945,Hydrogen combustion (fan),0.0
48.06380863064389,319.48717948717945,Hydrogen combustion (fan),0.0
56.23413251903491,319.48717948717945,Hydrogen combustion (fan),0.0
65.79332246575679,319.48717948717945,Hydrogen combustion (fan),0.0
76.9774705712371,319.48717948717945,Hydrogen combustion (fan),0.0
90.06280202112787,319.48717948717945,Hydrogen combustion (fan),0.0
105.37249727360725,319.48717948717945,Hydrogen combustion (fan),0.0
123.28467394420659,319.48717948717945,Hydrogen combustion (fan),0.0
144.24172552410664,319.48717948717945,Hydrogen combustion (fan),0.0
168.7612475788147,319.48717948717945,Hydrogen combustion (fan),0.0
197.44882128159367,319.48717948717945,Hydrogen combustion (fan),0.0
231.0129700083158,319.48717948717945,Hydrogen combustion (fan),0.0
270.28265839051625,319.48717948717945,Hydrogen combustion (fan),0.0
316.22776601683796,319.48717948717945,Hydrogen combustion (fan),0.0
369.9830414406966,319.48717948717945,Hydrogen combustion (fan),0.0
432.8761281083057,319.48717948717945,Hydrogen combustion (fan),0.0
506.4603543891704,319.48717948717945,Hydrogen combustion (fan),0.0
592.5530975545674,319.48717948717945,Hydrogen combustion (fan),0.0
693.2806692144524,319.48717948717945,Hydrogen combustion (fan),0.0
811.1308307896873,319.48717948717945,Hydrogen combustion (fan),0.0
949.0142360424725,319.48717948717945,Hydrogen combustion (fan),0.0
1110.336318167638,319.48717948717945,Hydrogen combustion (fan),0.0
1299.0813969063468,319.48717948717945,Hydrogen combustion (fan),0.0
1519.9110829529332,319.48717948717945,Hydrogen combustion (fan),0.0
1778.2794100389228,319.48717948717945,Hydrogen combustion (fan),0.0
2080.5675382171694,319.48717948717945,Hydrogen combustion (fan),0.0
2434.2413552369194,319.48717948717945,Hydrogen combustion (fan),0.0
2848.035868435799,319.48717948717945,Hydrogen combustion (fan),0.0
3332.1709412448167,319.48717948717945,Hydrogen combustion (fan),0.0
3898.603702549072,319.48717948717945,Hydrogen combustion (fan),0.0
4561.323862890211,319.48717948717945,Hydrogen combustion (fan),0.0
5336.699231206308,319.48717948717945,Hydrogen combustion (fan),0.0
6243.879965653626,319.48717948717945,Hydrogen combustion (fan),0.0
7305.271542664449,319.48717948717945,Hydrogen combustion (fan),0.0
8547.08812559251,319.48717948717945,Hydrogen combustion (fan),0.0
10000.0,319.48717948717945,Hydrogen combustion (fan),0.0
10.0,327.6923076923077,Hydrogen combustion (fan),0.0
11.69989106589066,327.6923076923077,Hydrogen combustion (fan),0.0
13.688745095370805,327.6923076923077,Hydrogen combustion (fan),0.0
16.015682644458355,327.6923076923077,Hydrogen combustion (fan),0.0
18.73817422860384,327.6923076923077,Hydrogen combustion (fan),0.0
21.923459724834466,327.6923076923077,Hydrogen combustion (fan),0.0
25.650209056800456,327.6923076923077,Hydrogen combustion (fan),0.0
30.010465178188735,327.6923076923077,Hydrogen combustion (fan),0.0
35.11191734215131,327.6923076923077,Hydrogen combustion (fan),0.0
41.08056080177274,327.6923076923077,Hydrogen combustion (fan),0.0
48.06380863064389,327.6923076923077,Hydrogen combustion (fan),0.0
56.23413251903491,327.6923076923077,Hydrogen combustion (fan),0.0
65.79332246575679,327.6923076923077,Hydrogen combustion (fan),0.0
76.9774705712371,327.6923076923077,Hydrogen combustion (fan),0.0
90.06280202112787,327.6923076923077,Hydrogen combustion (fan),0.0
105.37249727360725,327.6923076923077,Hydrogen combustion (fan),0.0
123.28467394420659,327.6923076923077,Hydrogen combustion (fan),0.0
144.24172552410664,327.6923076923077,Hydrogen combustion (fan),0.0
168.7612475788147,327.6923076923077,Hydrogen combustion (fan),0.0
197.44882128159367,327.6923076923077,Hydrogen combustion (fan),0.0
231.0129700083158,327.6923076923077,Hydrogen combustion (fan),0.0
270.28265839051625,327.6923076923077,Hydrogen combustion (fan),0.0
316.22776601683796,327.6923076923077,Hydrogen combustion (fan),0.0
369.9830414406966,327.6923076923077,Hydrogen combustion (fan),0.0
432.8761281083057,327.6923076923077,Hydrogen combustion (fan),0.0
506.4603543891704,327.6923076923077,Hydrogen combustion (fan),0.0
592.5530975545674,327.6923076923077,Hydrogen combustion (fan),0.0
693.2806692144524,327.6923076923077,Hydrogen combustion (fan),0.0
811.1308307896873,327.6923076923077,Hydrogen combustion (fan),0.0
949.0142360424725,327.6923076923077,Hydrogen combustion (fan),0.0
1110.336318167638,327.6923076923077,Hydrogen combustion (fan),0.0
1299.0813969063468,327.6923076923077,Hydrogen combustion (fan),0.0
1519.9110829529332,327.6923076923077,Hydrogen combustion (fan),0.0
1778.2794100389228,327.6923076923077,Hydrogen combustion (fan),0.0
2080.5675382171694,327.6923076923077,Hydrogen combustion (fan),0.0
2434.2413552369194,327.6923076923077,Hydrogen combustion (fan),0.0
2848.035868435799,327.6923076923077,Hydrogen combustion (fan),0.0
3332.1709412448167,327.6923076923077,Hydrogen combustion (fan),0.0
3898.603702549072,327.6923076923077,Hydrogen combustion (fan),0.0
4561.323862890211,327.6923076923077,Hydrogen combustion (fan),0.0
5336.699231206308,327.6923076923077,Hydrogen combustion (fan),0.0
6243.879965653626,327.6923076923077,Hydrogen combustion (fan),0.0
7305.271542664449,327.6923076923077,Hydrogen combustion (fan),0.0
8547.08812559251,327.6923076923077,Hydrogen combustion (fan),0.0
10000.0,327.6923076923077,Hydrogen combustion (fan),0.0
10.0,335.8974358974359,Hydrogen combustion (fan),0.0
11.69989106589066,335.8974358974359,Hydrogen combustion (fan),0.0
13.688745095370805,335.8974358974359,Hydrogen combustion (fan),0.0
16.015682644458355,335.8974358974359,Hydrogen combustion (fan),0.0
18.73817422860384,335.8974358974359,Hydrogen combustion (fan),0.0
21.923459724834466,335.8974358974359,Hydrogen combustion (fan),0.0
25.650209056800456,335.8974358974359,Hydrogen combustion (fan),0.0
30.010465178188735,335.8974358974359,Hydrogen combustion (fan),0.0
35.11191734215131,335.8974358974359,Hydrogen combustion (fan),0.0
41.08056080177274,335.8974358974359,Hydrogen combustion (fan),0.0
48.06380863064389,335.8974358974359,Hydrogen combustion (fan),0.0
56.23413251903491,335.8974358974359,Hydrogen combustion (fan),0.0
65.79332246575679,335.8974358974359,Hydrogen combustion (fan),0.0
76.9774705712371,335.8974358974359,Hydrogen combustion (fan),0.0
90.06280202112787,335.8974358974359,Hydrogen combustion (fan),0.0
105.37249727360725,335.8974358974359,Hydrogen combustion (fan),0.0
123.28467394420659,335.8974358974359,Hydrogen combustion (fan),0.0
144.24172552410664,335.8974358974359,Hydrogen combustion (fan),0.0
168.7612475788147,335.8974358974359,Hydrogen combustion (fan),0.0
197.44882128159367,335.8974358974359,Hydrogen combustion (fan),0.0
231.0129700083158,335.8974358974359,Hydrogen combustion (fan),0.0
270.28265839051625,335.8974358974359,Hydrogen combustion (fan),0.0
316.22776601683796,335.8974358974359,Hydrogen combustion (fan),0.0
369.9830414406966,335.8974358974359,Hydrogen combustion (fan),0.0
432.8761281083057,335.8974358974359,Hydrogen combustion (fan),0.0
506.4603543891704,335.8974358974359,Hydrogen combustion (fan),0.0
592.5530975545674,335.8974358974359,Hydrogen combustion (fan),0.0
693.2806692144524,335.8974358974359,Hydrogen combustion (fan),0.0
811.1308307896873,335.8974358974359,Hydrogen combustion (fan),0.0
949.0142360424725,335.8974358974359,Hydrogen combustion (fan),0.0
1110.336318167638,335.8974358974359,Hydrogen combustion (fan),0.0
1299.0813969063468,335.8974358974359,Hydrogen combustion (fan),0.0
1519.9110829529332,335.8974358974359,Hydrogen combustion (fan),0.0
1778.2794100389228,335.8974358974359,Hydrogen combustion (fan),0.0
2080.5675382171694,335.8974358974359,Hydrogen combustion (fan),0.0
2434.2413552369194,335.8974358974359,Hydrogen combustion (fan),0.0
2848.035868435799,335.8974358974359,Hydrogen combustion (fan),0.0
3332.1709412448167,335.8974358974359,Hydrogen combustion (fan),0.0
3898.603702549072,335.8974358974359,Hydrogen combustion (fan),0.0
4561.323862890211,335.8974358974359,Hydrogen combustion (fan),0.0
5336.699231206308,335.8974358974359,Hydrogen combustion (fan),0.0
6243.879965653626,335.8974358974359,Hydrogen combustion (fan),0.0
7305.271542664449,335.8974358974359,Hydrogen combustion (fan),0.0
8547.08812559251,335.8974358974359,Hydrogen combustion (fan),0.0
10000.0,335.8974358974359,Hydrogen combustion (fan),0.0
10.0,344.1025641025641,Hydrogen combustion (fan),0.0
11.69989106589066,344.1025641025641,Hydrogen combustion (fan),0.0
13.688745095370805,344.1025641025641,Hydrogen combustion (fan),0.0
16.015682644458355,344.1025641025641,Hydrogen combustion (fan),0.0
18.73817422860384,344.1025641025641,Hydrogen combustion (fan),0.0
21.923459724834466,344.1025641025641,Hydrogen combustion (fan),0.0
25.650209056800456,344.1025641025641,Hydrogen combustion (fan),0.0
30.010465178188735,344.1025641025641,Hydrogen combustion (fan),0.0
35.11191734215131,344.1025641025641,Hydrogen combustion (fan),0.0
41.08056080177274,344.1025641025641,Hydrogen combustion (fan),0.0
48.06380863064389,344.1025641025641,Hydrogen combustion (fan),0.0
56.23413251903491,344.1025641025641,Hydrogen combustion (fan),0.0
65.79332246575679,344.1025641025641,Hydrogen combustion (fan),0.0
76.9774705712371,344.1025641025641,Hydrogen combustion (fan),0.0
90.06280202112787,344.1025641025641,Hydrogen combustion (fan),0.0
105.37249727360725,344.1025641025641,Hydrogen combustion (fan),0.0
123.28467394420659,344.1025641025641,Hydrogen combustion (fan),0.0
144.24172552410664,344.1025641025641,Hydrogen combustion (fan),0.0
168.7612475788147,344.1025641025641,Hydrogen combustion (fan),0.0
197.44882128159367,344.1025641025641,Hydrogen combustion (fan),0.0
231.0129700083158,344.1025641025641,Hydrogen combustion (fan),0.0
270.28265839051625,344.1025641025641,Hydrogen combustion (fan),0.0
316.22776601683796,344.1025641025641,Hydrogen combustion (fan),0.0
369.9830414406966,344.1025641025641,Hydrogen combustion (fan),0.0
432.8761281083057,344.1025641025641,Hydrogen combustion (fan),0.0
506.4603543891704,344.1025641025641,Hydrogen combustion (fan),0.0
592.5530975545674,344.1025641025641,Hydrogen combustion (fan),0.0
693.2806692144524,344.1025641025641,Hydrogen combustion (fan),0.0
811.1308307896873,344.1025641025641,Hydrogen combustion (fan),0.0
949.0142360424725,344.1025641025641,Hydrogen combustion (fan),0.0
1110.336318167638,344.1025641025641,Hydrogen combustion (fan),0.0
1299.0813969063468,344.1025641025641,Hydrogen combustion (fan),0.0
1519.9110829529332,344.1025641025641,Hydrogen combustion (fan),0.0
1778.2794100389228,344.1025641025641,Hydrogen combustion (fan),0.0
2080.5675382171694,344.1025641025641,Hydrogen combustion (fan),0.0
2434.2413552369194,344.1025641025641,Hydrogen combustion (fan),0.0
2848.035868435799,344.1025641025641,Hydrogen combustion (fan),0.0
3332.1709412448167,344.1025641025641,Hydrogen combustion (fan),0.0
3898.603702549072,344.1025641025641,Hydrogen combustion (fan),0.0
4561.323862890211,344.1025641025641,Hydrogen combustion (fan),0.0
5336.699231206308,344.1025641025641,Hydrogen combustion (fan),0.0
6243.879965653626,344.1025641025641,Hydrogen combustion (fan),0.0
7305.271542664449,344.1025641025641,Hydrogen combustion (fan),0.0
8547.08812559251,344.1025641025641,Hydrogen combustion (fan),0.0
10000.0,344.1025641025641,Hydrogen combustion (fan),0.0
10.0,352.30769230769226,Hydrogen combustion (fan),0.0
11.69989106589066,352.30769230769226,Hydrogen combustion (fan),0.0
13.688745095370805,352.30769230769226,Hydrogen combustion (fan),0.0
16.015682644458355,352.30769230769226,Hydrogen combustion (fan),0.0
18.73817422860384,352.30769230769226,Hydrogen combustion (fan),0.0
21.923459724834466,352.30769230769226,Hydrogen combustion (fan),0.0
25.650209056800456,352.30769230769226,Hydrogen combustion (fan),0.0
30.010465178188735,352.30769230769226,Hydrogen combustion (fan),0.0
35.11191734215131,352.30769230769226,Hydrogen combustion (fan),0.0
41.08056080177274,352.30769230769226,Hydrogen combustion (fan),0.0
48.06380863064389,352.30769230769226,Hydrogen combustion (fan),0.0
56.23413251903491,352.30769230769226,Hydrogen combustion (fan),0.0
65.79332246575679,352.30769230769226,Hydrogen combustion (fan),0.0
76.9774705712371,352.30769230769226,Hydrogen combustion (fan),0.0
90.06280202112787,352.30769230769226,Hydrogen combustion (fan),0.0
105.37249727360725,352.30769230769226,Hydrogen combustion (fan),0.0
123.28467394420659,352.30769230769226,Hydrogen combustion (fan),0.0
144.24172552410664,352.30769230769226,Hydrogen combustion (fan),0.0
168.7612475788147,352.30769230769226,Hydrogen combustion (fan),0.0
197.44882128159367,352.30769230769226,Hydrogen combustion (fan),0.0
231.0129700083158,352.30769230769226,Hydrogen combustion (fan),0.0
270.28265839051625,352.30769230769226,Hydrogen combustion (fan),0.0
316.22776601683796,352.30769230769226,Hydrogen combustion (fan),0.0
369.9830414406966,352.30769230769226,Hydrogen combustion (fan),0.0
432.8761281083057,352.30769230769226,Hydrogen combustion (fan),0.0
506.4603543891704,352.30769230769226,Hydrogen combustion (fan),0.0
592.5530975545674,352.30769230769226,Hydrogen combustion (fan),0.0
693.2806692144524,352.30769230769226,Hydrogen combustion (fan),0.0
811.1308307896873,352.30769230769226,Hydrogen combustion (fan),0.0
949.0142360424725,352.30769230769226,Hydrogen combustion (fan),0.0
1110.336318167638,352.30769230769226,Hydrogen combustion (fan),0.0
1299.0813969063468,352.30769230769226,Hydrogen combustion (fan),0.0
1519.9110829529332,352.30769230769226,Hydrogen combustion (fan),0.0
1778.2794100389228,352.30769230769226,Hydrogen combustion (fan),0.0
2080.5675382171694,352.30769230769226,Hydrogen combustion (fan),0.0
2434.2413552369194,352.30769230769226,Hydrogen combustion (fan),0.0
2848.035868435799,352.30769230769226,Hydrogen combustion (fan),0.0
3332.1709412448167,352.30769230769226,Hydrogen combustion (fan),0.0
3898.603702549072,352.30769230769226,Hydrogen combustion (fan),0.0
4561.323862890211,352.30769230769226,Hydrogen combustion (fan),0.0
5336.699231206308,352.30769230769226,Hydrogen combustion (fan),0.0
6243.879965653626,352.30769230769226,Hydrogen combustion (fan),0.0
7305.271542664449,352.30769230769226,Hydrogen combustion (fan),0.0
8547.08812559251,352.30769230769226,Hydrogen combustion (fan),0.0
10000.0,352.30769230769226,Hydrogen combustion (fan),0.0
10.0,360.5128205128205,Hydrogen combustion (fan),0.0
11.69989106589066,360.5128205128205,Hydrogen combustion (fan),0.0
13.688745095370805,360.5128205128205,Hydrogen combustion (fan),0.0
16.015682644458355,360.5128205128205,Hydrogen combustion (fan),0.0
18.73817422860384,360.5128205128205,Hydrogen combustion (fan),0.0
21.923459724834466,360.5128205128205,Hydrogen combustion (fan),0.0
25.650209056800456,360.5128205128205,Hydrogen combustion (fan),0.0
30.010465178188735,360.5128205128205,Hydrogen combustion (fan),0.0
35.11191734215131,360.5128205128205,Hydrogen combustion (fan),0.0
41.08056080177274,360.5128205128205,Hydrogen combustion (fan),0.0
48.06380863064389,360.5128205128205,Hydrogen combustion (fan),0.0
56.23413251903491,360.5128205128205,Hydrogen combustion (fan),0.0
65.79332246575679,360.5128205128205,Hydrogen combustion (fan),0.0
76.9774705712371,360.5128205128205,Hydrogen combustion (fan),0.0
90.06280202112787,360.5128205128205,Hydrogen combustion (fan),0.0
105.37249727360725,360.5128205128205,Hydrogen combustion (fan),0.0
123.28467394420659,360.5128205128205,Hydrogen combustion (fan),0.0
144.24172552410664,360.5128205128205,Hydrogen combustion (fan),0.0
168.7612475788147,360.5128205128205,Hydrogen combustion (fan),0.0
197.44882128159367,360.5128205128205,Hydrogen combustion (fan),0.0
231.0129700083158,360.5128205128205,Hydrogen combustion (fan),0.0
270.28265839051625,360.5128205128205,Hydrogen combustion (fan),0.0
316.22776601683796,360.5128205128205,Hydrogen combustion (fan),0.0
369.9830414406966,360.5128205128205,Hydrogen combustion (fan),0.0
432.8761281083057,360.5128205128205,Hydrogen combustion (fan),0.0
506.4603543891704,360.5128205128205,Hydrogen combustion (fan),0.0
592.5530975545674,360.5128205128205,Hydrogen combustion (fan),0.0
693.2806692144524,360.5128205128205,Hydrogen combustion (fan),0.0
811.1308307896873,360.5128205128205,Hydrogen combustion (fan),0.0
949.0142360424725,360.5128205128205,Hydrogen combustion (fan),0.0
1110.336318167638,360.5128205128205,Hydrogen combustion (fan),0.0
1299.0813969063468,360.5128205128205,Hydrogen combustion (fan),0.0
1519.9110829529332,360.5128205128205,Hydrogen combustion (fan),0.0
1778.2794100389228,360.5128205128205,Hydrogen combustion (fan),0.0
2080.5675382171694,360.5128205128205,Hydrogen combustion (fan),0.0
2434.2413552369194,360.5128205128205,Hydrogen combustion (fan),0.0
2848.035868435799,360.5128205128205,Hydrogen combustion (fan),0.0
3332.1709412448167,360.5128205128205,Hydrogen combustion (fan),0.0
3898.603702549072,360.5128205128205,Hydrogen combustion (fan),0.0
4561.323862890211,360.5128205128205,Hydrogen combustion (fan),0.0
5336.699231206308,360.5128205128205,Hydrogen combustion (fan),0.0
6243.879965653626,360.5128205128205,Hydrogen combustion (fan),0.0
7305.271542664449,360.5128205128205,Hydrogen combustion (fan),0.0
8547.08812559251,360.5128205128205,Hydrogen combustion (fan),0.0
10000.0,360.5128205128205,Hydrogen combustion (fan),0.0
10.0,368.71794871794873,Hydrogen combustion (fan),0.0
11.69989106589066,368.71794871794873,Hydrogen combustion (fan),0.0
13.688745095370805,368.71794871794873,Hydrogen combustion (fan),0.0
16.015682644458355,368.71794871794873,Hydrogen combustion (fan),0.0
18.73817422860384,368.71794871794873,Hydrogen combustion (fan),0.0
21.923459724834466,368.71794871794873,Hydrogen combustion (fan),0.0
25.650209056800456,368.71794871794873,Hydrogen combustion (fan),0.0
30.010465178188735,368.71794871794873,Hydrogen combustion (fan),0.0
35.11191734215131,368.71794871794873,Hydrogen combustion (fan),0.0
41.08056080177274,368.71794871794873,Hydrogen combustion (fan),0.0
48.06380863064389,368.71794871794873,Hydrogen combustion (fan),0.0
56.23413251903491,368.71794871794873,Hydrogen combustion (fan),0.0
65.79332246575679,368.71794871794873,Hydrogen combustion (fan),0.0
76.9774705712371,368.71794871794873,Hydrogen combustion (fan),0.0
90.06280202112787,368.71794871794873,Hydrogen combustion (fan),0.0
105.37249727360725,368.71794871794873,Hydrogen combustion (fan),0.0
123.28467394420659,368.71794871794873,Hydrogen combustion (fan),0.0
144.24172552410664,368.71794871794873,Hydrogen combustion (fan),0.0
168.7612475788147,368.71794871794873,Hydrogen combustion (fan),0.0
197.44882128159367,368.71794871794873,Hydrogen combustion (fan),0.0
231.0129700083158,368.71794871794873,Hydrogen combustion (fan),0.0
270.28265839051625,368.71794871794873,Hydrogen combustion (fan),0.0
316.22776601683796,368.71794871794873,Hydrogen combustion (fan),0.0
369.9830414406966,368.71794871794873,Hydrogen combustion (fan),0.0
432.8761281083057,368.71794871794873,Hydrogen combustion (fan),0.0
506.4603543891704,368.71794871794873,Hydrogen combustion (fan),0.0
592.5530975545674,368.71794871794873,Hydrogen combustion (fan),0.0
693.2806692144524,368.71794871794873,Hydrogen combustion (fan),0.0
811.1308307896873,368.71794871794873,Hydrogen combustion (fan),0.0
949.0142360424725,368.71794871794873,Hydrogen combustion (fan),0.0
1110.336318167638,368.71794871794873,Hydrogen combustion (fan),0.0
1299.0813969063468,368.71794871794873,Hydrogen combustion (fan),0.0
1519.9110829529332,368.71794871794873,Hydrogen combustion (fan),0.0
1778.2794100389228,368.71794871794873,Hydrogen combustion (fan),0.0
2080.5675382171694,368.71794871794873,Hydrogen combustion (fan),0.0
2434.2413552369194,368.71794871794873,Hydrogen combustion (fan),0.0
2848.035868435799,368.71794871794873,Hydrogen combustion (fan),0.0
3332.1709412448167,368.71794871794873,Hydrogen combustion (fan),0.0
3898.603702549072,368.71794871794873,Hydrogen combustion (fan),0.0
4561.323862890211,368.71794871794873,Hydrogen combustion (fan),0.0
5336.699231206308,368.71794871794873,Hydrogen combustion (fan),0.0
6243.879965653626,368.71794871794873,Hydrogen combustion (fan),0.0
7305.271542664449,368.71794871794873,Hydrogen combustion (fan),0.0
8547.08812559251,368.71794871794873,Hydrogen combustion (fan),0.0
10000.0,368.71794871794873,Hydrogen combustion (fan),0.0
10.0,376.9230769230769,Hydrogen combustion (fan),0.0
11.69989106589066,376.9230769230769,Hydrogen combustion (fan),0.0
13.688745095370805,376.9230769230769,Hydrogen combustion (fan),0.0
16.015682644458355,376.9230769230769,Hydrogen combustion (fan),0.0
18.73817422860384,376.9230769230769,Hydrogen combustion (fan),0.0
21.923459724834466,376.9230769230769,Hydrogen combustion (fan),0.0
25.650209056800456,376.9230769230769,Hydrogen combustion (fan),0.0
30.010465178188735,376.9230769230769,Hydrogen combustion (fan),0.0
35.11191734215131,376.9230769230769,Hydrogen combustion (fan),0.0
41.08056080177274,376.9230769230769,Hydrogen combustion (fan),0.0
48.06380863064389,376.9230769230769,Hydrogen combustion (fan),0.0
56.23413251903491,376.9230769230769,Hydrogen combustion (fan),0.0
65.79332246575679,376.9230769230769,Hydrogen combustion (fan),0.0
76.9774705712371,376.9230769230769,Hydrogen combustion (fan),0.0
90.06280202112787,376.9230769230769,Hydrogen combustion (fan),0.0
105.37249727360725,376.9230769230769,Hydrogen combustion (fan),0.0
123.28467394420659,376.9230769230769,Hydrogen combustion (fan),0.0
144.24172552410664,376.9230769230769,Hydrogen combustion (fan),0.0
168.7612475788147,376.9230769230769,Hydrogen combustion (fan),0.0
197.44882128159367,376.9230769230769,Hydrogen combustion (fan),0.0
231.0129700083158,376.9230769230769,Hydrogen combustion (fan),0.0
270.28265839051625,376.9230769230769,Hydrogen combustion (fan),0.0
316.22776601683796,376.9230769230769,Hydrogen combustion (fan),0.0
369.9830414406966,376.9230769230769,Hydrogen combustion (fan),0.0
432.8761281083057,376.9230769230769,Hydrogen combustion (fan),0.0
506.4603543891704,376.9230769230769,Hydrogen combustion (fan),0.0
592.5530975545674,376.9230769230769,Hydrogen combustion (fan),0.0
693.2806692144524,376.9230769230769,Hydrogen combustion (fan),0.0
811.1308307896873,376.9230769230769,Hydrogen combustion (fan),0.0
949.0142360424725,376.9230769230769,Hydrogen combustion (fan),0.0
1110.336318167638,376.9230769230769,Hydrogen combustion (fan),0.0
1299.0813969063468,376.9230769230769,Hydrogen combustion (fan),0.0
1519.9110829529332,376.9230769230769,Hydrogen combustion (fan),0.0
1778.2794100389228,376.9230769230769,Hydrogen combustion (fan),0.0
2080.5675382171694,376.9230769230769,Hydrogen combustion (fan),0.0
2434.2413552369194,376.9230769230769,Hydrogen combustion (fan),0.0
2848.035868435799,376.9230769230769,Hydrogen combustion (fan),0.0
3332.1709412448167,376.9230769230769,Hydrogen combustion (fan),0.0
3898.603702549072,376.9230769230769,Hydrogen combustion (fan),0.0
4561.323862890211,376.9230769230769,Hydrogen combustion (fan),0.0
5336.699231206308,376.9230769230769,Hydrogen combustion (fan),0.0
6243.879965653626,376.9230769230769,Hydrogen combustion (fan),0.0
7305.271542664449,376.9230769230769,Hydrogen combustion (fan),0.0
8547.08812559251,376.9230769230769,Hydrogen combustion (fan),0.0
10000.0,376.9230769230769,Hydrogen combustion (fan),0.0
10.0,385.1282051282051,Hydrogen combustion (fan),0.0
11.69989106589066,385.1282051282051,Hydrogen combustion (fan),0.0
13.688745095370805,385.1282051282051,Hydrogen combustion (fan),0.0
16.015682644458355,385.1282051282051,Hydrogen combustion (fan),0.0
18.73817422860384,385.1282051282051,Hydrogen combustion (fan),0.0
21.923459724834466,385.1282051282051,Hydrogen combustion (fan),0.0
25.650209056800456,385.1282051282051,Hydrogen combustion (fan),0.0
30.010465178188735,385.1282051282051,Hydrogen combustion (fan),0.0
35.11191734215131,385.1282051282051,Hydrogen combustion (fan),0.0
41.08056080177274,385.1282051282051,Hydrogen combustion (fan),0.0
48.06380863064389,385.1282051282051,Hydrogen combustion (fan),0.0
56.23413251903491,385.1282051282051,Hydrogen combustion (fan),0.0
65.79332246575679,385.1282051282051,Hydrogen combustion (fan),0.0
76.9774705712371,385.1282051282051,Hydrogen combustion (fan),0.0
90.06280202112787,385.1282051282051,Hydrogen combustion (fan),0.0
105.37249727360725,385.1282051282051,Hydrogen combustion (fan),0.0
123.28467394420659,385.1282051282051,Hydrogen combustion (fan),0.0
144.24172552410664,385.1282051282051,Hydrogen combustion (fan),0.0
168.7612475788147,385.1282051282051,Hydrogen combustion (fan),0.0
197.44882128159367,385.1282051282051,Hydrogen combustion (fan),0.0
231.0129700083158,385.1282051282051,Hydrogen combustion (fan),0.0
270.28265839051625,385.1282051282051,Hydrogen combustion (fan),0.0
316.22776601683796,385.1282051282051,Hydrogen combustion (fan),0.0
369.9830414406966,385.1282051282051,Hydrogen combustion (fan),0.0
432.8761281083057,385.1282051282051,Hydrogen combustion (fan),0.0
506.4603543891704,385.1282051282051,Hydrogen combustion (fan),0.0
592.5530975545674,385.1282051282051,Hydrogen combustion (fan),0.0
693.2806692144524,385.1282051282051,Hydrogen combustion (fan),0.0
811.1308307896873,385.1282051282051,Hydrogen combustion (fan),0.0
949.0142360424725,385.1282051282051,Hydrogen combustion (fan),0.0
1110.336318167638,385.1282051282051,Hydrogen combustion (fan),0.0
1299.0813969063468,385.1282051282051,Hydrogen combustion (fan),0.0
1519.9110829529332,385.1282051282051,Hydrogen combustion (fan),0.0
1778.2794100389228,385.1282051282051,Hydrogen combustion (fan),0.0
2080.5675382171694,385.1282051282051,Hydrogen combustion (fan),0.0
2434.2413552369194,385.1282051282051,Hydrogen combustion (fan),0.0
2848.035868435799,385.1282051282051,Hydrogen combustion (fan),0.0
3332.1709412448167,385.1282051282051,Hydrogen combustion (fan),0.0
3898.603702549072,385.1282051282051,Hydrogen combustion (fan),0.0
4561.323862890211,385.1282051282051,Hydrogen combustion (fan),0.0
5336.699231206308,385.1282051282051,Hydrogen combustion (fan),0.0
6243.879965653626,385.1282051282051,Hydrogen combustion (fan),0.0
7305.271542664449,385.1282051282051,Hydrogen combustion (fan),0.0
8547.08812559251,385.1282051282051,Hydrogen combustion (fan),0.0
10000.0,385.1282051282051,Hydrogen combustion (fan),0.0
10.0,393.3333333333333,Hydrogen combustion (fan),0.0
11.69989106589066,393.3333333333333,Hydrogen combustion (fan),0.0
13.688745095370805,393.3333333333333,Hydrogen combustion (fan),0.0
16.015682644458355,393.3333333333333,Hydrogen combustion (fan),0.0
18.73817422860384,393.3333333333333,Hydrogen combustion (fan),0.0
21.923459724834466,393.3333333333333,Hydrogen combustion (fan),0.0
25.650209056800456,393.3333333333333,Hydrogen combustion (fan),0.0
30.010465178188735,393.3333333333333,Hydrogen combustion (fan),0.0
35.11191734215131,393.3333333333333,Hydrogen combustion (fan),0.0
41.08056080177274,393.3333333333333,Hydrogen combustion (fan),0.0
48.06380863064389,393.3333333333333,Hydrogen combustion (fan),0.0
56.23413251903491,393.3333333333333,Hydrogen combustion (fan),0.0
65.79332246575679,393.3333333333333,Hydrogen combustion (fan),0.0
76.9774705712371,393.3333333333333,Hydrogen combustion (fan),0.0
90.06280202112787,393.3333333333333,Hydrogen combustion (fan),0.0
105.37249727360725,393.3333333333333,Hydrogen combustion (fan),0.0
123.28467394420659,393.3333333333333,Hydrogen combustion (fan),0.0
144.24172552410664,393.3333333333333,Hydrogen combustion (fan),0.0
168.7612475788147,393.3333333333333,Hydrogen combustion (fan),0.0
197.44882128159367,393.3333333333333,Hydrogen combustion (fan),0.0
231.0129700083158,393.3333333333333,Hydrogen combustion (fan),0.0
270.28265839051625,393.3333333333333,Hydrogen combustion (fan),0.0
316.22776601683796,393.3333333333333,Hydrogen combustion (fan),0.0
369.9830414406966,393.3333333333333,Hydrogen combustion (fan),0.0
432.8761281083057,393.3333333333333,Hydrogen combustion (fan),0.0
506.4603543891704,393.3333333333333,Hydrogen combustion (fan),0.0
592.5530975545674,393.3333333333333,Hydrogen combustion (fan),0.0
693.2806692144524,393.3333333333333,Hydrogen combustion (fan),0.0
811.1308307896873,393.3333333333333,Hydrogen combustion (fan),0.0
949.0142360424725,393.3333333333333,Hydrogen combustion (fan),0.0
1110.336318167638,393.3333333333333,Hydrogen combustion (fan),0.0
1299.0813969063468,393.3333333333333,Hydrogen combustion (fan),0.0
1519.9110829529332,393.3333333333333,Hydrogen combustion (fan),0.0
1778.2794100389228,393.3333333333333,Hydrogen combustion (fan),0.0
2080.5675382171694,393.3333333333333,Hydrogen combustion (fan),0.0
2434.2413552369194,393.3333333333333,Hydrogen combustion (fan),0.0
2848.035868435799,393.3333333333333,Hydrogen combustion (fan),0.0
3332.1709412448167,393.3333333333333,Hydrogen combustion (fan),0.0
3898.603702549072,393.3333333333333,Hydrogen combustion (fan),0.0
4561.323862890211,393.3333333333333,Hydrogen combustion (fan),0.0
5336.699231206308,393.3333333333333,Hydrogen combustion (fan),0.0
6243.879965653626,393.3333333333333,Hydrogen combustion (fan),0.0
7305.271542664449,393.3333333333333,Hydrogen combustion (fan),0.0
8547.08812559251,393.3333333333333,Hydrogen combustion (fan),0.0
10000.0,393.3333333333333,Hydrogen combustion (fan),0.0
10.0,401.53846153846155,Hydrogen combustion (fan),0.0
11.69989106589066,401.53846153846155,Hydrogen combustion (fan),0.0
13.688745095370805,401.53846153846155,Hydrogen combustion (fan),0.0
16.015682644458355,401.53846153846155,Hydrogen combustion (fan),0.0
18.73817422860384,401.53846153846155,Hydrogen combustion (fan),0.0
21.923459724834466,401.53846153846155,Hydrogen combustion (fan),0.0
25.650209056800456,401.53846153846155,Hydrogen combustion (fan),0.0
30.010465178188735,401.53846153846155,Hydrogen combustion (fan),0.0
35.11191734215131,401.53846153846155,Hydrogen combustion (fan),0.0
41.08056080177274,401.53846153846155,Hydrogen combustion (fan),0.0
48.06380863064389,401.53846153846155,Hydrogen combustion (fan),0.0
56.23413251903491,401.53846153846155,Hydrogen combustion (fan),0.0
65.79332246575679,401.53846153846155,Hydrogen combustion (fan),0.0
76.9774705712371,401.53846153846155,Hydrogen combustion (fan),0.0
90.06280202112787,401.53846153846155,Hydrogen combustion (fan),0.0
105.37249727360725,401.53846153846155,Hydrogen combustion (fan),0.0
123.28467394420659,401.53846153846155,Hydrogen combustion (fan),0.0
144.24172552410664,401.53846153846155,Hydrogen combustion (fan),0.0
168.7612475788147,401.53846153846155,Hydrogen combustion (fan),0.0
197.44882128159367,401.53846153846155,Hydrogen combustion (fan),0.0
231.0129700083158,401.53846153846155,Hydrogen combustion (fan),0.0
270.28265839051625,401.53846153846155,Hydrogen combustion (fan),0.0
316.22776601683796,401.53846153846155,Hydrogen combustion (fan),0.0
369.9830414406966,401.53846153846155,Hydrogen combustion (fan),0.0
432.8761281083057,401.53846153846155,Hydrogen combustion (fan),0.0
506.4603543891704,401.53846153846155,Hydrogen combustion (fan),0.0
592.5530975545674,401.53846153846155,Hydrogen combustion (fan),0.0
693.2806692144524,401.53846153846155,Hydrogen combustion (fan),0.0
811.1308307896873,401.53846153846155,Hydrogen combustion (fan),0.0
949.0142360424725,401.53846153846155,Hydrogen combustion (fan),0.0
1110.336318167638,401.53846153846155,Hydrogen combustion (fan),0.0
1299.0813969063468,401.53846153846155,Hydrogen combustion (fan),0.0
1519.9110829529332,401.53846153846155,Hydrogen combustion (fan),0.0
1778.2794100389228,401.53846153846155,Hydrogen combustion (fan),0.0
2080.5675382171694,401.53846153846155,Hydrogen combustion (fan),0.0
2434.2413552369194,401.53846153846155,Hydrogen combustion (fan),0.0
2848.035868435799,401.53846153846155,Hydrogen combustion (fan),0.0
3332.1709412448167,401.53846153846155,Hydrogen combustion (fan),0.0
3898.603702549072,401.53846153846155,Hydrogen combustion (fan),0.0
4561.323862890211,401.53846153846155,Hydrogen combustion (fan),0.0
5336.699231206308,401.53846153846155,Hydrogen combustion (fan),0.0
6243.879965653626,401.53846153846155,Hydrogen combustion (fan),0.0
7305.271542664449,401.53846153846155,Hydrogen combustion (fan),0.0
8547.08812559251,401.53846153846155,Hydrogen combustion (fan),0.0
10000.0,401.53846153846155,Hydrogen combustion (fan),0.0
10.0,409.7435897435897,Hydrogen combustion (fan),0.0
11.69989106589066,409.7435897435897,Hydrogen combustion (fan),0.0
13.688745095370805,409.7435897435897,Hydrogen combustion (fan),0.0
16.015682644458355,409.7435897435897,Hydrogen combustion (fan),0.0
18.73817422860384,409.7435897435897,Hydrogen combustion (fan),0.0
21.923459724834466,409.7435897435897,Hydrogen combustion (fan),0.0
25.650209056800456,409.7435897435897,Hydrogen combustion (fan),0.0
30.010465178188735,409.7435897435897,Hydrogen combustion (fan),0.0
35.11191734215131,409.7435897435897,Hydrogen combustion (fan),0.0
41.08056080177274,409.7435897435897,Hydrogen combustion (fan),0.0
48.06380863064389,409.7435897435897,Hydrogen combustion (fan),0.0
56.23413251903491,409.7435897435897,Hydrogen combustion (fan),0.0
65.79332246575679,409.7435897435897,Hydrogen combustion (fan),0.0
76.9774705712371,409.7435897435897,Hydrogen combustion (fan),0.0
90.06280202112787,409.7435897435897,Hydrogen combustion (fan),0.0
105.37249727360725,409.7435897435897,Hydrogen combustion (fan),0.0
123.28467394420659,409.7435897435897,Hydrogen combustion (fan),0.0
144.24172552410664,409.7435897435897,Hydrogen combustion (fan),0.0
168.7612475788147,409.7435897435897,Hydrogen combustion (fan),0.0
197.44882128159367,409.7435897435897,Hydrogen combustion (fan),0.0
231.0129700083158,409.7435897435897,Hydrogen combustion (fan),0.0
270.28265839051625,409.7435897435897,Hydrogen combustion (fan),0.0
316.22776601683796,409.7435897435897,Hydrogen combustion (fan),0.0
369.9830414406966,409.7435897435897,Hydrogen combustion (fan),0.0
432.8761281083057,409.7435897435897,Hydrogen combustion (fan),0.0
506.4603543891704,409.7435897435897,Hydrogen combustion (fan),0.0
592.5530975545674,409.7435897435897,Hydrogen combustion (fan),0.0
693.2806692144524,409.7435897435897,Hydrogen combustion (fan),0.0
811.1308307896873,409.7435897435897,Hydrogen combustion (fan),0.0
949.0142360424725,409.7435897435897,Hydrogen combustion (fan),0.0
1110.336318167638,409.7435897435897,Hydrogen combustion (fan),0.0
1299.0813969063468,409.7435897435897,Hydrogen combustion (fan),0.0
1519.9110829529332,409.7435897435897,Hydrogen combustion (fan),0.0
1778.2794100389228,409.7435897435897,Hydrogen combustion (fan),0.0
2080.5675382171694,409.7435897435897,Hydrogen combustion (fan),0.0
2434.2413552369194,409.7435897435897,Hydrogen combustion (fan),0.0
2848.035868435799,409.7435897435897,Hydrogen combustion (fan),0.0
3332.1709412448167,409.7435897435897,Hydrogen combustion (fan),0.0
3898.603702549072,409.7435897435897,Hydrogen combustion (fan),0.0
4561.323862890211,409.7435897435897,Hydrogen combustion (fan),0.0
5336.699231206308,409.7435897435897,Hydrogen combustion (fan),0.0
6243.879965653626,409.7435897435897,Hydrogen combustion (fan),0.0
7305.271542664449,409.7435897435897,Hydrogen combustion (fan),0.0
8547.08812559251,409.7435897435897,Hydrogen combustion (fan),0.0
10000.0,409.7435897435897,Hydrogen combustion (fan),0.0
10.0,417.9487179487179,Hydrogen combustion (fan),0.0
11.69989106589066,417.9487179487179,Hydrogen combustion (fan),0.0
13.688745095370805,417.9487179487179,Hydrogen combustion (fan),0.0
16.015682644458355,417.9487179487179,Hydrogen combustion (fan),0.0
18.73817422860384,417.9487179487179,Hydrogen combustion (fan),0.0
21.923459724834466,417.9487179487179,Hydrogen combustion (fan),0.0
25.650209056800456,417.9487179487179,Hydrogen combustion (fan),0.0
30.010465178188735,417.9487179487179,Hydrogen combustion (fan),0.0
35.11191734215131,417.9487179487179,Hydrogen combustion (fan),0.0
41.08056080177274,417.9487179487179,Hydrogen combustion (fan),0.0
48.06380863064389,417.9487179487179,Hydrogen combustion (fan),0.0
56.23413251903491,417.9487179487179,Hydrogen combustion (fan),0.0
65.79332246575679,417.9487179487179,Hydrogen combustion (fan),0.0
76.9774705712371,417.9487179487179,Hydrogen combustion (fan),0.0
90.06280202112787,417.9487179487179,Hydrogen combustion (fan),0.0
105.37249727360725,417.9487179487179,Hydrogen combustion (fan),0.0
123.28467394420659,417.9487179487179,Hydrogen combustion (fan),0.0
144.24172552410664,417.9487179487179,Hydrogen combustion (fan),0.0
168.7612475788147,417.9487179487179,Hydrogen combustion (fan),0.0
197.44882128159367,417.9487179487179,Hydrogen combustion (fan),0.0
231.0129700083158,417.9487179487179,Hydrogen combustion (fan),0.0
270.28265839051625,417.9487179487179,Hydrogen combustion (fan),0.0
316.22776601683796,417.9487179487179,Hydrogen combustion (fan),0.0
369.9830414406966,417.9487179487179,Hydrogen combustion (fan),0.0
432.8761281083057,417.9487179487179,Hydrogen combustion (fan),0.0
506.4603543891704,417.9487179487179,Hydrogen combustion (fan),0.0
592.5530975545674,417.9487179487179,Hydrogen combustion (fan),0.0
693.2806692144524,417.9487179487179,Hydrogen combustion (fan),0.0
811.1308307896873,417.9487179487179,Hydrogen combustion (fan),0.0
949.0142360424725,417.9487179487179,Hydrogen combustion (fan),0.0
1110.336318167638,417.9487179487179,Hydrogen combustion (fan),0.0
1299.0813969063468,417.9487179487179,Hydrogen combustion (fan),0.0
1519.9110829529332,417.9487179487179,Hydrogen combustion (fan),0.0
1778.2794100389228,417.9487179487179,Hydrogen combustion (fan),0.0
2080.5675382171694,417.9487179487179,Hydrogen combustion (fan),0.0
2434.2413552369194,417.9487179487179,Hydrogen combustion (fan),0.0
2848.035868435799,417.9487179487179,Hydrogen combustion (fan),0.0
3332.1709412448167,417.9487179487179,Hydrogen combustion (fan),0.0
3898.603702549072,417.9487179487179,Hydrogen combustion (fan),0.0
4561.323862890211,417.9487179487179,Hydrogen combustion (fan),0.0
5336.699231206308,417.9487179487179,Hydrogen combustion (fan),0.0
6243.879965653626,417.9487179487179,Hydrogen combustion (fan),0.0
7305.271542664449,417.9487179487179,Hydrogen combustion (fan),0.0
8547.08812559251,417.9487179487179,Hydrogen combustion (fan),0.0
10000.0,417.9487179487179,Hydrogen combustion (fan),0.0
10.0,426.15384615384613,Hydrogen combustion (fan),0.0
11.69989106589066,426.15384615384613,Hydrogen combustion (fan),0.0
13.688745095370805,426.15384615384613,Hydrogen combustion (fan),0.0
16.015682644458355,426.15384615384613,Hydrogen combustion (fan),0.0
18.73817422860384,426.15384615384613,Hydrogen combustion (fan),0.0
21.923459724834466,426.15384615384613,Hydrogen combustion (fan),0.0
25.650209056800456,426.15384615384613,Hydrogen combustion (fan),0.0
30.010465178188735,426.15384615384613,Hydrogen combustion (fan),0.0
35.11191734215131,426.15384615384613,Hydrogen combustion (fan),0.0
41.08056080177274,426.15384615384613,Hydrogen combustion (fan),0.0
48.06380863064389,426.15384615384613,Hydrogen combustion (fan),0.0
56.23413251903491,426.15384615384613,Hydrogen combustion (fan),0.0
65.79332246575679,426.15384615384613,Hydrogen combustion (fan),0.0
76.9774705712371,426.15384615384613,Hydrogen combustion (fan),0.0
90.06280202112787,426.15384615384613,Hydrogen combustion (fan),0.0
105.37249727360725,426.15384615384613,Hydrogen combustion (fan),0.0
123.28467394420659,426.15384615384613,Hydrogen combustion (fan),0.0
144.24172552410664,426.15384615384613,Hydrogen combustion (fan),0.0
168.7612475788147,426.15384615384613,Hydrogen combustion (fan),0.0
197.44882128159367,426.15384615384613,Hydrogen combustion (fan),0.0
231.0129700083158,426.15384615384613,Hydrogen combustion (fan),0.0
270.28265839051625,426.15384615384613,Hydrogen combustion (fan),0.0
316.22776601683796,426.15384615384613,Hydrogen combustion (fan),0.0
369.9830414406966,426.15384615384613,Hydrogen combustion (fan),0.0
432.8761281083057,426.15384615384613,Hydrogen combustion (fan),0.0
506.4603543891704,426.15384615384613,Hydrogen combustion (fan),0.0
592.5530975545674,426.15384615384613,Hydrogen combustion (fan),0.0
693.2806692144524,426.15384615384613,Hydrogen combustion (fan),0.0
811.1308307896873,426.15384615384613,Hydrogen combustion (fan),0.0
949.0142360424725,426.15384615384613,Hydrogen combustion (fan),0.0
1110.336318167638,426.15384615384613,Hydrogen combustion (fan),0.0
1299.0813969063468,426.15384615384613,Hydrogen combustion (fan),0.0
1519.9110829529332,426.15384615384613,Hydrogen combustion (fan),0.0
1778.2794100389228,426.15384615384613,Hydrogen combustion (fan),0.0
2080.5675382171694,426.15384615384613,Hydrogen combustion (fan),0.0
2434.2413552369194,426.15384615384613,Hydrogen combustion (fan),0.0
2848.035868435799,426.15384615384613,Hydrogen combustion (fan),0.0
3332.1709412448167,426.15384615384613,Hydrogen combustion (fan),0.0
3898.603702549072,426.15384615384613,Hydrogen combustion (fan),0.0
4561.323862890211,426.15384615384613,Hydrogen combustion (fan),0.0
5336.699231206308,426.15384615384613,Hydrogen combustion (fan),0.0
6243.879965653626,426.15384615384613,Hydrogen combustion (fan),0.0
7305.271542664449,426.15384615384613,Hydrogen combustion (fan),0.0
8547.08812559251,426.15384615384613,Hydrogen combustion (fan),0.0
10000.0,426.15384615384613,Hydrogen combustion (fan),0.0
10.0,434.35897435897436,Hydrogen combustion (fan),0.0
11.69989106589066,434.35897435897436,Hydrogen combustion (fan),0.0
13.688745095370805,434.35897435897436,Hydrogen combustion (fan),0.0
16.015682644458355,434.35897435897436,Hydrogen combustion (fan),0.0
18.73817422860384,434.35897435897436,Hydrogen combustion (fan),0.0
21.923459724834466,434.35897435897436,Hydrogen combustion (fan),0.0
25.650209056800456,434.35897435897436,Hydrogen combustion (fan),0.0
30.010465178188735,434.35897435897436,Hydrogen combustion (fan),0.0
35.11191734215131,434.35897435897436,Hydrogen combustion (fan),0.0
41.08056080177274,434.35897435897436,Hydrogen combustion (fan),0.0
48.06380863064389,434.35897435897436,Hydrogen combustion (fan),0.0
56.23413251903491,434.35897435897436,Hydrogen combustion (fan),0.0
65.79332246575679,434.35897435897436,Hydrogen combustion (fan),0.0
76.9774705712371,434.35897435897436,Hydrogen combustion (fan),0.0
90.06280202112787,434.35897435897436,Hydrogen combustion (fan),0.0
105.37249727360725,434.35897435897436,Hydrogen combustion (fan),0.0
123.28467394420659,434.35897435897436,Hydrogen combustion (fan),0.0
144.24172552410664,434.35897435897436,Hydrogen combustion (fan),0.0
168.7612475788147,434.35897435897436,Hydrogen combustion (fan),0.0
197.44882128159367,434.35897435897436,Hydrogen combustion (fan),0.0
231.0129700083158,434.35897435897436,Hydrogen combustion (fan),0.0
270.28265839051625,434.35897435897436,Hydrogen combustion (fan),0.0
316.22776601683796,434.35897435897436,Hydrogen combustion (fan),0.0
369.9830414406966,434.35897435897436,Hydrogen combustion (fan),0.0
432.8761281083057,434.35897435897436,Hydrogen combustion (fan),0.0
506.4603543891704,434.35897435897436,Hydrogen combustion (fan),0.0
592.5530975545674,434.35897435897436,Hydrogen combustion (fan),0.0
693.2806692144524,434.35897435897436,Hydrogen combustion (fan),0.0
811.1308307896873,434.35897435897436,Hydrogen combustion (fan),0.0
949.0142360424725,434.35897435897436,Hydrogen combustion (fan),0.0
1110.336318167638,434.35897435897436,Hydrogen combustion (fan),0.0
1299.0813969063468,434.35897435897436,Hydrogen combustion (fan),0.0
1519.9110829529332,434.35897435897436,Hydrogen combustion (fan),0.0
1778.2794100389228,434.35897435897436,Hydrogen combustion (fan),0.0
2080.5675382171694,434.35897435897436,Hydrogen combustion (fan),0.0
2434.2413552369194,434.35897435897436,Hydrogen combustion (fan),0.0
2848.035868435799,434.35897435897436,Hydrogen combustion (fan),0.0
3332.1709412448167,434.35897435897436,Hydrogen combustion (fan),0.0
3898.603702549072,434.35897435897436,Hydrogen combustion (fan),0.0
4561.323862890211,434.35897435897436,Hydrogen combustion (fan),0.0
5336.699231206308,434.35897435897436,Hydrogen combustion (fan),0.0
6243.879965653626,434.35897435897436,Hydrogen combustion (fan),0.0
7305.271542664449,434.35897435897436,Hydrogen combustion (fan),0.0
8547.08812559251,434.35897435897436,Hydrogen combustion (fan),0.0
10000.0,434.35897435897436,Hydrogen combustion (fan),0.0
10.0,442.56410256410254,Hydrogen combustion (fan),0.0
11.69989106589066,442.56410256410254,Hydrogen combustion (fan),0.0
13.688745095370805,442.56410256410254,Hydrogen combustion (fan),0.0
16.015682644458355,442.56410256410254,Hydrogen combustion (fan),0.0
18.73817422860384,442.56410256410254,Hydrogen combustion (fan),0.0
21.923459724834466,442.56410256410254,Hydrogen combustion (fan),0.0
25.650209056800456,442.56410256410254,Hydrogen combustion (fan),0.0
30.010465178188735,442.56410256410254,Hydrogen combustion (fan),0.0
35.11191734215131,442.56410256410254,Hydrogen combustion (fan),0.0
41.08056080177274,442.56410256410254,Hydrogen combustion (fan),0.0
48.06380863064389,442.56410256410254,Hydrogen combustion (fan),0.0
56.23413251903491,442.56410256410254,Hydrogen combustion (fan),0.0
65.79332246575679,442.56410256410254,Hydrogen combustion (fan),0.0
76.9774705712371,442.56410256410254,Hydrogen combustion (fan),0.0
90.06280202112787,442.56410256410254,Hydrogen combustion (fan),0.0
105.37249727360725,442.56410256410254,Hydrogen combustion (fan),0.0
123.28467394420659,442.56410256410254,Hydrogen combustion (fan),0.0
144.24172552410664,442.56410256410254,Hydrogen combustion (fan),0.0
168.7612475788147,442.56410256410254,Hydrogen combustion (fan),0.0
197.44882128159367,442.56410256410254,Hydrogen combustion (fan),0.0
231.0129700083158,442.56410256410254,Hydrogen combustion (fan),0.0
270.28265839051625,442.56410256410254,Hydrogen combustion (fan),0.0
316.22776601683796,442.56410256410254,Hydrogen combustion (fan),0.0
369.9830414406966,442.56410256410254,Hydrogen combustion (fan),0.0
432.8761281083057,442.56410256410254,Hydrogen combustion (fan),0.0
506.4603543891704,442.56410256410254,Hydrogen combustion (fan),0.0
592.5530975545674,442.56410256410254,Hydrogen combustion (fan),0.0
693.2806692144524,442.56410256410254,Hydrogen combustion (fan),0.0
811.1308307896873,442.56410256410254,Hydrogen combustion (fan),0.0
949.0142360424725,442.56410256410254,Hydrogen combustion (fan),0.0
1110.336318167638,442.56410256410254,Hydrogen combustion (fan),0.0
1299.0813969063468,442.56410256410254,Hydrogen combustion (fan),0.0
1519.9110829529332,442.56410256410254,Hydrogen combustion (fan),0.0
1778.2794100389228,442.56410256410254,Hydrogen combustion (fan),0.0
2080.5675382171694,442.56410256410254,Hydrogen combustion (fan),0.0
2434.2413552369194,442.56410256410254,Hydrogen combustion (fan),0.0
2848.035868435799,442.56410256410254,Hydrogen combustion (fan),0.0
3332.1709412448167,442.56410256410254,Hydrogen combustion (fan),0.0
3898.603702549072,442.56410256410254,Hydrogen combustion (fan),0.0
4561.323862890211,442.56410256410254,Hydrogen combustion (fan),0.0
5336.699231206308,442.56410256410254,Hydrogen combustion (fan),0.0
6243.879965653626,442.56410256410254,Hydrogen combustion (fan),0.0
7305.271542664449,442.56410256410254,Hydrogen combustion (fan),0.0
8547.08812559251,442.56410256410254,Hydrogen combustion (fan),0.0
10000.0,442.56410256410254,Hydrogen combustion (fan),0.0
10.0,450.7692307692307,Hydrogen combustion (fan),0.0
11.69989106589066,450.7692307692307,Hydrogen combustion (fan),0.0
13.688745095370805,450.7692307692307,Hydrogen combustion (fan),0.0
16.015682644458355,450.7692307692307,Hydrogen combustion (fan),0.0
18.73817422860384,450.7692307692307,Hydrogen combustion (fan),0.0
21.923459724834466,450.7692307692307,Hydrogen combustion (fan),0.0
25.650209056800456,450.7692307692307,Hydrogen combustion (fan),0.0
30.010465178188735,450.7692307692307,Hydrogen combustion (fan),0.0
35.11191734215131,450.7692307692307,Hydrogen combustion (fan),0.0
41.08056080177274,450.7692307692307,Hydrogen combustion (fan),0.0
48.06380863064389,450.7692307692307,Hydrogen combustion (fan),0.0
56.23413251903491,450.7692307692307,Hydrogen combustion (fan),0.0
65.79332246575679,450.7692307692307,Hydrogen combustion (fan),0.0
76.9774705712371,450.7692307692307,Hydrogen combustion (fan),0.0
90.06280202112787,450.7692307692307,Hydrogen combustion (fan),0.0
105.37249727360725,450.7692307692307,Hydrogen combustion (fan),0.0
123.28467394420659,450.7692307692307,Hydrogen combustion (fan),0.0
144.24172552410664,450.7692307692307,Hydrogen combustion (fan),0.0
168.7612475788147,450.7692307692307,Hydrogen combustion (fan),0.0
197.44882128159367,450.7692307692307,Hydrogen combustion (fan),0.0
231.0129700083158,450.7692307692307,Hydrogen combustion (fan),0.0
270.28265839051625,450.7692307692307,Hydrogen combustion (fan),0.0
316.22776601683796,450.7692307692307,Hydrogen combustion (fan),0.0
369.9830414406966,450.7692307692307,Hydrogen combustion (fan),0.0
432.8761281083057,450.7692307692307,Hydrogen combustion (fan),0.0
506.4603543891704,450.7692307692307,Hydrogen combustion (fan),0.0
592.5530975545674,450.7692307692307,Hydrogen combustion (fan),0.0
693.2806692144524,450.7692307692307,Hydrogen combustion (fan),0.0
811.1308307896873,450.7692307692307,Hydrogen combustion (fan),0.0
949.0142360424725,450.7692307692307,Hydrogen combustion (fan),0.0
1110.336318167638,450.7692307692307,Hydrogen combustion (fan),0.0
1299.0813969063468,450.7692307692307,Hydrogen combustion (fan),0.0
1519.9110829529332,450.7692307692307,Hydrogen combustion (fan),0.0
1778.2794100389228,450.7692307692307,Hydrogen combustion (fan),0.0
2080.5675382171694,450.7692307692307,Hydrogen combustion (fan),0.0
2434.2413552369194,450.7692307692307,Hydrogen combustion (fan),0.0
2848.035868435799,450.7692307692307,Hydrogen combustion (fan),0.0
3332.1709412448167,450.7692307692307,Hydrogen combustion (fan),0.0
3898.603702549072,450.7692307692307,Hydrogen combustion (fan),0.0
4561.323862890211,450.7692307692307,Hydrogen combustion (fan),0.0
5336.699231206308,450.7692307692307,Hydrogen combustion (fan),0.0
6243.879965653626,450.7692307692307,Hydrogen combustion (fan),0.0
7305.271542664449,450.7692307692307,Hydrogen combustion (fan),0.0
8547.08812559251,450.7692307692307,Hydrogen combustion (fan),0.0
10000.0,450.7692307692307,Hydrogen combustion (fan),0.0
10.0,458.97435897435895,Hydrogen combustion (fan),0.0
11.69989106589066,458.97435897435895,Hydrogen combustion (fan),0.0
13.688745095370805,458.97435897435895,Hydrogen combustion (fan),0.0
16.015682644458355,458.97435897435895,Hydrogen combustion (fan),0.0
18.73817422860384,458.97435897435895,Hydrogen combustion (fan),0.0
21.923459724834466,458.97435897435895,Hydrogen combustion (fan),0.0
25.650209056800456,458.97435897435895,Hydrogen combustion (fan),0.0
30.010465178188735,458.97435897435895,Hydrogen combustion (fan),0.0
35.11191734215131,458.97435897435895,Hydrogen combustion (fan),0.0
41.08056080177274,458.97435897435895,Hydrogen combustion (fan),0.0
48.06380863064389,458.97435897435895,Hydrogen combustion (fan),0.0
56.23413251903491,458.97435897435895,Hydrogen combustion (fan),0.0
65.79332246575679,458.97435897435895,Hydrogen combustion (fan),0.0
76.9774705712371,458.97435897435895,Hydrogen combustion (fan),0.0
90.06280202112787,458.97435897435895,Hydrogen combustion (fan),0.0
105.37249727360725,458.97435897435895,Hydrogen combustion (fan),0.0
123.28467394420659,458.97435897435895,Hydrogen combustion (fan),0.0
144.24172552410664,458.97435897435895,Hydrogen combustion (fan),0.0
168.7612475788147,458.97435897435895,Hydrogen combustion (fan),0.0
197.44882128159367,458.97435897435895,Hydrogen combustion (fan),0.0
231.0129700083158,458.97435897435895,Hydrogen combustion (fan),0.0
270.28265839051625,458.97435897435895,Hydrogen combustion (fan),0.0
316.22776601683796,458.97435897435895,Hydrogen combustion (fan),0.0
369.9830414406966,458.97435897435895,Hydrogen combustion (fan),0.0
432.8761281083057,458.97435897435895,Hydrogen combustion (fan),0.0
506.4603543891704,458.97435897435895,Hydrogen combustion (fan),0.0
592.5530975545674,458.97435897435895,Hydrogen combustion (fan),0.0
693.2806692144524,458.97435897435895,Hydrogen combustion (fan),0.0
811.1308307896873,458.97435897435895,Hydrogen combustion (fan),0.0
949.0142360424725,458.97435897435895,Hydrogen combustion (fan),0.0
1110.336318167638,458.97435897435895,Hydrogen combustion (fan),0.0
1299.0813969063468,458.97435897435895,Hydrogen combustion (fan),0.0
1519.9110829529332,458.97435897435895,Hydrogen combustion (fan),0.0
1778.2794100389228,458.97435897435895,Hydrogen combustion (fan),0.0
2080.5675382171694,458.97435897435895,Hydrogen combustion (fan),0.0
2434.2413552369194,458.97435897435895,Hydrogen combustion (fan),0.0
2848.035868435799,458.97435897435895,Hydrogen combustion (fan),0.0
3332.1709412448167,458.97435897435895,Hydrogen combustion (fan),0.0
3898.603702549072,458.97435897435895,Hydrogen combustion (fan),0.0
4561.323862890211,458.97435897435895,Hydrogen combustion (fan),0.0
5336.699231206308,458.97435897435895,Hydrogen combustion (fan),0.0
6243.879965653626,458.97435897435895,Hydrogen combustion (fan),0.0
7305.271542664449,458.97435897435895,Hydrogen combustion (fan),0.0
8547.08812559251,458.97435897435895,Hydrogen combustion (fan),0.0
10000.0,458.97435897435895,Hydrogen combustion (fan),0.0
10.0,467.1794871794872,Hydrogen combustion (fan),0.0
11.69989106589066,467.1794871794872,Hydrogen combustion (fan),0.0
13.688745095370805,467.1794871794872,Hydrogen combustion (fan),0.0
16.015682644458355,467.1794871794872,Hydrogen combustion (fan),0.0
18.73817422860384,467.1794871794872,Hydrogen combustion (fan),0.0
21.923459724834466,467.1794871794872,Hydrogen combustion (fan),0.0
25.650209056800456,467.1794871794872,Hydrogen combustion (fan),0.0
30.010465178188735,467.1794871794872,Hydrogen combustion (fan),0.0
35.11191734215131,467.1794871794872,Hydrogen combustion (fan),0.0
41.08056080177274,467.1794871794872,Hydrogen combustion (fan),0.0
48.06380863064389,467.1794871794872,Hydrogen combustion (fan),0.0
56.23413251903491,467.1794871794872,Hydrogen combustion (fan),0.0
65.79332246575679,467.1794871794872,Hydrogen combustion (fan),0.0
76.9774705712371,467.1794871794872,Hydrogen combustion (fan),0.0
90.06280202112787,467.1794871794872,Hydrogen combustion (fan),0.0
105.37249727360725,467.1794871794872,Hydrogen combustion (fan),0.0
123.28467394420659,467.1794871794872,Hydrogen combustion (fan),0.0
144.24172552410664,467.1794871794872,Hydrogen combustion (fan),0.0
168.7612475788147,467.1794871794872,Hydrogen combustion (fan),0.0
197.44882128159367,467.1794871794872,Hydrogen combustion (fan),0.0
231.0129700083158,467.1794871794872,Hydrogen combustion (fan),0.0
270.28265839051625,467.1794871794872,Hydrogen combustion (fan),0.0
316.22776601683796,467.1794871794872,Hydrogen combustion (fan),0.0
369.9830414406966,467.1794871794872,Hydrogen combustion (fan),0.0
432.8761281083057,467.1794871794872,Hydrogen combustion (fan),0.0
506.4603543891704,467.1794871794872,Hydrogen combustion (fan),0.0
592.5530975545674,467.1794871794872,Hydrogen combustion (fan),0.0
693.2806692144524,467.1794871794872,Hydrogen combustion (fan),0.0
811.1308307896873,467.1794871794872,Hydrogen combustion (fan),0.0
949.0142360424725,467.1794871794872,Hydrogen combustion (fan),0.0
1110.336318167638,467.1794871794872,Hydrogen combustion (fan),0.0
1299.0813969063468,467.1794871794872,Hydrogen combustion (fan),0.0
1519.9110829529332,467.1794871794872,Hydrogen combustion (fan),0.0
1778.2794100389228,467.1794871794872,Hydrogen combustion (fan),0.0
2080.5675382171694,467.1794871794872,Hydrogen combustion (fan),0.0
2434.2413552369194,467.1794871794872,Hydrogen combustion (fan),0.0
2848.035868435799,467.1794871794872,Hydrogen combustion (fan),0.0
3332.1709412448167,467.1794871794872,Hydrogen combustion (fan),0.0
3898.603702549072,467.1794871794872,Hydrogen combustion (fan),0.0
4561.323862890211,467.1794871794872,Hydrogen combustion (fan),0.0
5336.699231206308,467.1794871794872,Hydrogen combustion (fan),0.0
6243.879965653626,467.1794871794872,Hydrogen combustion (fan),0.0
7305.271542664449,467.1794871794872,Hydrogen combustion (fan),0.0
8547.08812559251,467.1794871794872,Hydrogen combustion (fan),0.0
10000.0,467.1794871794872,Hydrogen combustion (fan),0.0
10.0,475.38461538461536,Hydrogen combustion (fan),0.0
11.69989106589066,475.38461538461536,Hydrogen combustion (fan),0.0
13.688745095370805,475.38461538461536,Hydrogen combustion (fan),0.0
16.015682644458355,475.38461538461536,Hydrogen combustion (fan),0.0
18.73817422860384,475.38461538461536,Hydrogen combustion (fan),0.0
21.923459724834466,475.38461538461536,Hydrogen combustion (fan),0.0
25.650209056800456,475.38461538461536,Hydrogen combustion (fan),0.0
30.010465178188735,475.38461538461536,Hydrogen combustion (fan),0.0
35.11191734215131,475.38461538461536,Hydrogen combustion (fan),0.0
41.08056080177274,475.38461538461536,Hydrogen combustion (fan),0.0
48.06380863064389,475.38461538461536,Hydrogen combustion (fan),0.0
56.23413251903491,475.38461538461536,Hydrogen combustion (fan),0.0
65.79332246575679,475.38461538461536,Hydrogen combustion (fan),0.0
76.9774705712371,475.38461538461536,Hydrogen combustion (fan),0.0
90.06280202112787,475.38461538461536,Hydrogen combustion (fan),0.0
105.37249727360725,475.38461538461536,Hydrogen combustion (fan),0.0
123.28467394420659,475.38461538461536,Hydrogen combustion (fan),0.0
144.24172552410664,475.38461538461536,Hydrogen combustion (fan),0.0
168.7612475788147,475.38461538461536,Hydrogen combustion (fan),0.0
197.44882128159367,475.38461538461536,Hydrogen combustion (fan),0.0
231.0129700083158,475.38461538461536,Hydrogen combustion (fan),0.0
270.28265839051625,475.38461538461536,Hydrogen combustion (fan),0.0
316.22776601683796,475.38461538461536,Hydrogen combustion (fan),0.0
369.9830414406966,475.38461538461536,Hydrogen combustion (fan),0.0
432.8761281083057,475.38461538461536,Hydrogen combustion (fan),0.0
506.4603543891704,475.38461538461536,Hydrogen combustion (fan),0.0
592.5530975545674,475.38461538461536,Hydrogen combustion (fan),0.0
693.2806692144524,475.38461538461536,Hydrogen combustion (fan),0.0
811.1308307896873,475.38461538461536,Hydrogen combustion (fan),0.0
949.0142360424725,475.38461538461536,Hydrogen combustion (fan),0.0
1110.336318167638,475.38461538461536,Hydrogen combustion (fan),0.0
1299.0813969063468,475.38461538461536,Hydrogen combustion (fan),0.0
1519.9110829529332,475.38461538461536,Hydrogen combustion (fan),0.0
1778.2794100389228,475.38461538461536,Hydrogen combustion (fan),0.0
2080.5675382171694,475.38461538461536,Hydrogen combustion (fan),0.0
2434.2413552369194,475.38461538461536,Hydrogen combustion (fan),0.0
2848.035868435799,475.38461538461536,Hydrogen combustion (fan),0.0
3332.1709412448167,475.38461538461536,Hydrogen combustion (fan),0.0
3898.603702549072,475.38461538461536,Hydrogen combustion (fan),0.0
4561.323862890211,475.38461538461536,Hydrogen combustion (fan),0.0
5336.699231206308,475.38461538461536,Hydrogen combustion (fan),0.0
6243.879965653626,475.38461538461536,Hydrogen combustion (fan),0.0
7305.271542664449,475.38461538461536,Hydrogen combustion (fan),0.0
8547.08812559251,475.38461538461536,Hydrogen combustion (fan),0.0
10000.0,475.38461538461536,Hydrogen combustion (fan),0.0
10.0,483.58974358974353,Hydrogen combustion (fan),0.0
11.69989106589066,483.58974358974353,Hydrogen combustion (fan),0.0
13.688745095370805,483.58974358974353,Hydrogen combustion (fan),0.0
16.015682644458355,483.58974358974353,Hydrogen combustion (fan),0.0
18.73817422860384,483.58974358974353,Hydrogen combustion (fan),0.0
21.923459724834466,483.58974358974353,Hydrogen combustion (fan),0.0
25.650209056800456,483.58974358974353,Hydrogen combustion (fan),0.0
30.010465178188735,483.58974358974353,Hydrogen combustion (fan),0.0
35.11191734215131,483.58974358974353,Hydrogen combustion (fan),0.0
41.08056080177274,483.58974358974353,Hydrogen combustion (fan),0.0
48.06380863064389,483.58974358974353,Hydrogen combustion (fan),0.0
56.23413251903491,483.58974358974353,Hydrogen combustion (fan),0.0
65.79332246575679,483.58974358974353,Hydrogen combustion (fan),0.0
76.9774705712371,483.58974358974353,Hydrogen combustion (fan),0.0
90.06280202112787,483.58974358974353,Hydrogen combustion (fan),0.0
105.37249727360725,483.58974358974353,Hydrogen combustion (fan),0.0
123.28467394420659,483.58974358974353,Hydrogen combustion (fan),0.0
144.24172552410664,483.58974358974353,Hydrogen combustion (fan),0.0
168.7612475788147,483.58974358974353,Hydrogen combustion (fan),0.0
197.44882128159367,483.58974358974353,Hydrogen combustion (fan),0.0
231.0129700083158,483.58974358974353,Hydrogen combustion (fan),0.0
270.28265839051625,483.58974358974353,Hydrogen combustion (fan),0.0
316.22776601683796,483.58974358974353,Hydrogen combustion (fan),0.0
369.9830414406966,483.58974358974353,Hydrogen combustion (fan),0.0
432.8761281083057,483.58974358974353,Hydrogen combustion (fan),0.0
506.4603543891704,483.58974358974353,Hydrogen combustion (fan),0.0
592.5530975545674,483.58974358974353,Hydrogen combustion (fan),0.0
693.2806692144524,483.58974358974353,Hydrogen combustion (fan),0.0
811.1308307896873,483.58974358974353,Hydrogen combustion (fan),0.0
949.0142360424725,483.58974358974353,Hydrogen combustion (fan),0.0
1110.336318167638,483.58974358974353,Hydrogen combustion (fan),0.0
1299.0813969063468,483.58974358974353,Hydrogen combustion (fan),0.0
1519.9110829529332,483.58974358974353,Hydrogen combustion (fan),0.0
1778.2794100389228,483.58974358974353,Hydrogen combustion (fan),0.0
2080.5675382171694,483.58974358974353,Hydrogen combustion (fan),0.0
2434.2413552369194,483.58974358974353,Hydrogen combustion (fan),0.0
2848.035868435799,483.58974358974353,Hydrogen combustion (fan),0.0
3332.1709412448167,483.58974358974353,Hydrogen combustion (fan),0.0
3898.603702549072,483.58974358974353,Hydrogen combustion (fan),0.0
4561.323862890211,483.58974358974353,Hydrogen combustion (fan),0.0
5336.699231206308,483.58974358974353,Hydrogen combustion (fan),0.0
6243.879965653626,483.58974358974353,Hydrogen combustion (fan),0.0
7305.271542664449,483.58974358974353,Hydrogen combustion (fan),0.0
8547.08812559251,483.58974358974353,Hydrogen combustion (fan),0.0
10000.0,483.58974358974353,Hydrogen combustion (fan),0.0
10.0,491.79487179487177,Hydrogen combustion (fan),0.0
11.69989106589066,491.79487179487177,Hydrogen combustion (fan),0.0
13.688745095370805,491.79487179487177,Hydrogen combustion (fan),0.0
16.015682644458355,491.79487179487177,Hydrogen combustion (fan),0.0
18.73817422860384,491.79487179487177,Hydrogen combustion (fan),0.0
21.923459724834466,491.79487179487177,Hydrogen combustion (fan),0.0
25.650209056800456,491.79487179487177,Hydrogen combustion (fan),0.0
30.010465178188735,491.79487179487177,Hydrogen combustion (fan),0.0
35.11191734215131,491.79487179487177,Hydrogen combustion (fan),0.0
41.08056080177274,491.79487179487177,Hydrogen combustion (fan),0.0
48.06380863064389,491.79487179487177,Hydrogen combustion (fan),0.0
56.23413251903491,491.79487179487177,Hydrogen combustion (fan),0.0
65.79332246575679,491.79487179487177,Hydrogen combustion (fan),0.0
76.9774705712371,491.79487179487177,Hydrogen combustion (fan),0.0
90.06280202112787,491.79487179487177,Hydrogen combustion (fan),0.0
105.37249727360725,491.79487179487177,Hydrogen combustion (fan),0.0
123.28467394420659,491.79487179487177,Hydrogen combustion (fan),0.0
144.24172552410664,491.79487179487177,Hydrogen combustion (fan),0.0
168.7612475788147,491.79487179487177,Hydrogen combustion (fan),0.0
197.44882128159367,491.79487179487177,Hydrogen combustion (fan),0.0
231.0129700083158,491.79487179487177,Hydrogen combustion (fan),0.0
270.28265839051625,491.79487179487177,Hydrogen combustion (fan),0.0
316.22776601683796,491.79487179487177,Hydrogen combustion (fan),0.0
369.9830414406966,491.79487179487177,Hydrogen combustion (fan),0.0
432.8761281083057,491.79487179487177,Hydrogen combustion (fan),0.0
506.4603543891704,491.79487179487177,Hydrogen combustion (fan),0.0
592.5530975545674,491.79487179487177,Hydrogen combustion (fan),0.0
693.2806692144524,491.79487179487177,Hydrogen combustion (fan),0.0
811.1308307896873,491.79487179487177,Hydrogen combustion (fan),0.0
949.0142360424725,491.79487179487177,Hydrogen combustion (fan),0.0
1110.336318167638,491.79487179487177,Hydrogen combustion (fan),0.0
1299.0813969063468,491.79487179487177,Hydrogen combustion (fan),0.0
1519.9110829529332,491.79487179487177,Hydrogen combustion (fan),0.0
1778.2794100389228,491.79487179487177,Hydrogen combustion (fan),0.0
2080.5675382171694,491.79487179487177,Hydrogen combustion (fan),0.0
2434.2413552369194,491.79487179487177,Hydrogen combustion (fan),0.0
2848.035868435799,491.79487179487177,Hydrogen combustion (fan),0.0
3332.1709412448167,491.79487179487177,Hydrogen combustion (fan),0.0
3898.603702549072,491.79487179487177,Hydrogen combustion (fan),0.0
4561.323862890211,491.79487179487177,Hydrogen combustion (fan),0.0
5336.699231206308,491.79487179487177,Hydrogen combustion (fan),0.0
6243.879965653626,491.79487179487177,Hydrogen combustion (fan),0.0
7305.271542664449,491.79487179487177,Hydrogen combustion (fan),0.0
8547.08812559251,491.79487179487177,Hydrogen combustion (fan),0.0
10000.0,491.79487179487177,Hydrogen combustion (fan),0.0
10.0,500.0,Hydrogen combustion (fan),0.0
11.69989106589066,500.0,Hydrogen combustion (fan),0.0
13.688745095370805,500.0,Hydrogen combustion (fan),0.0
16.015682644458355,500.0,Hydrogen combustion (fan),0.0
18.73817422860384,500.0,Hydrogen combustion (fan),0.0
21.923459724834466,500.0,Hydrogen combustion (fan),0.0
25.650209056800456,500.0,Hydrogen combustion (fan),0.0
30.010465178188735,500.0,Hydrogen combustion (fan),0.0
35.11191734215131,500.0,Hydrogen combustion (fan),0.0
41.08056080177274,500.0,Hydrogen combustion (fan),0.0
48.06380863064389,500.0,Hydrogen combustion (fan),0.0
56.23413251903491,500.0,Hydrogen combustion (fan),0.0
65.79332246575679,500.0,Hydrogen combustion (fan),0.0
76.9774705712371,500.0,Hydrogen combustion (fan),0.0
90.06280202112787,500.0,Hydrogen combustion (fan),0.0
105.37249727360725,500.0,Hydrogen combustion (fan),0.0
123.28467394420659,500.0,Hydrogen combustion (fan),0.0
144.24172552410664,500.0,Hydrogen combustion (fan),0.0
168.7612475788147,500.0,Hydrogen combustion (fan),0.0
197.44882128159367,500.0,Hydrogen combustion (fan),0.0
231.0129700083158,500.0,Hydrogen combustion (fan),0.0
270.28265839051625,500.0,Hydrogen combustion (fan),0.0
316.22776601683796,500.0,Hydrogen combustion (fan),0.0
369.9830414406966,500.0,Hydrogen combustion (fan),0.0
432.8761281083057,500.0,Hydrogen combustion (fan),0.0
506.4603543891704,500.0,Hydrogen combustion (fan),0.0
592.5530975545674,500.0,Hydrogen combustion (fan),0.0
693.2806692144524,500.0,Hydrogen combustion (fan),0.0
811.1308307896873,500.0,Hydrogen combustion (fan),0.0
949.0142360424725,500.0,Hydrogen combustion (fan),0.0
1110.336318167638,500.0,Hydrogen combustion (fan),0.0
1299.0813969063468,500.0,Hydrogen combustion (fan),0.0
1519.9110829529332,500.0,Hydrogen combustion (fan),0.0
1778.2794100389228,500.0,Hydrogen combustion (fan),0.0
2080.5675382171694,500.0,Hydrogen combustion (fan),0.0
2434.2413552369194,500.0,Hydrogen combustion (fan),0.0
2848.035868435799,500.0,Hydrogen combustion (fan),0.0
3332.1709412448167,500.0,Hydrogen combustion (fan),0.0
3898.603702549072,500.0,Hydrogen combustion (fan),0.0
4561.323862890211,500.0,Hydrogen combustion (fan),0.0
5336.699231206308,500.0,Hydrogen combustion (fan),0.0
6243.879965653626,500.0,Hydrogen combustion (fan),0.0
7305.271542664449,500.0,Hydrogen combustion (fan),0.0
8547.08812559251,500.0,Hydrogen combustion (fan),0.0
10000.0,500.0,Hydrogen combustion (fan),0.0
10.0,180.0,Hydrogen combustion (propeller),0.0
11.69989106589066,180.0,Hydrogen combustion (propeller),0.0
13.688745095370805,180.0,Hydrogen combustion (propeller),0.0
16.015682644458355,180.0,Hydrogen combustion (propeller),0.0
18.73817422860384,180.0,Hydrogen combustion (propeller),0.0
21.923459724834466,180.0,Hydrogen combustion (propeller),0.0
25.650209056800456,180.0,Hydrogen combustion (propeller),0.0
30.010465178188735,180.0,Hydrogen combustion (propeller),0.0
35.11191734215131,180.0,Hydrogen combustion (propeller),0.0
41.08056080177274,180.0,Hydrogen combustion (propeller),0.0
48.06380863064389,180.0,Hydrogen combustion (propeller),0.0
56.23413251903491,180.0,Hydrogen combustion (propeller),0.0
65.79332246575679,180.0,Hydrogen combustion (propeller),0.0
76.9774705712371,180.0,Hydrogen combustion (propeller),0.0
90.06280202112787,180.0,Hydrogen combustion (propeller),0.0
105.37249727360725,180.0,Hydrogen combustion (propeller),0.0
123.28467394420659,180.0,Hydrogen combustion (propeller),0.0
144.24172552410664,180.0,Hydrogen combustion (propeller),0.0
168.7612475788147,180.0,Hydrogen combustion (propeller),0.0
197.44882128159367,180.0,Hydrogen combustion (propeller),0.0
231.0129700083158,180.0,Hydrogen combustion (propeller),0.0
270.28265839051625,180.0,Hydrogen combustion (propeller),0.0
316.22776601683796,180.0,Hydrogen combustion (propeller),0.0
369.9830414406966,180.0,Hydrogen combustion (propeller),0.0
432.8761281083057,180.0,Hydrogen combustion (propeller),0.0
506.4603543891704,180.0,Hydrogen combustion (propeller),0.0
592.5530975545674,180.0,Hydrogen combustion (propeller),0.0
693.2806692144524,180.0,Hydrogen combustion (propeller),0.0
811.1308307896873,180.0,Hydrogen combustion (propeller),0.0
949.0142360424725,180.0,Hydrogen combustion (propeller),0.0
1110.336318167638,180.0,Hydrogen combustion (propeller),0.0
1299.0813969063468,180.0,Hydrogen combustion (propeller),0.0
1519.9110829529332,180.0,Hydrogen combustion (propeller),0.0
1778.2794100389228,180.0,Hydrogen combustion (propeller),0.0
2080.5675382171694,180.0,Hydrogen combustion (propeller),0.0
2434.2413552369194,180.0,Hydrogen combustion (propeller),0.0
2848.035868435799,180.0,Hydrogen combustion (propeller),0.0
3332.1709412448167,180.0,Hydrogen combustion (propeller),0.0
3898.603702549072,180.0,Hydrogen combustion (propeller),0.0
4561.323862890211,180.0,Hydrogen combustion (propeller),0.0
5336.699231206308,180.0,Hydrogen combustion (propeller),0.0
6243.879965653626,180.0,Hydrogen combustion (propeller),0.0
7305.271542664449,180.0,Hydrogen combustion (propeller),0.0
8547.08812559251,180.0,Hydrogen combustion (propeller),0.0
10000.0,180.0,Hydrogen combustion (propeller),0.0
10.0,188.2051282051282,Hydrogen combustion (propeller),0.0
11.69989106589066,188.2051282051282,Hydrogen combustion (propeller),0.0
13.688745095370805,188.2051282051282,Hydrogen combustion (propeller),0.0
16.015682644458355,188.2051282051282,Hydrogen combustion (propeller),0.0
18.73817422860384,188.2051282051282,Hydrogen combustion (propeller),0.0
21.923459724834466,188.2051282051282,Hydrogen combustion (propeller),0.0
25.650209056800456,188.2051282051282,Hydrogen combustion (propeller),0.0
30.010465178188735,188.2051282051282,Hydrogen combustion (propeller),0.0
35.11191734215131,188.2051282051282,Hydrogen combustion (propeller),0.0
41.08056080177274,188.2051282051282,Hydrogen combustion (propeller),0.0
48.06380863064389,188.2051282051282,Hydrogen combustion (propeller),0.0
56.23413251903491,188.2051282051282,Hydrogen combustion (propeller),0.0
65.79332246575679,188.2051282051282,Hydrogen combustion (propeller),0.0
76.9774705712371,188.2051282051282,Hydrogen combustion (propeller),0.0
90.06280202112787,188.2051282051282,Hydrogen combustion (propeller),0.0
105.37249727360725,188.2051282051282,Hydrogen combustion (propeller),0.0
123.28467394420659,188.2051282051282,Hydrogen combustion (propeller),0.0
144.24172552410664,188.2051282051282,Hydrogen combustion (propeller),0.0
168.7612475788147,188.2051282051282,Hydrogen combustion (propeller),0.0
197.44882128159367,188.2051282051282,Hydrogen combustion (propeller),0.0
231.0129700083158,188.2051282051282,Hydrogen combustion (propeller),0.0
270.28265839051625,188.2051282051282,Hydrogen combustion (propeller),0.0
316.22776601683796,188.2051282051282,Hydrogen combustion (propeller),0.0
369.9830414406966,188.2051282051282,Hydrogen combustion (propeller),0.0
432.8761281083057,188.2051282051282,Hydrogen combustion (propeller),0.0
506.4603543891704,188.2051282051282,Hydrogen combustion (propeller),0.0
592.5530975545674,188.2051282051282,Hydrogen combustion (propeller),0.0
693.2806692144524,188.2051282051282,Hydrogen combustion (propeller),0.0
811.1308307896873,188.2051282051282,Hydrogen combustion (propeller),0.0
949.0142360424725,188.2051282051282,Hydrogen combustion (propeller),0.0
1110.336318167638,188.2051282051282,Hydrogen combustion (propeller),0.0
1299.0813969063468,188.2051282051282,Hydrogen combustion (propeller),0.0
1519.9110829529332,188.2051282051282,Hydrogen combustion (propeller),0.0
1778.2794100389228,188.2051282051282,Hydrogen combustion (propeller),0.0
2080.5675382171694,188.2051282051282,Hydrogen combustion (propeller),0.0
2434.2413552369194,188.2051282051282,Hydrogen combustion (propeller),0.0
2848.035868435799,188.2051282051282,Hydrogen combustion (propeller),0.0
3332.1709412448167,188.2051282051282,Hydrogen combustion (propeller),0.0
3898.603702549072,188.2051282051282,Hydrogen combustion (propeller),0.0
4561.323862890211,188.2051282051282,Hydrogen combustion (propeller),0.0
5336.699231206308,188.2051282051282,Hydrogen combustion (propeller),0.0
6243.879965653626,188.2051282051282,Hydrogen combustion (propeller),0.0
7305.271542664449,188.2051282051282,Hydrogen combustion (propeller),0.0
8547.08812559251,188.2051282051282,Hydrogen combustion (propeller),0.0
10000.0,188.2051282051282,Hydrogen combustion (propeller),0.0
10.0,196.4102564102564,Hydrogen combustion (propeller),0.0
11.69989106589066,196.4102564102564,Hydrogen combustion (propeller),0.0
13.688745095370805,196.4102564102564,Hydrogen combustion (propeller),0.0
16.015682644458355,196.4102564102564,Hydrogen combustion (propeller),0.0
18.73817422860384,196.4102564102564,Hydrogen combustion (propeller),0.0
21.923459724834466,196.4102564102564,Hydrogen combustion (propeller),0.0
25.650209056800456,196.4102564102564,Hydrogen combustion (propeller),0.0
30.010465178188735,196.4102564102564,Hydrogen combustion (propeller),0.0
35.11191734215131,196.4102564102564,Hydrogen combustion (propeller),0.0
41.08056080177274,196.4102564102564,Hydrogen combustion (propeller),0.0
48.06380863064389,196.4102564102564,Hydrogen combustion (propeller),0.0
56.23413251903491,196.4102564102564,Hydrogen combustion (propeller),0.0
65.79332246575679,196.4102564102564,Hydrogen combustion (propeller),0.0
76.9774705712371,196.4102564102564,Hydrogen combustion (propeller),0.0
90.06280202112787,196.4102564102564,Hydrogen combustion (propeller),0.0
105.37249727360725,196.4102564102564,Hydrogen combustion (propeller),0.0
123.28467394420659,196.4102564102564,Hydrogen combustion (propeller),0.0
144.24172552410664,196.4102564102564,Hydrogen combustion (propeller),0.0
168.7612475788147,196.4102564102564,Hydrogen combustion (propeller),0.0
197.44882128159367,196.4102564102564,Hydrogen combustion (propeller),0.0
231.0129700083158,196.4102564102564,Hydrogen combustion (propeller),0.0
270.28265839051625,196.4102564102564,Hydrogen combustion (propeller),0.0
316.22776601683796,196.4102564102564,Hydrogen combustion (propeller),0.0
369.9830414406966,196.4102564102564,Hydrogen combustion (propeller),0.0
432.8761281083057,196.4102564102564,Hydrogen combustion (propeller),0.0
506.4603543891704,196.4102564102564,Hydrogen combustion (propeller),0.0
592.5530975545674,196.4102564102564,Hydrogen combustion (propeller),0.0
693.2806692144524,196.4102564102564,Hydrogen combustion (propeller),0.0
811.1308307896873,196.4102564102564,Hydrogen combustion (propeller),0.0
949.0142360424725,196.4102564102564,Hydrogen combustion (propeller),0.0
1110.336318167638,196.4102564102564,Hydrogen combustion (propeller),0.0
1299.0813969063468,196.4102564102564,Hydrogen combustion (propeller),0.0
1519.9110829529332,196.4102564102564,Hydrogen combustion (propeller),0.0
1778.2794100389228,196.4102564102564,Hydrogen combustion (propeller),0.0
2080.5675382171694,196.4102564102564,Hydrogen combustion (propeller),0.0
2434.2413552369194,196.4102564102564,Hydrogen combustion (propeller),0.0
2848.035868435799,196.4102564102564,Hydrogen combustion (propeller),0.0
3332.1709412448167,196.4102564102564,Hydrogen combustion (propeller),0.0
3898.603702549072,196.4102564102564,Hydrogen combustion (propeller),0.0
4561.323862890211,196.4102564102564,Hydrogen combustion (propeller),0.0
5336.699231206308,196.4102564102564,Hydrogen combustion (propeller),0.0
6243.879965653626,196.4102564102564,Hydrogen combustion (propeller),0.0
7305.271542664449,196.4102564102564,Hydrogen combustion (propeller),0.0
8547.08812559251,196.4102564102564,Hydrogen combustion (propeller),0.0
10000.0,196.4102564102564,Hydrogen combustion (propeller),0.0
10.0,204.6153846153846,Hydrogen combustion (propeller),0.0
11.69989106589066,204.6153846153846,Hydrogen combustion (propeller),0.0
13.688745095370805,204.6153846153846,Hydrogen combustion (propeller),0.0
16.015682644458355,204.6153846153846,Hydrogen combustion (propeller),0.0
18.73817422860384,204.6153846153846,Hydrogen combustion (propeller),0.0
21.923459724834466,204.6153846153846,Hydrogen combustion (propeller),0.0
25.650209056800456,204.6153846153846,Hydrogen combustion (propeller),0.0
30.010465178188735,204.6153846153846,Hydrogen combustion (propeller),0.0
35.11191734215131,204.6153846153846,Hydrogen combustion (propeller),0.0
41.08056080177274,204.6153846153846,Hydrogen combustion (propeller),0.0
48.06380863064389,204.6153846153846,Hydrogen combustion (propeller),0.0
56.23413251903491,204.6153846153846,Hydrogen combustion (propeller),0.0
65.79332246575679,204.6153846153846,Hydrogen combustion (propeller),0.0
76.9774705712371,204.6153846153846,Hydrogen combustion (propeller),0.0
90.06280202112787,204.6153846153846,Hydrogen combustion (propeller),0.0
105.37249727360725,204.6153846153846,Hydrogen combustion (propeller),0.0
123.28467394420659,204.6153846153846,Hydrogen combustion (propeller),0.0
144.24172552410664,204.6153846153846,Hydrogen combustion (propeller),0.0
168.7612475788147,204.6153846153846,Hydrogen combustion (propeller),0.0
197.44882128159367,204.6153846153846,Hydrogen combustion (propeller),0.0
231.0129700083158,204.6153846153846,Hydrogen combustion (propeller),0.0
270.28265839051625,204.6153846153846,Hydrogen combustion (propeller),0.0
316.22776601683796,204.6153846153846,Hydrogen combustion (propeller),0.0
369.9830414406966,204.6153846153846,Hydrogen combustion (propeller),0.0
432.8761281083057,204.6153846153846,Hydrogen combustion (propeller),0.0
506.4603543891704,204.6153846153846,Hydrogen combustion (propeller),0.0
592.5530975545674,204.6153846153846,Hydrogen combustion (propeller),0.0
693.2806692144524,204.6153846153846,Hydrogen combustion (propeller),0.0
811.1308307896873,204.6153846153846,Hydrogen combustion (propeller),0.0
949.0142360424725,204.6153846153846,Hydrogen combustion (propeller),0.0
1110.336318167638,204.6153846153846,Hydrogen combustion (propeller),0.0
1299.0813969063468,204.6153846153846,Hydrogen combustion (propeller),0.0
1519.9110829529332,204.6153846153846,Hydrogen combustion (propeller),0.0
1778.2794100389228,204.6153846153846,Hydrogen combustion (propeller),0.0
2080.5675382171694,204.6153846153846,Hydrogen combustion (propeller),0.0
2434.2413552369194,204.6153846153846,Hydrogen combustion (propeller),0.0
2848.035868435799,204.6153846153846,Hydrogen combustion (propeller),0.0
3332.1709412448167,204.6153846153846,Hydrogen combustion (propeller),0.0
3898.603702549072,204.6153846153846,Hydrogen combustion (propeller),0.0
4561.323862890211,204.6153846153846,Hydrogen combustion (propeller),0.0
5336.699231206308,204.6153846153846,Hydrogen combustion (propeller),0.0
6243.879965653626,204.6153846153846,Hydrogen combustion (propeller),0.0
7305.271542664449,204.6153846153846,Hydrogen combustion (propeller),0.0
8547.08812559251,204.6153846153846,Hydrogen combustion (propeller),0.0
10000.0,204.6153846153846,Hydrogen combustion (propeller),0.0
10.0,212.82051282051282,Hydrogen combustion (propeller),0.0
11.69989106589066,212.82051282051282,Hydrogen combustion (propeller),0.0
13.688745095370805,212.82051282051282,Hydrogen combustion (propeller),0.0
16.015682644458355,212.82051282051282,Hydrogen combustion (propeller),0.0
18.73817422860384,212.82051282051282,Hydrogen combustion (propeller),0.0
21.923459724834466,212.82051282051282,Hydrogen combustion (propeller),0.0
25.650209056800456,212.82051282051282,Hydrogen combustion (propeller),0.0
30.010465178188735,212.82051282051282,Hydrogen combustion (propeller),0.0
35.11191734215131,212.82051282051282,Hydrogen combustion (propeller),0.0
41.08056080177274,212.82051282051282,Hydrogen combustion (propeller),0.0
48.06380863064389,212.82051282051282,Hydrogen combustion (propeller),0.0
56.23413251903491,212.82051282051282,Hydrogen combustion (propeller),0.0
65.79332246575679,212.82051282051282,Hydrogen combustion (propeller),0.0
76.9774705712371,212.82051282051282,Hydrogen combustion (propeller),0.0
90.06280202112787,212.82051282051282,Hydrogen combustion (propeller),0.0
105.37249727360725,212.82051282051282,Hydrogen combustion (propeller),0.0
123.28467394420659,212.82051282051282,Hydrogen combustion (propeller),0.0
144.24172552410664,212.82051282051282,Hydrogen combustion (propeller),0.0
168.7612475788147,212.82051282051282,Hydrogen combustion (propeller),0.0
197.44882128159367,212.82051282051282,Hydrogen combustion (propeller),0.0
231.0129700083158,212.82051282051282,Hydrogen combustion (propeller),0.0
270.28265839051625,212.82051282051282,Hydrogen combustion (propeller),0.0
316.22776601683796,212.82051282051282,Hydrogen combustion (propeller),0.0
369.9830414406966,212.82051282051282,Hydrogen combustion (propeller),0.0
432.8761281083057,212.82051282051282,Hydrogen combustion (propeller),0.0
506.4603543891704,212.82051282051282,Hydrogen combustion (propeller),0.0
592.5530975545674,212.82051282051282,Hydrogen combustion (propeller),0.0
693.2806692144524,212.82051282051282,Hydrogen combustion (propeller),0.0
811.1308307896873,212.82051282051282,Hydrogen combustion (propeller),0.0
949.0142360424725,212.82051282051282,Hydrogen combustion (propeller),0.0
1110.336318167638,212.82051282051282,Hydrogen combustion (propeller),0.0
1299.0813969063468,212.82051282051282,Hydrogen combustion (propeller),0.0
1519.9110829529332,212.82051282051282,Hydrogen combustion (propeller),0.0
1778.2794100389228,212.82051282051282,Hydrogen combustion (propeller),0.0
2080.5675382171694,212.82051282051282,Hydrogen combustion (propeller),0.0
2434.2413552369194,212.82051282051282,Hydrogen combustion (propeller),0.0
2848.035868435799,212.82051282051282,Hydrogen combustion (propeller),0.0
3332.1709412448167,212.82051282051282,Hydrogen combustion (propeller),0.0
3898.603702549072,212.82051282051282,Hydrogen combustion (propeller),0.0
4561.323862890211,212.82051282051282,Hydrogen combustion (propeller),0.0
5336.699231206308,212.82051282051282,Hydrogen combustion (propeller),0.0
6243.879965653626,212.82051282051282,Hydrogen combustion (propeller),0.0
7305.271542664449,212.82051282051282,Hydrogen combustion (propeller),0.0
8547.08812559251,212.82051282051282,Hydrogen combustion (propeller),0.0
10000.0,212.82051282051282,Hydrogen combustion (propeller),0.0
10.0,221.02564102564102,Hydrogen combustion (propeller),0.0
11.69989106589066,221.02564102564102,Hydrogen combustion (propeller),0.0
13.688745095370805,221.02564102564102,Hydrogen combustion (propeller),0.0
16.015682644458355,221.02564102564102,Hydrogen combustion (propeller),0.0
18.73817422860384,221.02564102564102,Hydrogen combustion (propeller),0.0
21.923459724834466,221.02564102564102,Hydrogen combustion (propeller),0.0
25.650209056800456,221.02564102564102,Hydrogen combustion (propeller),0.0
30.010465178188735,221.02564102564102,Hydrogen combustion (propeller),0.0
35.11191734215131,221.02564102564102,Hydrogen combustion (propeller),0.0
41.08056080177274,221.02564102564102,Hydrogen combustion (propeller),0.0
48.06380863064389,221.02564102564102,Hydrogen combustion (propeller),0.0
56.23413251903491,221.02564102564102,Hydrogen combustion (propeller),0.0
65.79332246575679,221.02564102564102,Hydrogen combustion (propeller),0.0
76.9774705712371,221.02564102564102,Hydrogen combustion (propeller),0.0
90.06280202112787,221.02564102564102,Hydrogen combustion (propeller),0.0
105.37249727360725,221.02564102564102,Hydrogen combustion (propeller),0.0
123.28467394420659,221.02564102564102,Hydrogen combustion (propeller),0.0
144.24172552410664,221.02564102564102,Hydrogen combustion (propeller),0.0
168.7612475788147,221.02564102564102,Hydrogen combustion (propeller),0.0
197.44882128159367,221.02564102564102,Hydrogen combustion (propeller),0.0
231.0129700083158,221.02564102564102,Hydrogen combustion (propeller),0.0
270.28265839051625,221.02564102564102,Hydrogen combustion (propeller),0.0
316.22776601683796,221.02564102564102,Hydrogen combustion (propeller),0.0
369.9830414406966,221.02564102564102,Hydrogen combustion (propeller),0.0
432.8761281083057,221.02564102564102,Hydrogen combustion (propeller),0.0
506.4603543891704,221.02564102564102,Hydrogen combustion (propeller),0.0
592.5530975545674,221.02564102564102,Hydrogen combustion (propeller),0.0
693.2806692144524,221.02564102564102,Hydrogen combustion (propeller),0.0
811.1308307896873,221.02564102564102,Hydrogen combustion (propeller),0.0
949.0142360424725,221.02564102564102,Hydrogen combustion (propeller),0.0
1110.336318167638,221.02564102564102,Hydrogen combustion (propeller),0.0
1299.0813969063468,221.02564102564102,Hydrogen combustion (propeller),0.0
1519.9110829529332,221.02564102564102,Hydrogen combustion (propeller),0.0
1778.2794100389228,221.02564102564102,Hydrogen combustion (propeller),0.0
2080.5675382171694,221.02564102564102,Hydrogen combustion (propeller),0.0
2434.2413552369194,221.02564102564102,Hydrogen combustion (propeller),0.0
2848.035868435799,221.02564102564102,Hydrogen combustion (propeller),0.0
3332.1709412448167,221.02564102564102,Hydrogen combustion (propeller),0.0
3898.603702549072,221.02564102564102,Hydrogen combustion (propeller),0.0
4561.323862890211,221.02564102564102,Hydrogen combustion (propeller),0.0
5336.699231206308,221.02564102564102,Hydrogen combustion (propeller),0.0
6243.879965653626,221.02564102564102,Hydrogen combustion (propeller),0.0
7305.271542664449,221.02564102564102,Hydrogen combustion (propeller),0.0
8547.08812559251,221.02564102564102,Hydrogen combustion (propeller),0.0
10000.0,221.02564102564102,Hydrogen combustion (propeller),0.0
10.0,229.23076923076923,Hydrogen combustion (propeller),0.0
11.69989106589066,229.23076923076923,Hydrogen combustion (propeller),0.0
13.688745095370805,229.23076923076923,Hydrogen combustion (propeller),0.0
16.015682644458355,229.23076923076923,Hydrogen combustion (propeller),0.0
18.73817422860384,229.23076923076923,Hydrogen combustion (propeller),0.0
21.923459724834466,229.23076923076923,Hydrogen combustion (propeller),0.0
25.650209056800456,229.23076923076923,Hydrogen combustion (propeller),0.0
30.010465178188735,229.23076923076923,Hydrogen combustion (propeller),0.0
35.11191734215131,229.23076923076923,Hydrogen combustion (propeller),0.0
41.08056080177274,229.23076923076923,Hydrogen combustion (propeller),0.0
48.06380863064389,229.23076923076923,Hydrogen combustion (propeller),0.0
56.23413251903491,229.23076923076923,Hydrogen combustion (propeller),0.0
65.79332246575679,229.23076923076923,Hydrogen combustion (propeller),0.0
76.9774705712371,229.23076923076923,Hydrogen combustion (propeller),0.0
90.06280202112787,229.23076923076923,Hydrogen combustion (propeller),0.0
105.37249727360725,229.23076923076923,Hydrogen combustion (propeller),0.0
123.28467394420659,229.23076923076923,Hydrogen combustion (propeller),0.0
144.24172552410664,229.23076923076923,Hydrogen combustion (propeller),0.0
168.7612475788147,229.23076923076923,Hydrogen combustion (propeller),0.0
197.44882128159367,229.23076923076923,Hydrogen combustion (propeller),0.0
231.0129700083158,229.23076923076923,Hydrogen combustion (propeller),0.0
270.28265839051625,229.23076923076923,Hydrogen combustion (propeller),0.0
316.22776601683796,229.23076923076923,Hydrogen combustion (propeller),0.0
369.9830414406966,229.23076923076923,Hydrogen combustion (propeller),0.0
432.8761281083057,229.23076923076923,Hydrogen combustion (propeller),0.0
506.4603543891704,229.23076923076923,Hydrogen combustion (propeller),0.0
592.5530975545674,229.23076923076923,Hydrogen combustion (propeller),0.0
693.2806692144524,229.23076923076923,Hydrogen combustion (propeller),0.0
811.1308307896873,229.23076923076923,Hydrogen combustion (propeller),0.0
949.0142360424725,229.23076923076923,Hydrogen combustion (propeller),0.0
1110.336318167638,229.23076923076923,Hydrogen combustion (propeller),0.0
1299.0813969063468,229.23076923076923,Hydrogen combustion (propeller),0.0
1519.9110829529332,229.23076923076923,Hydrogen combustion (propeller),0.0
1778.2794100389228,229.23076923076923,Hydrogen combustion (propeller),0.0
2080.5675382171694,229.23076923076923,Hydrogen combustion (propeller),0.0
2434.2413552369194,229.23076923076923,Hydrogen combustion (propeller),0.0
2848.035868435799,229.23076923076923,Hydrogen combustion (propeller),0.0
3332.1709412448167,229.23076923076923,Hydrogen combustion (propeller),0.0
3898.603702549072,229.23076923076923,Hydrogen combustion (propeller),0.0
4561.323862890211,229.23076923076923,Hydrogen combustion (propeller),0.0
5336.699231206308,229.23076923076923,Hydrogen combustion (propeller),0.0
6243.879965653626,229.23076923076923,Hydrogen combustion (propeller),0.0
7305.271542664449,229.23076923076923,Hydrogen combustion (propeller),0.0
8547.08812559251,229.23076923076923,Hydrogen combustion (propeller),0.0
10000.0,229.23076923076923,Hydrogen combustion (propeller),0.0
10.0,237.43589743589743,Hydrogen combustion (propeller),0.0
11.69989106589066,237.43589743589743,Hydrogen combustion (propeller),0.0
13.688745095370805,237.43589743589743,Hydrogen combustion (propeller),0.0
16.015682644458355,237.43589743589743,Hydrogen combustion (propeller),0.0
18.73817422860384,237.43589743589743,Hydrogen combustion (propeller),0.0
21.923459724834466,237.43589743589743,Hydrogen combustion (propeller),0.0
25.650209056800456,237.43589743589743,Hydrogen combustion (propeller),0.0
30.010465178188735,237.43589743589743,Hydrogen combustion (propeller),0.0
35.11191734215131,237.43589743589743,Hydrogen combustion (propeller),0.0
41.08056080177274,237.43589743589743,Hydrogen combustion (propeller),0.0
48.06380863064389,237.43589743589743,Hydrogen combustion (propeller),0.0
56.23413251903491,237.43589743589743,Hydrogen combustion (propeller),0.0
65.79332246575679,237.43589743589743,Hydrogen combustion (propeller),0.0
76.9774705712371,237.43589743589743,Hydrogen combustion (propeller),0.0
90.06280202112787,237.43589743589743,Hydrogen combustion (propeller),0.0
105.37249727360725,237.43589743589743,Hydrogen combustion (propeller),0.0
123.28467394420659,237.43589743589743,Hydrogen combustion (propeller),0.0
144.24172552410664,237.43589743589743,Hydrogen combustion (propeller),0.0
168.7612475788147,237.43589743589743,Hydrogen combustion (propeller),0.0
197.44882128159367,237.43589743589743,Hydrogen combustion (propeller),0.0
231.0129700083158,237.43589743589743,Hydrogen combustion (propeller),0.0
270.28265839051625,237.43589743589743,Hydrogen combustion (propeller),0.0
316.22776601683796,237.43589743589743,Hydrogen combustion (propeller),0.0
369.9830414406966,237.43589743589743,Hydrogen combustion (propeller),0.0
432.8761281083057,237.43589743589743,Hydrogen combustion (propeller),0.0
506.4603543891704,237.43589743589743,Hydrogen combustion (propeller),0.0
592.5530975545674,237.43589743589743,Hydrogen combustion (propeller),0.0
693.2806692144524,237.43589743589743,Hydrogen combustion (propeller),0.0
811.1308307896873,237.43589743589743,Hydrogen combustion (propeller),0.0
949.0142360424725,237.43589743589743,Hydrogen combustion (propeller),0.0
1110.336318167638,237.43589743589743,Hydrogen combustion (propeller),0.0
1299.0813969063468,237.43589743589743,Hydrogen combustion (propeller),0.0
1519.9110829529332,237.43589743589743,Hydrogen combustion (propeller),0.0
1778.2794100389228,237.43589743589743,Hydrogen combustion (propeller),0.0
2080.5675382171694,237.43589743589743,Hydrogen combustion (propeller),0.0
2434.2413552369194,237.43589743589743,Hydrogen combustion (propeller),0.0
2848.035868435799,237.43589743589743,Hydrogen combustion (propeller),0.0
3332.1709412448167,237.43589743589743,Hydrogen combustion (propeller),0.0
3898.603702549072,237.43589743589743,Hydrogen combustion (propeller),0.0
4561.323862890211,237.43589743589743,Hydrogen combustion (propeller),0.0
5336.699231206308,237.43589743589743,Hydrogen combustion (propeller),0.0
6243.879965653626,237.43589743589743,Hydrogen combustion (propeller),0.0
7305.271542664449,237.43589743589743,Hydrogen combustion (propeller),0.0
8547.08812559251,237.43589743589743,Hydrogen combustion (propeller),0.0
10000.0,237.43589743589743,Hydrogen combustion (propeller),0.0
10.0,245.64102564102564,Hydrogen combustion (propeller),0.0
11.69989106589066,245.64102564102564,Hydrogen combustion (propeller),0.0
13.688745095370805,245.64102564102564,Hydrogen combustion (propeller),0.0
16.015682644458355,245.64102564102564,Hydrogen combustion (propeller),0.0
18.73817422860384,245.64102564102564,Hydrogen combustion (propeller),0.0
21.923459724834466,245.64102564102564,Hydrogen combustion (propeller),0.0
25.650209056800456,245.64102564102564,Hydrogen combustion (propeller),0.0
30.010465178188735,245.64102564102564,Hydrogen combustion (propeller),0.0
35.11191734215131,245.64102564102564,Hydrogen combustion (propeller),0.0
41.08056080177274,245.64102564102564,Hydrogen combustion (propeller),0.0
48.06380863064389,245.64102564102564,Hydrogen combustion (propeller),0.0
56.23413251903491,245.64102564102564,Hydrogen combustion (propeller),0.0
65.79332246575679,245.64102564102564,Hydrogen combustion (propeller),0.0
76.9774705712371,245.64102564102564,Hydrogen combustion (propeller),0.0
90.06280202112787,245.64102564102564,Hydrogen combustion (propeller),0.0
105.37249727360725,245.64102564102564,Hydrogen combustion (propeller),0.0
123.28467394420659,245.64102564102564,Hydrogen combustion (propeller),0.0
144.24172552410664,245.64102564102564,Hydrogen combustion (propeller),0.0
168.7612475788147,245.64102564102564,Hydrogen combustion (propeller),0.0
197.44882128159367,245.64102564102564,Hydrogen combustion (propeller),0.0
231.0129700083158,245.64102564102564,Hydrogen combustion (propeller),0.0
270.28265839051625,245.64102564102564,Hydrogen combustion (propeller),0.0
316.22776601683796,245.64102564102564,Hydrogen combustion (propeller),0.0
369.9830414406966,245.64102564102564,Hydrogen combustion (propeller),0.0
432.8761281083057,245.64102564102564,Hydrogen combustion (propeller),0.0
506.4603543891704,245.64102564102564,Hydrogen combustion (propeller),0.0
592.5530975545674,245.64102564102564,Hydrogen combustion (propeller),0.0
693.2806692144524,245.64102564102564,Hydrogen combustion (propeller),0.0
811.1308307896873,245.64102564102564,Hydrogen combustion (propeller),0.0
949.0142360424725,245.64102564102564,Hydrogen combustion (propeller),0.0
1110.336318167638,245.64102564102564,Hydrogen combustion (propeller),0.0
1299.0813969063468,245.64102564102564,Hydrogen combustion (propeller),0.0
1519.9110829529332,245.64102564102564,Hydrogen combustion (propeller),0.0
1778.2794100389228,245.64102564102564,Hydrogen combustion (propeller),0.0
2080.5675382171694,245.64102564102564,Hydrogen combustion (propeller),0.0
2434.2413552369194,245.64102564102564,Hydrogen combustion (propeller),0.0
2848.035868435799,245.64102564102564,Hydrogen combustion (propeller),0.0
3332.1709412448167,245.64102564102564,Hydrogen combustion (propeller),0.0
3898.603702549072,245.64102564102564,Hydrogen combustion (propeller),0.0
4561.323862890211,245.64102564102564,Hydrogen combustion (propeller),0.0
5336.699231206308,245.64102564102564,Hydrogen combustion (propeller),0.0
6243.879965653626,245.64102564102564,Hydrogen combustion (propeller),0.0
7305.271542664449,245.64102564102564,Hydrogen combustion (propeller),0.0
8547.08812559251,245.64102564102564,Hydrogen combustion (propeller),0.0
10000.0,245.64102564102564,Hydrogen combustion (propeller),0.0
10.0,253.84615384615384,Hydrogen combustion (propeller),0.0
11.69989106589066,253.84615384615384,Hydrogen combustion (propeller),0.0
13.688745095370805,253.84615384615384,Hydrogen combustion (propeller),0.0
16.015682644458355,253.84615384615384,Hydrogen combustion (propeller),0.0
18.73817422860384,253.84615384615384,Hydrogen combustion (propeller),0.0
21.923459724834466,253.84615384615384,Hydrogen combustion (propeller),0.0
25.650209056800456,253.84615384615384,Hydrogen combustion (propeller),0.0
30.010465178188735,253.84615384615384,Hydrogen combustion (propeller),0.0
35.11191734215131,253.84615384615384,Hydrogen combustion (propeller),0.0
41.08056080177274,253.84615384615384,Hydrogen combustion (propeller),0.0
48.06380863064389,253.84615384615384,Hydrogen combustion (propeller),0.0
56.23413251903491,253.84615384615384,Hydrogen combustion (propeller),0.0
65.79332246575679,253.84615384615384,Hydrogen combustion (propeller),0.0
76.9774705712371,253.84615384615384,Hydrogen combustion (propeller),0.0
90.06280202112787,253.84615384615384,Hydrogen combustion (propeller),0.0
105.37249727360725,253.84615384615384,Hydrogen combustion (propeller),0.0
123.28467394420659,253.84615384615384,Hydrogen combustion (propeller),0.0
144.24172552410664,253.84615384615384,Hydrogen combustion (propeller),0.0
168.7612475788147,253.84615384615384,Hydrogen combustion (propeller),0.0
197.44882128159367,253.84615384615384,Hydrogen combustion (propeller),0.0
231.0129700083158,253.84615384615384,Hydrogen combustion (propeller),0.0
270.28265839051625,253.84615384615384,Hydrogen combustion (propeller),0.0
316.22776601683796,253.84615384615384,Hydrogen combustion (propeller),0.0
369.9830414406966,253.84615384615384,Hydrogen combustion (propeller),0.0
432.8761281083057,253.84615384615384,Hydrogen combustion (propeller),0.0
506.4603543891704,253.84615384615384,Hydrogen combustion (propeller),0.0
592.5530975545674,253.84615384615384,Hydrogen combustion (propeller),0.0
693.2806692144524,253.84615384615384,Hydrogen combustion (propeller),0.0
811.1308307896873,253.84615384615384,Hydrogen combustion (propeller),0.0
949.0142360424725,253.84615384615384,Hydrogen combustion (propeller),0.0
1110.336318167638,253.84615384615384,Hydrogen combustion (propeller),0.0
1299.0813969063468,253.84615384615384,Hydrogen combustion (propeller),0.0
1519.9110829529332,253.84615384615384,Hydrogen combustion (propeller),0.0
1778.2794100389228,253.84615384615384,Hydrogen combustion (propeller),0.0
2080.5675382171694,253.84615384615384,Hydrogen combustion (propeller),0.0
2434.2413552369194,253.84615384615384,Hydrogen combustion (propeller),0.0
2848.035868435799,253.84615384615384,Hydrogen combustion (propeller),0.0
3332.1709412448167,253.84615384615384,Hydrogen combustion (propeller),0.0
3898.603702549072,253.84615384615384,Hydrogen combustion (propeller),0.0
4561.323862890211,253.84615384615384,Hydrogen combustion (propeller),0.0
5336.699231206308,253.84615384615384,Hydrogen combustion (propeller),0.0
6243.879965653626,253.84615384615384,Hydrogen combustion (propeller),0.0
7305.271542664449,253.84615384615384,Hydrogen combustion (propeller),0.0
8547.08812559251,253.84615384615384,Hydrogen combustion (propeller),0.0
10000.0,253.84615384615384,Hydrogen combustion (propeller),0.0
10.0,262.05128205128204,Hydrogen combustion (propeller),0.0
11.69989106589066,262.05128205128204,Hydrogen combustion (propeller),0.0
13.688745095370805,262.05128205128204,Hydrogen combustion (propeller),0.0
16.015682644458355,262.05128205128204,Hydrogen combustion (propeller),0.0
18.73817422860384,262.05128205128204,Hydrogen combustion (propeller),0.0
21.923459724834466,262.05128205128204,Hydrogen combustion (propeller),0.0
25.650209056800456,262.05128205128204,Hydrogen combustion (propeller),0.0
30.010465178188735,262.05128205128204,Hydrogen combustion (propeller),0.0
35.11191734215131,262.05128205128204,Hydrogen combustion (propeller),0.0
41.08056080177274,262.05128205128204,Hydrogen combustion (propeller),0.0
48.06380863064389,262.05128205128204,Hydrogen combustion (propeller),0.0
56.23413251903491,262.05128205128204,Hydrogen combustion (propeller),0.0
65.79332246575679,262.05128205128204,Hydrogen combustion (propeller),0.0
76.9774705712371,262.05128205128204,Hydrogen combustion (propeller),0.0
90.06280202112787,262.05128205128204,Hydrogen combustion (propeller),0.0
105.37249727360725,262.05128205128204,Hydrogen combustion (propeller),0.0
123.28467394420659,262.05128205128204,Hydrogen combustion (propeller),0.0
144.24172552410664,262.05128205128204,Hydrogen combustion (propeller),0.0
168.7612475788147,262.05128205128204,Hydrogen combustion (propeller),0.0
197.44882128159367,262.05128205128204,Hydrogen combustion (propeller),0.0
231.0129700083158,262.05128205128204,Hydrogen combustion (propeller),0.0
270.28265839051625,262.05128205128204,Hydrogen combustion (propeller),0.0
316.22776601683796,262.05128205128204,Hydrogen combustion (propeller),0.0
369.9830414406966,262.05128205128204,Hydrogen combustion (propeller),0.0
432.8761281083057,262.05128205128204,Hydrogen combustion (propeller),0.0
506.4603543891704,262.05128205128204,Hydrogen combustion (propeller),0.0
592.5530975545674,262.05128205128204,Hydrogen combustion (propeller),0.0
693.2806692144524,262.05128205128204,Hydrogen combustion (propeller),0.0
811.1308307896873,262.05128205128204,Hydrogen combustion (propeller),0.0
949.0142360424725,262.05128205128204,Hydrogen combustion (propeller),0.0
1110.336318167638,262.05128205128204,Hydrogen combustion (propeller),0.0
1299.0813969063468,262.05128205128204,Hydrogen combustion (propeller),0.0
1519.9110829529332,262.05128205128204,Hydrogen combustion (propeller),0.0
1778.2794100389228,262.05128205128204,Hydrogen combustion (propeller),0.0
2080.5675382171694,262.05128205128204,Hydrogen combustion (propeller),0.0
2434.2413552369194,262.05128205128204,Hydrogen combustion (propeller),0.0
2848.035868435799,262.05128205128204,Hydrogen combustion (propeller),0.0
3332.1709412448167,262.05128205128204,Hydrogen combustion (propeller),0.0
3898.603702549072,262.05128205128204,Hydrogen combustion (propeller),0.0
4561.323862890211,262.05128205128204,Hydrogen combustion (propeller),0.0
5336.699231206308,262.05128205128204,Hydrogen combustion (propeller),0.0
6243.879965653626,262.05128205128204,Hydrogen combustion (propeller),0.0
7305.271542664449,262.05128205128204,Hydrogen combustion (propeller),0.0
8547.08812559251,262.05128205128204,Hydrogen combustion (propeller),0.0
10000.0,262.05128205128204,Hydrogen combustion (propeller),0.0
10.0,270.2564102564103,Hydrogen combustion (propeller),0.0
11.69989106589066,270.2564102564103,Hydrogen combustion (propeller),0.0
13.688745095370805,270.2564102564103,Hydrogen combustion (propeller),0.0
16.015682644458355,270.2564102564103,Hydrogen combustion (propeller),0.0
18.73817422860384,270.2564102564103,Hydrogen combustion (propeller),0.0
21.923459724834466,270.2564102564103,Hydrogen combustion (propeller),0.0
25.650209056800456,270.2564102564103,Hydrogen combustion (propeller),0.0
30.010465178188735,270.2564102564103,Hydrogen combustion (propeller),0.0
35.11191734215131,270.2564102564103,Hydrogen combustion (propeller),0.0
41.08056080177274,270.2564102564103,Hydrogen combustion (propeller),0.0
48.06380863064389,270.2564102564103,Hydrogen combustion (propeller),0.0
56.23413251903491,270.2564102564103,Hydrogen combustion (propeller),0.0
65.79332246575679,270.2564102564103,Hydrogen combustion (propeller),0.0
76.9774705712371,270.2564102564103,Hydrogen combustion (propeller),0.0
90.06280202112787,270.2564102564103,Hydrogen combustion (propeller),0.0
105.37249727360725,270.2564102564103,Hydrogen combustion (propeller),0.0
123.28467394420659,270.2564102564103,Hydrogen combustion (propeller),0.0
144.24172552410664,270.2564102564103,Hydrogen combustion (propeller),0.0
168.7612475788147,270.2564102564103,Hydrogen combustion (propeller),0.0
197.44882128159367,270.2564102564103,Hydrogen combustion (propeller),0.0
231.0129700083158,270.2564102564103,Hydrogen combustion (propeller),0.0
270.28265839051625,270.2564102564103,Hydrogen combustion (propeller),0.0
316.22776601683796,270.2564102564103,Hydrogen combustion (propeller),0.0
369.9830414406966,270.2564102564103,Hydrogen combustion (propeller),0.0
432.8761281083057,270.2564102564103,Hydrogen combustion (propeller),0.0
506.4603543891704,270.2564102564103,Hydrogen combustion (propeller),0.0
592.5530975545674,270.2564102564103,Hydrogen combustion (propeller),0.0
693.2806692144524,270.2564102564103,Hydrogen combustion (propeller),0.0
811.1308307896873,270.2564102564103,Hydrogen combustion (propeller),0.0
949.0142360424725,270.2564102564103,Hydrogen combustion (propeller),0.0
1110.336318167638,270.2564102564103,Hydrogen combustion (propeller),0.0
1299.0813969063468,270.2564102564103,Hydrogen combustion (propeller),0.0
1519.9110829529332,270.2564102564103,Hydrogen combustion (propeller),0.0
1778.2794100389228,270.2564102564103,Hydrogen combustion (propeller),0.0
2080.5675382171694,270.2564102564103,Hydrogen combustion (propeller),0.0
2434.2413552369194,270.2564102564103,Hydrogen combustion (propeller),0.0
2848.035868435799,270.2564102564103,Hydrogen combustion (propeller),0.0
3332.1709412448167,270.2564102564103,Hydrogen combustion (propeller),0.0
3898.603702549072,270.2564102564103,Hydrogen combustion (propeller),0.0
4561.323862890211,270.2564102564103,Hydrogen combustion (propeller),0.0
5336.699231206308,270.2564102564103,Hydrogen combustion (propeller),0.0
6243.879965653626,270.2564102564103,Hydrogen combustion (propeller),0.0
7305.271542664449,270.2564102564103,Hydrogen combustion (propeller),0.0
8547.08812559251,270.2564102564103,Hydrogen combustion (propeller),0.0
10000.0,270.2564102564103,Hydrogen combustion (propeller),0.0
10.0,278.46153846153845,Hydrogen combustion (propeller),0.0
11.69989106589066,278.46153846153845,Hydrogen combustion (propeller),0.0
13.688745095370805,278.46153846153845,Hydrogen combustion (propeller),0.0
16.015682644458355,278.46153846153845,Hydrogen combustion (propeller),0.0
18.73817422860384,278.46153846153845,Hydrogen combustion (propeller),0.0
21.923459724834466,278.46153846153845,Hydrogen combustion (propeller),0.0
25.650209056800456,278.46153846153845,Hydrogen combustion (propeller),0.0
30.010465178188735,278.46153846153845,Hydrogen combustion (propeller),0.0
35.11191734215131,278.46153846153845,Hydrogen combustion (propeller),0.0
41.08056080177274,278.46153846153845,Hydrogen combustion (propeller),0.0
48.06380863064389,278.46153846153845,Hydrogen combustion (propeller),0.0
56.23413251903491,278.46153846153845,Hydrogen combustion (propeller),0.0
65.79332246575679,278.46153846153845,Hydrogen combustion (propeller),0.0
76.9774705712371,278.46153846153845,Hydrogen combustion (propeller),0.0
90.06280202112787,278.46153846153845,Hydrogen combustion (propeller),0.0
105.37249727360725,278.46153846153845,Hydrogen combustion (propeller),0.0
123.28467394420659,278.46153846153845,Hydrogen combustion (propeller),0.0
144.24172552410664,278.46153846153845,Hydrogen combustion (propeller),0.0
168.7612475788147,278.46153846153845,Hydrogen combustion (propeller),0.0
197.44882128159367,278.46153846153845,Hydrogen combustion (propeller),0.0
231.0129700083158,278.46153846153845,Hydrogen combustion (propeller),0.0
270.28265839051625,278.46153846153845,Hydrogen combustion (propeller),0.0
316.22776601683796,278.46153846153845,Hydrogen combustion (propeller),0.0
369.9830414406966,278.46153846153845,Hydrogen combustion (propeller),0.0
432.8761281083057,278.46153846153845,Hydrogen combustion (propeller),0.0
506.4603543891704,278.46153846153845,Hydrogen combustion (propeller),0.0
592.5530975545674,278.46153846153845,Hydrogen combustion (propeller),0.0
693.2806692144524,278.46153846153845,Hydrogen combustion (propeller),0.0
811.1308307896873,278.46153846153845,Hydrogen combustion (propeller),0.0
949.0142360424725,278.46153846153845,Hydrogen combustion (propeller),0.0
1110.336318167638,278.46153846153845,Hydrogen combustion (propeller),0.0
1299.0813969063468,278.46153846153845,Hydrogen combustion (propeller),0.0
1519.9110829529332,278.46153846153845,Hydrogen combustion (propeller),0.0
1778.2794100389228,278.46153846153845,Hydrogen combustion (propeller),0.0
2080.5675382171694,278.46153846153845,Hydrogen combustion (propeller),0.0
2434.2413552369194,278.46153846153845,Hydrogen combustion (propeller),0.0
2848.035868435799,278.46153846153845,Hydrogen combustion (propeller),0.0
3332.1709412448167,278.46153846153845,Hydrogen combustion (propeller),0.0
3898.603702549072,278.46153846153845,Hydrogen combustion (propeller),0.0
4561.323862890211,278.46153846153845,Hydrogen combustion (propeller),0.0
5336.699231206308,278.46153846153845,Hydrogen combustion (propeller),0.0
6243.879965653626,278.46153846153845,Hydrogen combustion (propeller),0.0
7305.271542664449,278.46153846153845,Hydrogen combustion (propeller),0.0
8547.08812559251,278.46153846153845,Hydrogen combustion (propeller),0.0
10000.0,278.46153846153845,Hydrogen combustion (propeller),0.0
10.0,286.66666666666663,Hydrogen combustion (propeller),0.0
11.69989106589066,286.66666666666663,Hydrogen combustion (propeller),0.0
13.688745095370805,286.66666666666663,Hydrogen combustion (propeller),0.0
16.015682644458355,286.66666666666663,Hydrogen combustion (propeller),0.0
18.73817422860384,286.66666666666663,Hydrogen combustion (propeller),0.0
21.923459724834466,286.66666666666663,Hydrogen combustion (propeller),0.0
25.650209056800456,286.66666666666663,Hydrogen combustion (propeller),0.0
30.010465178188735,286.66666666666663,Hydrogen combustion (propeller),0.0
35.11191734215131,286.66666666666663,Hydrogen combustion (propeller),0.0
41.08056080177274,286.66666666666663,Hydrogen combustion (propeller),0.0
48.06380863064389,286.66666666666663,Hydrogen combustion (propeller),0.0
56.23413251903491,286.66666666666663,Hydrogen combustion (propeller),0.0
65.79332246575679,286.66666666666663,Hydrogen combustion (propeller),0.0
76.9774705712371,286.66666666666663,Hydrogen combustion (propeller),0.0
90.06280202112787,286.66666666666663,Hydrogen combustion (propeller),0.0
105.37249727360725,286.66666666666663,Hydrogen combustion (propeller),0.0
123.28467394420659,286.66666666666663,Hydrogen combustion (propeller),0.0
144.24172552410664,286.66666666666663,Hydrogen combustion (propeller),0.0
168.7612475788147,286.66666666666663,Hydrogen combustion (propeller),0.0
197.44882128159367,286.66666666666663,Hydrogen combustion (propeller),0.0
231.0129700083158,286.66666666666663,Hydrogen combustion (propeller),0.0
270.28265839051625,286.66666666666663,Hydrogen combustion (propeller),0.0
316.22776601683796,286.66666666666663,Hydrogen combustion (propeller),0.0
369.9830414406966,286.66666666666663,Hydrogen combustion (propeller),0.0
432.8761281083057,286.66666666666663,Hydrogen combustion (propeller),0.0
506.4603543891704,286.66666666666663,Hydrogen combustion (propeller),0.0
592.5530975545674,286.66666666666663,Hydrogen combustion (propeller),0.0
693.2806692144524,286.66666666666663,Hydrogen combustion (propeller),0.0
811.1308307896873,286.66666666666663,Hydrogen combustion (propeller),0.0
949.0142360424725,286.66666666666663,Hydrogen combustion (propeller),0.0
1110.336318167638,286.66666666666663,Hydrogen combustion (propeller),0.0
1299.0813969063468,286.66666666666663,Hydrogen combustion (propeller),0.0
1519.9110829529332,286.66666666666663,Hydrogen combustion (propeller),0.0
1778.2794100389228,286.66666666666663,Hydrogen combustion (propeller),0.0
2080.5675382171694,286.66666666666663,Hydrogen combustion (propeller),0.0
2434.2413552369194,286.66666666666663,Hydrogen combustion (propeller),0.0
2848.035868435799,286.66666666666663,Hydrogen combustion (propeller),0.0
3332.1709412448167,286.66666666666663,Hydrogen combustion (propeller),0.0
3898.603702549072,286.66666666666663,Hydrogen combustion (propeller),0.0
4561.323862890211,286.66666666666663,Hydrogen combustion (propeller),0.0
5336.699231206308,286.66666666666663,Hydrogen combustion (propeller),0.0
6243.879965653626,286.66666666666663,Hydrogen combustion (propeller),0.0
7305.271542664449,286.66666666666663,Hydrogen combustion (propeller),0.0
8547.08812559251,286.66666666666663,Hydrogen combustion (propeller),0.0
10000.0,286.66666666666663,Hydrogen combustion (propeller),0.0
10.0,294.87179487179486,Hydrogen combustion (propeller),0.0
11.69989106589066,294.87179487179486,Hydrogen combustion (propeller),0.0
13.688745095370805,294.87179487179486,Hydrogen combustion (propeller),0.0
16.015682644458355,294.87179487179486,Hydrogen combustion (propeller),0.0
18.73817422860384,294.87179487179486,Hydrogen combustion (propeller),0.0
21.923459724834466,294.87179487179486,Hydrogen combustion (propeller),0.0
25.650209056800456,294.87179487179486,Hydrogen combustion (propeller),0.0
30.010465178188735,294.87179487179486,Hydrogen combustion (propeller),0.0
35.11191734215131,294.87179487179486,Hydrogen combustion (propeller),0.0
41.08056080177274,294.87179487179486,Hydrogen combustion (propeller),0.0
48.06380863064389,294.87179487179486,Hydrogen combustion (propeller),0.0
56.23413251903491,294.87179487179486,Hydrogen combustion (propeller),0.0
65.79332246575679,294.87179487179486,Hydrogen combustion (propeller),0.0
76.9774705712371,294.87179487179486,Hydrogen combustion (propeller),0.0
90.06280202112787,294.87179487179486,Hydrogen combustion (propeller),0.0
105.37249727360725,294.87179487179486,Hydrogen combustion (propeller),0.0
123.28467394420659,294.87179487179486,Hydrogen combustion (propeller),0.0
144.24172552410664,294.87179487179486,Hydrogen combustion (propeller),0.0
168.7612475788147,294.87179487179486,Hydrogen combustion (propeller),0.0
197.44882128159367,294.87179487179486,Hydrogen combustion (propeller),0.0
231.0129700083158,294.87179487179486,Hydrogen combustion (propeller),0.0
270.28265839051625,294.87179487179486,Hydrogen combustion (propeller),0.0
316.22776601683796,294.87179487179486,Hydrogen combustion (propeller),0.0
369.9830414406966,294.87179487179486,Hydrogen combustion (propeller),0.0
432.8761281083057,294.87179487179486,Hydrogen combustion (propeller),0.0
506.4603543891704,294.87179487179486,Hydrogen combustion (propeller),0.0
592.5530975545674,294.87179487179486,Hydrogen combustion (propeller),0.0
693.2806692144524,294.87179487179486,Hydrogen combustion (propeller),0.0
811.1308307896873,294.87179487179486,Hydrogen combustion (propeller),0.0
949.0142360424725,294.87179487179486,Hydrogen combustion (propeller),0.0
1110.336318167638,294.87179487179486,Hydrogen combustion (propeller),0.0
1299.0813969063468,294.87179487179486,Hydrogen combustion (propeller),0.0
1519.9110829529332,294.87179487179486,Hydrogen combustion (propeller),0.0
1778.2794100389228,294.87179487179486,Hydrogen combustion (propeller),0.0
2080.5675382171694,294.87179487179486,Hydrogen combustion (propeller),0.0
2434.2413552369194,294.87179487179486,Hydrogen combustion (propeller),0.0
2848.035868435799,294.87179487179486,Hydrogen combustion (propeller),0.0
3332.1709412448167,294.87179487179486,Hydrogen combustion (propeller),0.0
3898.603702549072,294.87179487179486,Hydrogen combustion (propeller),0.0
4561.323862890211,294.87179487179486,Hydrogen combustion (propeller),0.0
5336.699231206308,294.87179487179486,Hydrogen combustion (propeller),0.0
6243.879965653626,294.87179487179486,Hydrogen combustion (propeller),0.0
7305.271542664449,294.87179487179486,Hydrogen combustion (propeller),0.0
8547.08812559251,294.87179487179486,Hydrogen combustion (propeller),0.0
10000.0,294.87179487179486,Hydrogen combustion (propeller),0.0
10.0,303.0769230769231,Hydrogen combustion (propeller),0.0
11.69989106589066,303.0769230769231,Hydrogen combustion (propeller),0.0
13.688745095370805,303.0769230769231,Hydrogen combustion (propeller),0.0
16.015682644458355,303.0769230769231,Hydrogen combustion (propeller),0.0
18.73817422860384,303.0769230769231,Hydrogen combustion (propeller),0.0
21.923459724834466,303.0769230769231,Hydrogen combustion (propeller),0.0
25.650209056800456,303.0769230769231,Hydrogen combustion (propeller),0.0
30.010465178188735,303.0769230769231,Hydrogen combustion (propeller),0.0
35.11191734215131,303.0769230769231,Hydrogen combustion (propeller),0.0
41.08056080177274,303.0769230769231,Hydrogen combustion (propeller),0.0
48.06380863064389,303.0769230769231,Hydrogen combustion (propeller),0.0
56.23413251903491,303.0769230769231,Hydrogen combustion (propeller),0.0
65.79332246575679,303.0769230769231,Hydrogen combustion (propeller),0.0
76.9774705712371,303.0769230769231,Hydrogen combustion (propeller),0.0
90.06280202112787,303.0769230769231,Hydrogen combustion (propeller),0.0
105.37249727360725,303.0769230769231,Hydrogen combustion (propeller),0.0
123.28467394420659,303.0769230769231,Hydrogen combustion (propeller),0.0
144.24172552410664,303.0769230769231,Hydrogen combustion (propeller),0.0
168.7612475788147,303.0769230769231,Hydrogen combustion (propeller),0.0
197.44882128159367,303.0769230769231,Hydrogen combustion (propeller),0.0
231.0129700083158,303.0769230769231,Hydrogen combustion (propeller),0.0
270.28265839051625,303.0769230769231,Hydrogen combustion (propeller),0.0
316.22776601683796,303.0769230769231,Hydrogen combustion (propeller),0.0
369.9830414406966,303.0769230769231,Hydrogen combustion (propeller),0.0
432.8761281083057,303.0769230769231,Hydrogen combustion (propeller),0.0
506.4603543891704,303.0769230769231,Hydrogen combustion (propeller),0.0
592.5530975545674,303.0769230769231,Hydrogen combustion (propeller),0.0
693.2806692144524,303.0769230769231,Hydrogen combustion (propeller),0.0
811.1308307896873,303.0769230769231,Hydrogen combustion (propeller),0.0
949.0142360424725,303.0769230769231,Hydrogen combustion (propeller),0.0
1110.336318167638,303.0769230769231,Hydrogen combustion (propeller),0.0
1299.0813969063468,303.0769230769231,Hydrogen combustion (propeller),0.0
1519.9110829529332,303.0769230769231,Hydrogen combustion (propeller),0.0
1778.2794100389228,303.0769230769231,Hydrogen combustion (propeller),0.0
2080.5675382171694,303.0769230769231,Hydrogen combustion (propeller),0.0
2434.2413552369194,303.0769230769231,Hydrogen combustion (propeller),0.0
2848.035868435799,303.0769230769231,Hydrogen combustion (propeller),0.0
3332.1709412448167,303.0769230769231,Hydrogen combustion (propeller),0.0
3898.603702549072,303.0769230769231,Hydrogen combustion (propeller),0.0
4561.323862890211,303.0769230769231,Hydrogen combustion (propeller),0.0
5336.699231206308,303.0769230769231,Hydrogen combustion (propeller),0.0
6243.879965653626,303.0769230769231,Hydrogen combustion (propeller),0.0
7305.271542664449,303.0769230769231,Hydrogen combustion (propeller),0.0
8547.08812559251,303.0769230769231,Hydrogen combustion (propeller),0.0
10000.0,303.0769230769231,Hydrogen combustion (propeller),0.0
10.0,311.28205128205127,Hydrogen combustion (propeller),0.0
11.69989106589066,311.28205128205127,Hydrogen combustion (propeller),0.0
13.688745095370805,311.28205128205127,Hydrogen combustion (propeller),0.0
16.015682644458355,311.28205128205127,Hydrogen combustion (propeller),0.0
18.73817422860384,311.28205128205127,Hydrogen combustion (propeller),0.0
21.923459724834466,311.28205128205127,Hydrogen combustion (propeller),0.0
25.650209056800456,311.28205128205127,Hydrogen combustion (propeller),0.0
30.010465178188735,311.28205128205127,Hydrogen combustion (propeller),0.0
35.11191734215131,311.28205128205127,Hydrogen combustion (propeller),0.0
41.08056080177274,311.28205128205127,Hydrogen combustion (propeller),0.0
48.06380863064389,311.28205128205127,Hydrogen combustion (propeller),0.0
56.23413251903491,311.28205128205127,Hydrogen combustion (propeller),0.0
65.79332246575679,311.28205128205127,Hydrogen combustion (propeller),0.0
76.9774705712371,311.28205128205127,Hydrogen combustion (propeller),0.0
90.06280202112787,311.28205128205127,Hydrogen combustion (propeller),0.0
105.37249727360725,311.28205128205127,Hydrogen combustion (propeller),0.0
123.28467394420659,311.28205128205127,Hydrogen combustion (propeller),0.0
144.24172552410664,311.28205128205127,Hydrogen combustion (propeller),0.0
168.7612475788147,311.28205128205127,Hydrogen combustion (propeller),0.0
197.44882128159367,311.28205128205127,Hydrogen combustion (propeller),0.0
231.0129700083158,311.28205128205127,Hydrogen combustion (propeller),0.0
270.28265839051625,311.28205128205127,Hydrogen combustion (propeller),0.0
316.22776601683796,311.28205128205127,Hydrogen combustion (propeller),0.0
369.9830414406966,311.28205128205127,Hydrogen combustion (propeller),0.0
432.8761281083057,311.28205128205127,Hydrogen combustion (propeller),0.0
506.4603543891704,311.28205128205127,Hydrogen combustion (propeller),0.0
592.5530975545674,311.28205128205127,Hydrogen combustion (propeller),0.0
693.2806692144524,311.28205128205127,Hydrogen combustion (propeller),0.0
811.1308307896873,311.28205128205127,Hydrogen combustion (propeller),0.0
949.0142360424725,311.28205128205127,Hydrogen combustion (propeller),0.0
1110.336318167638,311.28205128205127,Hydrogen combustion (propeller),0.0
1299.0813969063468,311.28205128205127,Hydrogen combustion (propeller),0.0
1519.9110829529332,311.28205128205127,Hydrogen combustion (propeller),0.0
1778.2794100389228,311.28205128205127,Hydrogen combustion (propeller),0.0
2080.5675382171694,311.28205128205127,Hydrogen combustion (propeller),0.0
2434.2413552369194,311.28205128205127,Hydrogen combustion (propeller),0.0
2848.035868435799,311.28205128205127,Hydrogen combustion (propeller),0.0
3332.1709412448167,311.28205128205127,Hydrogen combustion (propeller),0.0
3898.603702549072,311.28205128205127,Hydrogen combustion (propeller),0.0
4561.323862890211,311.28205128205127,Hydrogen combustion (propeller),0.0
5336.699231206308,311.28205128205127,Hydrogen combustion (propeller),0.0
6243.879965653626,311.28205128205127,Hydrogen combustion (propeller),0.0
7305.271542664449,311.28205128205127,Hydrogen combustion (propeller),0.0
8547.08812559251,311.28205128205127,Hydrogen combustion (propeller),0.0
10000.0,311.28205128205127,Hydrogen combustion (propeller),0.0
10.0,319.48717948717945,Hydrogen combustion (propeller),0.0
11.69989106589066,319.48717948717945,Hydrogen combustion (propeller),0.0
13.688745095370805,319.48717948717945,Hydrogen combustion (propeller),0.0
16.015682644458355,319.48717948717945,Hydrogen combustion (propeller),0.0
18.73817422860384,319.48717948717945,Hydrogen combustion (propeller),0.0
21.923459724834466,319.48717948717945,Hydrogen combustion (propeller),0.0
25.650209056800456,319.48717948717945,Hydrogen combustion (propeller),0.0
30.010465178188735,319.48717948717945,Hydrogen combustion (propeller),0.0
35.11191734215131,319.48717948717945,Hydrogen combustion (propeller),0.0
41.08056080177274,319.48717948717945,Hydrogen combustion (propeller),0.0
48.06380863064389,319.48717948717945,Hydrogen combustion (propeller),0.0
56.23413251903491,319.48717948717945,Hydrogen combustion (propeller),0.0
65.79332246575679,319.48717948717945,Hydrogen combustion (propeller),0.0
76.9774705712371,319.48717948717945,Hydrogen combustion (propeller),0.0
90.06280202112787,319.48717948717945,Hydrogen combustion (propeller),0.0
105.37249727360725,319.48717948717945,Hydrogen combustion (propeller),0.0
123.28467394420659,319.48717948717945,Hydrogen combustion (propeller),0.0
144.24172552410664,319.48717948717945,Hydrogen combustion (propeller),0.0
168.7612475788147,319.48717948717945,Hydrogen combustion (propeller),0.0
197.44882128159367,319.48717948717945,Hydrogen combustion (propeller),0.0
231.0129700083158,319.48717948717945,Hydrogen combustion (propeller),0.0
270.28265839051625,319.48717948717945,Hydrogen combustion (propeller),0.0
316.22776601683796,319.48717948717945,Hydrogen combustion (propeller),0.0
369.9830414406966,319.48717948717945,Hydrogen combustion (propeller),0.0
432.8761281083057,319.48717948717945,Hydrogen combustion (propeller),0.0
506.4603543891704,319.48717948717945,Hydrogen combustion (propeller),0.0
592.5530975545674,319.48717948717945,Hydrogen combustion (propeller),0.0
693.2806692144524,319.48717948717945,Hydrogen combustion (propeller),0.0
811.1308307896873,319.48717948717945,Hydrogen combustion (propeller),0.0
949.0142360424725,319.48717948717945,Hydrogen combustion (propeller),0.0
1110.336318167638,319.48717948717945,Hydrogen combustion (propeller),0.0
1299.0813969063468,319.48717948717945,Hydrogen combustion (propeller),0.0
1519.9110829529332,319.48717948717945,Hydrogen combustion (propeller),0.0
1778.2794100389228,319.48717948717945,Hydrogen combustion (propeller),0.0
2080.5675382171694,319.48717948717945,Hydrogen combustion (propeller),0.0
2434.2413552369194,319.48717948717945,Hydrogen combustion (propeller),0.0
2848.035868435799,319.48717948717945,Hydrogen combustion (propeller),0.0
3332.1709412448167,319.48717948717945,Hydrogen combustion (propeller),0.0
3898.603702549072,319.48717948717945,Hydrogen combustion (propeller),0.0
4561.323862890211,319.48717948717945,Hydrogen combustion (propeller),0.0
5336.699231206308,319.48717948717945,Hydrogen combustion (propeller),0.0
6243.879965653626,319.48717948717945,Hydrogen combustion (propeller),0.0
7305.271542664449,319.48717948717945,Hydrogen combustion (propeller),0.0
8547.08812559251,319.48717948717945,Hydrogen combustion (propeller),0.0
10000.0,319.48717948717945,Hydrogen combustion (propeller),0.0
10.0,327.6923076923077,Hydrogen combustion (propeller),0.0
11.69989106589066,327.6923076923077,Hydrogen combustion (propeller),0.0
13.688745095370805,327.6923076923077,Hydrogen combustion (propeller),0.0
16.015682644458355,327.6923076923077,Hydrogen combustion (propeller),0.0
18.73817422860384,327.6923076923077,Hydrogen combustion (propeller),0.0
21.923459724834466,327.6923076923077,Hydrogen combustion (propeller),0.0
25.650209056800456,327.6923076923077,Hydrogen combustion (propeller),0.0
30.010465178188735,327.6923076923077,Hydrogen combustion (propeller),0.0
35.11191734215131,327.6923076923077,Hydrogen combustion (propeller),0.0
41.08056080177274,327.6923076923077,Hydrogen combustion (propeller),0.0
48.06380863064389,327.6923076923077,Hydrogen combustion (propeller),0.0
56.23413251903491,327.6923076923077,Hydrogen combustion (propeller),0.0
65.79332246575679,327.6923076923077,Hydrogen combustion (propeller),0.0
76.9774705712371,327.6923076923077,Hydrogen combustion (propeller),0.0
90.06280202112787,327.6923076923077,Hydrogen combustion (propeller),0.0
105.37249727360725,327.6923076923077,Hydrogen combustion (propeller),0.0
123.28467394420659,327.6923076923077,Hydrogen combustion (propeller),0.0
144.24172552410664,327.6923076923077,Hydrogen combustion (propeller),0.0
168.7612475788147,327.6923076923077,Hydrogen combustion (propeller),0.0
197.44882128159367,327.6923076923077,Hydrogen combustion (propeller),0.0
231.0129700083158,327.6923076923077,Hydrogen combustion (propeller),0.0
270.28265839051625,327.6923076923077,Hydrogen combustion (propeller),0.0
316.22776601683796,327.6923076923077,Hydrogen combustion (propeller),0.0
369.9830414406966,327.6923076923077,Hydrogen combustion (propeller),0.0
432.8761281083057,327.6923076923077,Hydrogen combustion (propeller),0.0
506.4603543891704,327.6923076923077,Hydrogen combustion (propeller),0.0
592.5530975545674,327.6923076923077,Hydrogen combustion (propeller),0.0
693.2806692144524,327.6923076923077,Hydrogen combustion (propeller),0.0
811.1308307896873,327.6923076923077,Hydrogen combustion (propeller),0.0
949.0142360424725,327.6923076923077,Hydrogen combustion (propeller),0.0
1110.336318167638,327.6923076923077,Hydrogen combustion (propeller),0.0
1299.0813969063468,327.6923076923077,Hydrogen combustion (propeller),0.0
1519.9110829529332,327.6923076923077,Hydrogen combustion (propeller),0.0
1778.2794100389228,327.6923076923077,Hydrogen combustion (propeller),0.0
2080.5675382171694,327.6923076923077,Hydrogen combustion (propeller),0.0
2434.2413552369194,327.6923076923077,Hydrogen combustion (propeller),0.0
2848.035868435799,327.6923076923077,Hydrogen combustion (propeller),0.0
3332.1709412448167,327.6923076923077,Hydrogen combustion (propeller),0.0
3898.603702549072,327.6923076923077,Hydrogen combustion (propeller),0.0
4561.323862890211,327.6923076923077,Hydrogen combustion (propeller),0.0
5336.699231206308,327.6923076923077,Hydrogen combustion (propeller),0.0
6243.879965653626,327.6923076923077,Hydrogen combustion (propeller),0.0
7305.271542664449,327.6923076923077,Hydrogen combustion (propeller),0.0
8547.08812559251,327.6923076923077,Hydrogen combustion (propeller),0.0
10000.0,327.6923076923077,Hydrogen combustion (propeller),0.0
10.0,335.8974358974359,Hydrogen combustion (propeller),0.0
11.69989106589066,335.8974358974359,Hydrogen combustion (propeller),0.0
13.688745095370805,335.8974358974359,Hydrogen combustion (propeller),0.0
16.015682644458355,335.8974358974359,Hydrogen combustion (propeller),0.0
18.73817422860384,335.8974358974359,Hydrogen combustion (propeller),0.0
21.923459724834466,335.8974358974359,Hydrogen combustion (propeller),0.0
25.650209056800456,335.8974358974359,Hydrogen combustion (propeller),0.0
30.010465178188735,335.8974358974359,Hydrogen combustion (propeller),0.0
35.11191734215131,335.8974358974359,Hydrogen combustion (propeller),0.0
41.08056080177274,335.8974358974359,Hydrogen combustion (propeller),0.0
48.06380863064389,335.8974358974359,Hydrogen combustion (propeller),0.0
56.23413251903491,335.8974358974359,Hydrogen combustion (propeller),0.0
65.79332246575679,335.8974358974359,Hydrogen combustion (propeller),0.0
76.9774705712371,335.8974358974359,Hydrogen combustion (propeller),0.0
90.06280202112787,335.8974358974359,Hydrogen combustion (propeller),0.0
105.37249727360725,335.8974358974359,Hydrogen combustion (propeller),0.0
123.28467394420659,335.8974358974359,Hydrogen combustion (propeller),0.0
144.24172552410664,335.8974358974359,Hydrogen combustion (propeller),0.0
168.7612475788147,335.8974358974359,Hydrogen combustion (propeller),0.0
197.44882128159367,335.8974358974359,Hydrogen combustion (propeller),0.0
231.0129700083158,335.8974358974359,Hydrogen combustion (propeller),0.0
270.28265839051625,335.8974358974359,Hydrogen combustion (propeller),0.0
316.22776601683796,335.8974358974359,Hydrogen combustion (propeller),0.0
369.9830414406966,335.8974358974359,Hydrogen combustion (propeller),0.0
432.8761281083057,335.8974358974359,Hydrogen combustion (propeller),0.0
506.4603543891704,335.8974358974359,Hydrogen combustion (propeller),0.0
592.5530975545674,335.8974358974359,Hydrogen combustion (propeller),0.0
693.2806692144524,335.8974358974359,Hydrogen combustion (propeller),0.0
811.1308307896873,335.8974358974359,Hydrogen combustion (propeller),0.0
949.0142360424725,335.8974358974359,Hydrogen combustion (propeller),0.0
1110.336318167638,335.8974358974359,Hydrogen combustion (propeller),0.0
1299.0813969063468,335.8974358974359,Hydrogen combustion (propeller),0.0
1519.9110829529332,335.8974358974359,Hydrogen combustion (propeller),0.0
1778.2794100389228,335.8974358974359,Hydrogen combustion (propeller),0.0
2080.5675382171694,335.8974358974359,Hydrogen combustion (propeller),0.0
2434.2413552369194,335.8974358974359,Hydrogen combustion (propeller),0.0
2848.035868435799,335.8974358974359,Hydrogen combustion (propeller),0.0
3332.1709412448167,335.8974358974359,Hydrogen combustion (propeller),0.0
3898.603702549072,335.8974358974359,Hydrogen combustion (propeller),0.0
4561.323862890211,335.8974358974359,Hydrogen combustion (propeller),0.0
5336.699231206308,335.8974358974359,Hydrogen combustion (propeller),0.0
6243.879965653626,335.8974358974359,Hydrogen combustion (propeller),0.0
7305.271542664449,335.8974358974359,Hydrogen combustion (propeller),0.0
8547.08812559251,335.8974358974359,Hydrogen combustion (propeller),0.0
10000.0,335.8974358974359,Hydrogen combustion (propeller),0.0
10.0,344.1025641025641,Hydrogen combustion (propeller),0.0
11.69989106589066,344.1025641025641,Hydrogen combustion (propeller),0.0
13.688745095370805,344.1025641025641,Hydrogen combustion (propeller),0.0
16.015682644458355,344.1025641025641,Hydrogen combustion (propeller),0.0
18.73817422860384,344.1025641025641,Hydrogen combustion (propeller),0.0
21.923459724834466,344.1025641025641,Hydrogen combustion (propeller),0.0
25.650209056800456,344.1025641025641,Hydrogen combustion (propeller),0.0
30.010465178188735,344.1025641025641,Hydrogen combustion (propeller),0.0
35.11191734215131,344.1025641025641,Hydrogen combustion (propeller),0.0
41.08056080177274,344.1025641025641,Hydrogen combustion (propeller),0.0
48.06380863064389,344.1025641025641,Hydrogen combustion (propeller),0.0
56.23413251903491,344.1025641025641,Hydrogen combustion (propeller),0.0
65.79332246575679,344.1025641025641,Hydrogen combustion (propeller),0.0
76.9774705712371,344.1025641025641,Hydrogen combustion (propeller),0.0
90.06280202112787,344.1025641025641,Hydrogen combustion (propeller),0.0
105.37249727360725,344.1025641025641,Hydrogen combustion (propeller),0.0
123.28467394420659,344.1025641025641,Hydrogen combustion (propeller),0.0
144.24172552410664,344.1025641025641,Hydrogen combustion (propeller),0.0
168.7612475788147,344.1025641025641,Hydrogen combustion (propeller),0.0
197.44882128159367,344.1025641025641,Hydrogen combustion (propeller),0.0
231.0129700083158,344.1025641025641,Hydrogen combustion (propeller),0.0
270.28265839051625,344.1025641025641,Hydrogen combustion (propeller),0.0
316.22776601683796,344.1025641025641,Hydrogen combustion (propeller),0.0
369.9830414406966,344.1025641025641,Hydrogen combustion (propeller),0.0
432.8761281083057,344.1025641025641,Hydrogen combustion (propeller),0.0
506.4603543891704,344.1025641025641,Hydrogen combustion (propeller),0.0
592.5530975545674,344.1025641025641,Hydrogen combustion (propeller),0.0
693.2806692144524,344.1025641025641,Hydrogen combustion (propeller),0.0
811.1308307896873,344.1025641025641,Hydrogen combustion (propeller),0.0
949.0142360424725,344.1025641025641,Hydrogen combustion (propeller),0.0
1110.336318167638,344.1025641025641,Hydrogen combustion (propeller),0.0
1299.0813969063468,344.1025641025641,Hydrogen combustion (propeller),0.0
1519.9110829529332,344.1025641025641,Hydrogen combustion (propeller),0.0
1778.2794100389228,344.1025641025641,Hydrogen combustion (propeller),0.0
2080.5675382171694,344.1025641025641,Hydrogen combustion (propeller),0.0
2434.2413552369194,344.1025641025641,Hydrogen combustion (propeller),0.0
2848.035868435799,344.1025641025641,Hydrogen combustion (propeller),0.0
3332.1709412448167,344.1025641025641,Hydrogen combustion (propeller),0.0
3898.603702549072,344.1025641025641,Hydrogen combustion (propeller),0.0
4561.323862890211,344.1025641025641,Hydrogen combustion (propeller),0.0
5336.699231206308,344.1025641025641,Hydrogen combustion (propeller),0.0
6243.879965653626,344.1025641025641,Hydrogen combustion (propeller),0.0
7305.271542664449,344.1025641025641,Hydrogen combustion (propeller),0.0
8547.08812559251,344.1025641025641,Hydrogen combustion (propeller),0.0
10000.0,344.1025641025641,Hydrogen combustion (propeller),0.0
10.0,352.30769230769226,Hydrogen combustion (propeller),0.0
11.69989106589066,352.30769230769226,Hydrogen combustion (propeller),0.0
13.688745095370805,352.30769230769226,Hydrogen combustion (propeller),0.0
16.015682644458355,352.30769230769226,Hydrogen combustion (propeller),0.0
18.73817422860384,352.30769230769226,Hydrogen combustion (propeller),0.0
21.923459724834466,352.30769230769226,Hydrogen combustion (propeller),0.0
25.650209056800456,352.30769230769226,Hydrogen combustion (propeller),0.0
30.010465178188735,352.30769230769226,Hydrogen combustion (propeller),0.0
35.11191734215131,352.30769230769226,Hydrogen combustion (propeller),0.0
41.08056080177274,352.30769230769226,Hydrogen combustion (propeller),0.0
48.06380863064389,352.30769230769226,Hydrogen combustion (propeller),0.0
56.23413251903491,352.30769230769226,Hydrogen combustion (propeller),0.0
65.79332246575679,352.30769230769226,Hydrogen combustion (propeller),0.0
76.9774705712371,352.30769230769226,Hydrogen combustion (propeller),0.0
90.06280202112787,352.30769230769226,Hydrogen combustion (propeller),0.0
105.37249727360725,352.30769230769226,Hydrogen combustion (propeller),0.0
123.28467394420659,352.30769230769226,Hydrogen combustion (propeller),0.0
144.24172552410664,352.30769230769226,Hydrogen combustion (propeller),0.0
168.7612475788147,352.30769230769226,Hydrogen combustion (propeller),0.0
197.44882128159367,352.30769230769226,Hydrogen combustion (propeller),0.0
231.0129700083158,352.30769230769226,Hydrogen combustion (propeller),0.0
270.28265839051625,352.30769230769226,Hydrogen combustion (propeller),0.0
316.22776601683796,352.30769230769226,Hydrogen combustion (propeller),0.0
369.9830414406966,352.30769230769226,Hydrogen combustion (propeller),0.0
432.8761281083057,352.30769230769226,Hydrogen combustion (propeller),0.0
506.4603543891704,352.30769230769226,Hydrogen combustion (propeller),0.0
592.5530975545674,352.30769230769226,Hydrogen combustion (propeller),0.0
693.2806692144524,352.30769230769226,Hydrogen combustion (propeller),0.0
811.1308307896873,352.30769230769226,Hydrogen combustion (propeller),0.0
949.0142360424725,352.30769230769226,Hydrogen combustion (propeller),0.0
1110.336318167638,352.30769230769226,Hydrogen combustion (propeller),0.0
1299.0813969063468,352.30769230769226,Hydrogen combustion (propeller),0.0
1519.9110829529332,352.30769230769226,Hydrogen combustion (propeller),0.0
1778.2794100389228,352.30769230769226,Hydrogen combustion (propeller),0.0
2080.5675382171694,352.30769230769226,Hydrogen combustion (propeller),0.0
2434.2413552369194,352.30769230769226,Hydrogen combustion (propeller),0.0
2848.035868435799,352.30769230769226,Hydrogen combustion (propeller),0.0
3332.1709412448167,352.30769230769226,Hydrogen combustion (propeller),0.0
3898.603702549072,352.30769230769226,Hydrogen combustion (propeller),0.0
4561.323862890211,352.30769230769226,Hydrogen combustion (propeller),0.0
5336.699231206308,352.30769230769226,Hydrogen combustion (propeller),0.0
6243.879965653626,352.30769230769226,Hydrogen combustion (propeller),0.0
7305.271542664449,352.30769230769226,Hydrogen combustion (propeller),0.0
8547.08812559251,352.30769230769226,Hydrogen combustion (propeller),0.0
10000.0,352.30769230769226,Hydrogen combustion (propeller),0.0
10.0,360.5128205128205,Hydrogen combustion (propeller),0.0
11.69989106589066,360.5128205128205,Hydrogen combustion (propeller),0.0
13.688745095370805,360.5128205128205,Hydrogen combustion (propeller),0.0
16.015682644458355,360.5128205128205,Hydrogen combustion (propeller),0.0
18.73817422860384,360.5128205128205,Hydrogen combustion (propeller),0.0
21.923459724834466,360.5128205128205,Hydrogen combustion (propeller),0.0
25.650209056800456,360.5128205128205,Hydrogen combustion (propeller),0.0
30.010465178188735,360.5128205128205,Hydrogen combustion (propeller),0.0
35.11191734215131,360.5128205128205,Hydrogen combustion (propeller),0.0
41.08056080177274,360.5128205128205,Hydrogen combustion (propeller),0.0
48.06380863064389,360.5128205128205,Hydrogen combustion (propeller),0.0
56.23413251903491,360.5128205128205,Hydrogen combustion (propeller),0.0
65.79332246575679,360.5128205128205,Hydrogen combustion (propeller),0.0
76.9774705712371,360.5128205128205,Hydrogen combustion (propeller),0.0
90.06280202112787,360.5128205128205,Hydrogen combustion (propeller),0.0
105.37249727360725,360.5128205128205,Hydrogen combustion (propeller),0.0
123.28467394420659,360.5128205128205,Hydrogen combustion (propeller),0.0
144.24172552410664,360.5128205128205,Hydrogen combustion (propeller),0.0
168.7612475788147,360.5128205128205,Hydrogen combustion (propeller),0.0
197.44882128159367,360.5128205128205,Hydrogen combustion (propeller),0.0
231.0129700083158,360.5128205128205,Hydrogen combustion (propeller),0.0
270.28265839051625,360.5128205128205,Hydrogen combustion (propeller),0.0
316.22776601683796,360.5128205128205,Hydrogen combustion (propeller),0.0
369.9830414406966,360.5128205128205,Hydrogen combustion (propeller),0.0
432.8761281083057,360.5128205128205,Hydrogen combustion (propeller),0.0
506.4603543891704,360.5128205128205,Hydrogen combustion (propeller),0.0
592.5530975545674,360.5128205128205,Hydrogen combustion (propeller),0.0
693.2806692144524,360.5128205128205,Hydrogen combustion (propeller),0.0
811.1308307896873,360.5128205128205,Hydrogen combustion (propeller),0.0
949.0142360424725,360.5128205128205,Hydrogen combustion (propeller),0.0
1110.336318167638,360.5128205128205,Hydrogen combustion (propeller),0.0
1299.0813969063468,360.5128205128205,Hydrogen combustion (propeller),0.0
1519.9110829529332,360.5128205128205,Hydrogen combustion (propeller),0.0
1778.2794100389228,360.5128205128205,Hydrogen combustion (propeller),0.0
2080.5675382171694,360.5128205128205,Hydrogen combustion (propeller),0.0
2434.2413552369194,360.5128205128205,Hydrogen combustion (propeller),0.0
2848.035868435799,360.5128205128205,Hydrogen combustion (propeller),0.0
3332.1709412448167,360.5128205128205,Hydrogen combustion (propeller),0.0
3898.603702549072,360.5128205128205,Hydrogen combustion (propeller),0.0
4561.323862890211,360.5128205128205,Hydrogen combustion (propeller),0.0
5336.699231206308,360.5128205128205,Hydrogen combustion (propeller),0.0
6243.879965653626,360.5128205128205,Hydrogen combustion (propeller),0.0
7305.271542664449,360.5128205128205,Hydrogen combustion (propeller),0.0
8547.08812559251,360.5128205128205,Hydrogen combustion (propeller),0.0
10000.0,360.5128205128205,Hydrogen combustion (propeller),0.0
10.0,368.71794871794873,Hydrogen combustion (propeller),0.0
11.69989106589066,368.71794871794873,Hydrogen combustion (propeller),0.0
13.688745095370805,368.71794871794873,Hydrogen combustion (propeller),0.0
16.015682644458355,368.71794871794873,Hydrogen combustion (propeller),0.0
18.73817422860384,368.71794871794873,Hydrogen combustion (propeller),0.0
21.923459724834466,368.71794871794873,Hydrogen combustion (propeller),0.0
25.650209056800456,368.71794871794873,Hydrogen combustion (propeller),0.0
30.010465178188735,368.71794871794873,Hydrogen combustion (propeller),0.0
35.11191734215131,368.71794871794873,Hydrogen combustion (propeller),0.0
41.08056080177274,368.71794871794873,Hydrogen combustion (propeller),0.0
48.06380863064389,368.71794871794873,Hydrogen combustion (propeller),0.0
56.23413251903491,368.71794871794873,Hydrogen combustion (propeller),0.0
65.79332246575679,368.71794871794873,Hydrogen combustion (propeller),0.0
76.9774705712371,368.71794871794873,Hydrogen combustion (propeller),0.0
90.06280202112787,368.71794871794873,Hydrogen combustion (propeller),0.0
105.37249727360725,368.71794871794873,Hydrogen combustion (propeller),0.0
123.28467394420659,368.71794871794873,Hydrogen combustion (propeller),0.0
144.24172552410664,368.71794871794873,Hydrogen combustion (propeller),0.0
168.7612475788147,368.71794871794873,Hydrogen combustion (propeller),0.0
197.44882128159367,368.71794871794873,Hydrogen combustion (propeller),0.0
231.0129700083158,368.71794871794873,Hydrogen combustion (propeller),0.0
270.28265839051625,368.71794871794873,Hydrogen combustion (propeller),0.0
316.22776601683796,368.71794871794873,Hydrogen combustion (propeller),0.0
369.9830414406966,368.71794871794873,Hydrogen combustion (propeller),0.0
432.8761281083057,368.71794871794873,Hydrogen combustion (propeller),0.0
506.4603543891704,368.71794871794873,Hydrogen combustion (propeller),0.0
592.5530975545674,368.71794871794873,Hydrogen combustion (propeller),0.0
693.2806692144524,368.71794871794873,Hydrogen combustion (propeller),0.0
811.1308307896873,368.71794871794873,Hydrogen combustion (propeller),0.0
949.0142360424725,368.71794871794873,Hydrogen combustion (propeller),0.0
1110.336318167638,368.71794871794873,Hydrogen combustion (propeller),0.0
1299.0813969063468,368.71794871794873,Hydrogen combustion (propeller),0.0
1519.9110829529332,368.71794871794873,Hydrogen combustion (propeller),0.0
1778.2794100389228,368.71794871794873,Hydrogen combustion (propeller),0.0
2080.5675382171694,368.71794871794873,Hydrogen combustion (propeller),0.0
2434.2413552369194,368.71794871794873,Hydrogen combustion (propeller),0.0
2848.035868435799,368.71794871794873,Hydrogen combustion (propeller),0.0
3332.1709412448167,368.71794871794873,Hydrogen combustion (propeller),0.0
3898.603702549072,368.71794871794873,Hydrogen combustion (propeller),0.0
4561.323862890211,368.71794871794873,Hydrogen combustion (propeller),0.0
5336.699231206308,368.71794871794873,Hydrogen combustion (propeller),0.0
6243.879965653626,368.71794871794873,Hydrogen combustion (propeller),0.0
7305.271542664449,368.71794871794873,Hydrogen combustion (propeller),0.0
8547.08812559251,368.71794871794873,Hydrogen combustion (propeller),0.0
10000.0,368.71794871794873,Hydrogen combustion (propeller),0.0
10.0,376.9230769230769,Hydrogen combustion (propeller),0.0
11.69989106589066,376.9230769230769,Hydrogen combustion (propeller),0.0
13.688745095370805,376.9230769230769,Hydrogen combustion (propeller),0.0
16.015682644458355,376.9230769230769,Hydrogen combustion (propeller),0.0
18.73817422860384,376.9230769230769,Hydrogen combustion (propeller),0.0
21.923459724834466,376.9230769230769,Hydrogen combustion (propeller),0.0
25.650209056800456,376.9230769230769,Hydrogen combustion (propeller),0.0
30.010465178188735,376.9230769230769,Hydrogen combustion (propeller),0.0
35.11191734215131,376.9230769230769,Hydrogen combustion (propeller),0.0
41.08056080177274,376.9230769230769,Hydrogen combustion (propeller),0.0
48.06380863064389,376.9230769230769,Hydrogen combustion (propeller),0.0
56.23413251903491,376.9230769230769,Hydrogen combustion (propeller),0.0
65.79332246575679,376.9230769230769,Hydrogen combustion (propeller),0.0
76.9774705712371,376.9230769230769,Hydrogen combustion (propeller),0.0
90.06280202112787,376.9230769230769,Hydrogen combustion (propeller),0.0
105.37249727360725,376.9230769230769,Hydrogen combustion (propeller),0.0
123.28467394420659,376.9230769230769,Hydrogen combustion (propeller),0.0
144.24172552410664,376.9230769230769,Hydrogen combustion (propeller),0.0
168.7612475788147,376.9230769230769,Hydrogen combustion (propeller),0.0
197.44882128159367,376.9230769230769,Hydrogen combustion (propeller),0.0
231.0129700083158,376.9230769230769,Hydrogen combustion (propeller),0.0
270.28265839051625,376.9230769230769,Hydrogen combustion (propeller),0.0
316.22776601683796,376.9230769230769,Hydrogen combustion (propeller),0.0
369.9830414406966,376.9230769230769,Hydrogen combustion (propeller),0.0
432.8761281083057,376.9230769230769,Hydrogen combustion (propeller),0.0
506.4603543891704,376.9230769230769,Hydrogen combustion (propeller),0.0
592.5530975545674,376.9230769230769,Hydrogen combustion (propeller),0.0
693.2806692144524,376.9230769230769,Hydrogen combustion (propeller),0.0
811.1308307896873,376.9230769230769,Hydrogen combustion (propeller),0.0
949.0142360424725,376.9230769230769,Hydrogen combustion (propeller),0.0
1110.336318167638,376.9230769230769,Hydrogen combustion (propeller),0.0
1299.0813969063468,376.9230769230769,Hydrogen combustion (propeller),0.0
1519.9110829529332,376.9230769230769,Hydrogen combustion (propeller),0.0
1778.2794100389228,376.9230769230769,Hydrogen combustion (propeller),0.0
2080.5675382171694,376.9230769230769,Hydrogen combustion (propeller),0.0
2434.2413552369194,376.9230769230769,Hydrogen combustion (propeller),0.0
2848.035868435799,376.9230769230769,Hydrogen combustion (propeller),0.0
3332.1709412448167,376.9230769230769,Hydrogen combustion (propeller),0.0
3898.603702549072,376.9230769230769,Hydrogen combustion (propeller),0.0
4561.323862890211,376.9230769230769,Hydrogen combustion (propeller),0.0
5336.699231206308,376.9230769230769,Hydrogen combustion (propeller),0.0
6243.879965653626,376.9230769230769,Hydrogen combustion (propeller),0.0
7305.271542664449,376.9230769230769,Hydrogen combustion (propeller),0.0
8547.08812559251,376.9230769230769,Hydrogen combustion (propeller),0.0
10000.0,376.9230769230769,Hydrogen combustion (propeller),0.0
10.0,385.1282051282051,Hydrogen combustion (propeller),0.0
11.69989106589066,385.1282051282051,Hydrogen combustion (propeller),0.0
13.688745095370805,385.1282051282051,Hydrogen combustion (propeller),0.0
16.015682644458355,385.1282051282051,Hydrogen combustion (propeller),0.0
18.73817422860384,385.1282051282051,Hydrogen combustion (propeller),0.0
21.923459724834466,385.1282051282051,Hydrogen combustion (propeller),0.0
25.650209056800456,385.1282051282051,Hydrogen combustion (propeller),0.0
30.010465178188735,385.1282051282051,Hydrogen combustion (propeller),0.0
35.11191734215131,385.1282051282051,Hydrogen combustion (propeller),0.0
41.08056080177274,385.1282051282051,Hydrogen combustion (propeller),0.0
48.06380863064389,385.1282051282051,Hydrogen combustion (propeller),0.0
56.23413251903491,385.1282051282051,Hydrogen combustion (propeller),0.0
65.79332246575679,385.1282051282051,Hydrogen combustion (propeller),0.0
76.9774705712371,385.1282051282051,Hydrogen combustion (propeller),0.0
90.06280202112787,385.1282051282051,Hydrogen combustion (propeller),0.0
105.37249727360725,385.1282051282051,Hydrogen combustion (propeller),0.0
123.28467394420659,385.1282051282051,Hydrogen combustion (propeller),0.0
144.24172552410664,385.1282051282051,Hydrogen combustion (propeller),0.0
168.7612475788147,385.1282051282051,Hydrogen combustion (propeller),0.0
197.44882128159367,385.1282051282051,Hydrogen combustion (propeller),0.0
231.0129700083158,385.1282051282051,Hydrogen combustion (propeller),0.0
270.28265839051625,385.1282051282051,Hydrogen combustion (propeller),0.0
316.22776601683796,385.1282051282051,Hydrogen combustion (propeller),0.0
369.9830414406966,385.1282051282051,Hydrogen combustion (propeller),0.0
432.8761281083057,385.1282051282051,Hydrogen combustion (propeller),0.0
506.4603543891704,385.1282051282051,Hydrogen combustion (propeller),0.0
592.5530975545674,385.1282051282051,Hydrogen combustion (propeller),0.0
693.2806692144524,385.1282051282051,Hydrogen combustion (propeller),0.0
811.1308307896873,385.1282051282051,Hydrogen combustion (propeller),0.0
949.0142360424725,385.1282051282051,Hydrogen combustion (propeller),0.0
1110.336318167638,385.1282051282051,Hydrogen combustion (propeller),0.0
1299.0813969063468,385.1282051282051,Hydrogen combustion (propeller),0.0
1519.9110829529332,385.1282051282051,Hydrogen combustion (propeller),0.0
1778.2794100389228,385.1282051282051,Hydrogen combustion (propeller),0.0
2080.5675382171694,385.1282051282051,Hydrogen combustion (propeller),0.0
2434.2413552369194,385.1282051282051,Hydrogen combustion (propeller),0.0
2848.035868435799,385.1282051282051,Hydrogen combustion (propeller),0.0
3332.1709412448167,385.1282051282051,Hydrogen combustion (propeller),0.0
3898.603702549072,385.1282051282051,Hydrogen combustion (propeller),0.0
4561.323862890211,385.1282051282051,Hydrogen combustion (propeller),0.0
5336.699231206308,385.1282051282051,Hydrogen combustion (propeller),0.0
6243.879965653626,385.1282051282051,Hydrogen combustion (propeller),0.0
7305.271542664449,385.1282051282051,Hydrogen combustion (propeller),0.0
8547.08812559251,385.1282051282051,Hydrogen combustion (propeller),0.0
10000.0,385.1282051282051,Hydrogen combustion (propeller),0.0
10.0,393.3333333333333,Hydrogen combustion (propeller),0.0
11.69989106589066,393.3333333333333,Hydrogen combustion (propeller),0.0
13.688745095370805,393.3333333333333,Hydrogen combustion (propeller),0.0
16.015682644458355,393.3333333333333,Hydrogen combustion (propeller),0.0
18.73817422860384,393.3333333333333,Hydrogen combustion (propeller),0.0
21.923459724834466,393.3333333333333,Hydrogen combustion (propeller),0.0
25.650209056800456,393.3333333333333,Hydrogen combustion (propeller),0.0
30.010465178188735,393.3333333333333,Hydrogen combustion (propeller),0.0
35.11191734215131,393.3333333333333,Hydrogen combustion (propeller),0.0
41.08056080177274,393.3333333333333,Hydrogen combustion (propeller),0.0
48.06380863064389,393.3333333333333,Hydrogen combustion (propeller),0.0
56.23413251903491,393.3333333333333,Hydrogen combustion (propeller),0.0
65.79332246575679,393.3333333333333,Hydrogen combustion (propeller),0.0
76.9774705712371,393.3333333333333,Hydrogen combustion (propeller),0.0
90.06280202112787,393.3333333333333,Hydrogen combustion (propeller),0.0
105.37249727360725,393.3333333333333,Hydrogen combustion (propeller),0.0
123.28467394420659,393.3333333333333,Hydrogen combustion (propeller),0.0
144.24172552410664,393.3333333333333,Hydrogen combustion (propeller),0.0
168.7612475788147,393.3333333333333,Hydrogen combustion (propeller),0.0
197.44882128159367,393.3333333333333,Hydrogen combustion (propeller),0.0
231.0129700083158,393.3333333333333,Hydrogen combustion (propeller),0.0
270.28265839051625,393.3333333333333,Hydrogen combustion (propeller),0.0
316.22776601683796,393.3333333333333,Hydrogen combustion (propeller),0.0
369.9830414406966,393.3333333333333,Hydrogen combustion (propeller),0.0
432.8761281083057,393.3333333333333,Hydrogen combustion (propeller),0.0
506.4603543891704,393.3333333333333,Hydrogen combustion (propeller),0.0
592.5530975545674,393.3333333333333,Hydrogen combustion (propeller),0.0
693.2806692144524,393.3333333333333,Hydrogen combustion (propeller),0.0
811.1308307896873,393.3333333333333,Hydrogen combustion (propeller),0.0
949.0142360424725,393.3333333333333,Hydrogen combustion (propeller),0.0
1110.336318167638,393.3333333333333,Hydrogen combustion (propeller),0.0
1299.0813969063468,393.3333333333333,Hydrogen combustion (propeller),0.0
1519.9110829529332,393.3333333333333,Hydrogen combustion (propeller),0.0
1778.2794100389228,393.3333333333333,Hydrogen combustion (propeller),0.0
2080.5675382171694,393.3333333333333,Hydrogen combustion (propeller),0.0
2434.2413552369194,393.3333333333333,Hydrogen combustion (propeller),0.0
2848.035868435799,393.3333333333333,Hydrogen combustion (propeller),0.0
3332.1709412448167,393.3333333333333,Hydrogen combustion (propeller),0.0
3898.603702549072,393.3333333333333,Hydrogen combustion (propeller),0.0
4561.323862890211,393.3333333333333,Hydrogen combustion (propeller),0.0
5336.699231206308,393.3333333333333,Hydrogen combustion (propeller),0.0
6243.879965653626,393.3333333333333,Hydrogen combustion (propeller),0.0
7305.271542664449,393.3333333333333,Hydrogen combustion (propeller),0.0
8547.08812559251,393.3333333333333,Hydrogen combustion (propeller),0.0
10000.0,393.3333333333333,Hydrogen combustion (propeller),0.0
10.0,401.53846153846155,Hydrogen combustion (propeller),0.0
11.69989106589066,401.53846153846155,Hydrogen combustion (propeller),0.0
13.688745095370805,401.53846153846155,Hydrogen combustion (propeller),0.0
16.015682644458355,401.53846153846155,Hydrogen combustion (propeller),0.0
18.73817422860384,401.53846153846155,Hydrogen combustion (propeller),0.0
21.923459724834466,401.53846153846155,Hydrogen combustion (propeller),0.0
25.650209056800456,401.53846153846155,Hydrogen combustion (propeller),0.0
30.010465178188735,401.53846153846155,Hydrogen combustion (propeller),0.0
35.11191734215131,401.53846153846155,Hydrogen combustion (propeller),0.0
41.08056080177274,401.53846153846155,Hydrogen combustion (propeller),0.0
48.06380863064389,401.53846153846155,Hydrogen combustion (propeller),0.0
56.23413251903491,401.53846153846155,Hydrogen combustion (propeller),0.0
65.79332246575679,401.53846153846155,Hydrogen combustion (propeller),0.0
76.9774705712371,401.53846153846155,Hydrogen combustion (propeller),0.0
90.06280202112787,401.53846153846155,Hydrogen combustion (propeller),0.0
105.37249727360725,401.53846153846155,Hydrogen combustion (propeller),0.0
123.28467394420659,401.53846153846155,Hydrogen combustion (propeller),0.0
144.24172552410664,401.53846153846155,Hydrogen combustion (propeller),0.0
168.7612475788147,401.53846153846155,Hydrogen combustion (propeller),0.0
197.44882128159367,401.53846153846155,Hydrogen combustion (propeller),0.0
231.0129700083158,401.53846153846155,Hydrogen combustion (propeller),0.0
270.28265839051625,401.53846153846155,Hydrogen combustion (propeller),0.0
316.22776601683796,401.53846153846155,Hydrogen combustion (propeller),0.0
369.9830414406966,401.53846153846155,Hydrogen combustion (propeller),0.0
432.8761281083057,401.53846153846155,Hydrogen combustion (propeller),0.0
506.4603543891704,401.53846153846155,Hydrogen combustion (propeller),0.0
592.5530975545674,401.53846153846155,Hydrogen combustion (propeller),0.0
693.2806692144524,401.53846153846155,Hydrogen combustion (propeller),0.0
811.1308307896873,401.53846153846155,Hydrogen combustion (propeller),0.0
949.0142360424725,401.53846153846155,Hydrogen combustion (propeller),0.0
1110.336318167638,401.53846153846155,Hydrogen combustion (propeller),0.0
1299.0813969063468,401.53846153846155,Hydrogen combustion (propeller),0.0
1519.9110829529332,401.53846153846155,Hydrogen combustion (propeller),0.0
1778.2794100389228,401.53846153846155,Hydrogen combustion (propeller),0.0
2080.5675382171694,401.53846153846155,Hydrogen combustion (propeller),0.0
2434.2413552369194,401.53846153846155,Hydrogen combustion (propeller),0.0
2848.035868435799,401.53846153846155,Hydrogen combustion (propeller),0.0
3332.1709412448167,401.53846153846155,Hydrogen combustion (propeller),0.0
3898.603702549072,401.53846153846155,Hydrogen combustion (propeller),0.0
4561.323862890211,401.53846153846155,Hydrogen combustion (propeller),0.0
5336.699231206308,401.53846153846155,Hydrogen combustion (propeller),0.0
6243.879965653626,401.53846153846155,Hydrogen combustion (propeller),0.0
7305.271542664449,401.53846153846155,Hydrogen combustion (propeller),0.0
8547.08812559251,401.53846153846155,Hydrogen combustion (propeller),0.0
10000.0,401.53846153846155,Hydrogen combustion (propeller),0.0
10.0,409.7435897435897,Hydrogen combustion (propeller),0.0
11.69989106589066,409.7435897435897,Hydrogen combustion (propeller),0.0
13.688745095370805,409.7435897435897,Hydrogen combustion (propeller),0.0
16.015682644458355,409.7435897435897,Hydrogen combustion (propeller),0.0
18.73817422860384,409.7435897435897,Hydrogen combustion (propeller),0.0
21.923459724834466,409.7435897435897,Hydrogen combustion (propeller),0.0
25.650209056800456,409.7435897435897,Hydrogen combustion (propeller),0.0
30.010465178188735,409.7435897435897,Hydrogen combustion (propeller),0.0
35.11191734215131,409.7435897435897,Hydrogen combustion (propeller),0.0
41.08056080177274,409.7435897435897,Hydrogen combustion (propeller),0.0
48.06380863064389,409.7435897435897,Hydrogen combustion (propeller),0.0
56.23413251903491,409.7435897435897,Hydrogen combustion (propeller),0.0
65.79332246575679,409.7435897435897,Hydrogen combustion (propeller),0.0
76.9774705712371,409.7435897435897,Hydrogen combustion (propeller),0.0
90.06280202112787,409.7435897435897,Hydrogen combustion (propeller),0.0
105.37249727360725,409.7435897435897,Hydrogen combustion (propeller),0.0
123.28467394420659,409.7435897435897,Hydrogen combustion (propeller),0.0
144.24172552410664,409.7435897435897,Hydrogen combustion (propeller),0.0
168.7612475788147,409.7435897435897,Hydrogen combustion (propeller),0.0
197.44882128159367,409.7435897435897,Hydrogen combustion (propeller),0.0
231.0129700083158,409.7435897435897,Hydrogen combustion (propeller),0.0
270.28265839051625,409.7435897435897,Hydrogen combustion (propeller),0.0
316.22776601683796,409.7435897435897,Hydrogen combustion (propeller),0.0
369.9830414406966,409.7435897435897,Hydrogen combustion (propeller),0.0
432.8761281083057,409.7435897435897,Hydrogen combustion (propeller),0.0
506.4603543891704,409.7435897435897,Hydrogen combustion (propeller),0.0
592.5530975545674,409.7435897435897,Hydrogen combustion (propeller),0.0
693.2806692144524,409.7435897435897,Hydrogen combustion (propeller),0.0
811.1308307896873,409.7435897435897,Hydrogen combustion (propeller),0.0
949.0142360424725,409.7435897435897,Hydrogen combustion (propeller),0.0
1110.336318167638,409.7435897435897,Hydrogen combustion (propeller),0.0
1299.0813969063468,409.7435897435897,Hydrogen combustion (propeller),0.0
1519.9110829529332,409.7435897435897,Hydrogen combustion (propeller),0.0
1778.2794100389228,409.7435897435897,Hydrogen combustion (propeller),0.0
2080.5675382171694,409.7435897435897,Hydrogen combustion (propeller),0.0
2434.2413552369194,409.7435897435897,Hydrogen combustion (propeller),0.0
2848.035868435799,409.7435897435897,Hydrogen combustion (propeller),0.0
3332.1709412448167,409.7435897435897,Hydrogen combustion (propeller),0.0
3898.603702549072,409.7435897435897,Hydrogen combustion (propeller),0.0
4561.323862890211,409.7435897435897,Hydrogen combustion (propeller),0.0
5336.699231206308,409.7435897435897,Hydrogen combustion (propeller),0.0
6243.879965653626,409.7435897435897,Hydrogen combustion (propeller),0.0
7305.271542664449,409.7435897435897,Hydrogen combustion (propeller),0.0
8547.08812559251,409.7435897435897,Hydrogen combustion (propeller),0.0
10000.0,409.7435897435897,Hydrogen combustion (propeller),0.0
10.0,417.9487179487179,Hydrogen combustion (propeller),0.0
11.69989106589066,417.9487179487179,Hydrogen combustion (propeller),0.0
13.688745095370805,417.9487179487179,Hydrogen combustion (propeller),0.0
16.015682644458355,417.9487179487179,Hydrogen combustion (propeller),0.0
18.73817422860384,417.9487179487179,Hydrogen combustion (propeller),0.0
21.923459724834466,417.9487179487179,Hydrogen combustion (propeller),0.0
25.650209056800456,417.9487179487179,Hydrogen combustion (propeller),0.0
30.010465178188735,417.9487179487179,Hydrogen combustion (propeller),0.0
35.11191734215131,417.9487179487179,Hydrogen combustion (propeller),0.0
41.08056080177274,417.9487179487179,Hydrogen combustion (propeller),0.0
48.06380863064389,417.9487179487179,Hydrogen combustion (propeller),0.0
56.23413251903491,417.9487179487179,Hydrogen combustion (propeller),0.0
65.79332246575679,417.9487179487179,Hydrogen combustion (propeller),0.0
76.9774705712371,417.9487179487179,Hydrogen combustion (propeller),0.0
90.06280202112787,417.9487179487179,Hydrogen combustion (propeller),0.0
105.37249727360725,417.9487179487179,Hydrogen combustion (propeller),0.0
123.28467394420659,417.9487179487179,Hydrogen combustion (propeller),0.0
144.24172552410664,417.9487179487179,Hydrogen combustion (propeller),0.0
168.7612475788147,417.9487179487179,Hydrogen combustion (propeller),0.0
197.44882128159367,417.9487179487179,Hydrogen combustion (propeller),0.0
231.0129700083158,417.9487179487179,Hydrogen combustion (propeller),0.0
270.28265839051625,417.9487179487179,Hydrogen combustion (propeller),0.0
316.22776601683796,417.9487179487179,Hydrogen combustion (propeller),0.0
369.9830414406966,417.9487179487179,Hydrogen combustion (propeller),0.0
432.8761281083057,417.9487179487179,Hydrogen combustion (propeller),0.0
506.4603543891704,417.9487179487179,Hydrogen combustion (propeller),0.0
592.5530975545674,417.9487179487179,Hydrogen combustion (propeller),0.0
693.2806692144524,417.9487179487179,Hydrogen combustion (propeller),0.0
811.1308307896873,417.9487179487179,Hydrogen combustion (propeller),0.0
949.0142360424725,417.9487179487179,Hydrogen combustion (propeller),0.0
1110.336318167638,417.9487179487179,Hydrogen combustion (propeller),0.0
1299.0813969063468,417.9487179487179,Hydrogen combustion (propeller),0.0
1519.9110829529332,417.9487179487179,Hydrogen combustion (propeller),0.0
1778.2794100389228,417.9487179487179,Hydrogen combustion (propeller),0.0
2080.5675382171694,417.9487179487179,Hydrogen combustion (propeller),0.0
2434.2413552369194,417.9487179487179,Hydrogen combustion (propeller),0.0
2848.035868435799,417.9487179487179,Hydrogen combustion (propeller),0.0
3332.1709412448167,417.9487179487179,Hydrogen combustion (propeller),0.0
3898.603702549072,417.9487179487179,Hydrogen combustion (propeller),0.0
4561.323862890211,417.9487179487179,Hydrogen combustion (propeller),0.0
5336.699231206308,417.9487179487179,Hydrogen combustion (propeller),0.0
6243.879965653626,417.9487179487179,Hydrogen combustion (propeller),0.0
7305.271542664449,417.9487179487179,Hydrogen combustion (propeller),0.0
8547.08812559251,417.9487179487179,Hydrogen combustion (propeller),0.0
10000.0,417.9487179487179,Hydrogen combustion (propeller),0.0
10.0,426.15384615384613,Hydrogen combustion (propeller),0.0
11.69989106589066,426.15384615384613,Hydrogen combustion (propeller),0.0
13.688745095370805,426.15384615384613,Hydrogen combustion (propeller),0.0
16.015682644458355,426.15384615384613,Hydrogen combustion (propeller),0.0
18.73817422860384,426.15384615384613,Hydrogen combustion (propeller),0.0
21.923459724834466,426.15384615384613,Hydrogen combustion (propeller),0.0
25.650209056800456,426.15384615384613,Hydrogen combustion (propeller),0.0
30.010465178188735,426.15384615384613,Hydrogen combustion (propeller),0.0
35.11191734215131,426.15384615384613,Hydrogen combustion (propeller),0.0
41.08056080177274,426.15384615384613,Hydrogen combustion (propeller),0.0
48.06380863064389,426.15384615384613,Hydrogen combustion (propeller),0.0
56.23413251903491,426.15384615384613,Hydrogen combustion (propeller),0.0
65.79332246575679,426.15384615384613,Hydrogen combustion (propeller),0.0
76.9774705712371,426.15384615384613,Hydrogen combustion (propeller),0.0
90.06280202112787,426.15384615384613,Hydrogen combustion (propeller),0.0
105.37249727360725,426.15384615384613,Hydrogen combustion (propeller),0.0
123.28467394420659,426.15384615384613,Hydrogen combustion (propeller),0.0
144.24172552410664,426.15384615384613,Hydrogen combustion (propeller),0.0
168.7612475788147,426.15384615384613,Hydrogen combustion (propeller),0.0
197.44882128159367,426.15384615384613,Hydrogen combustion (propeller),0.0
231.0129700083158,426.15384615384613,Hydrogen combustion (propeller),0.0
270.28265839051625,426.15384615384613,Hydrogen combustion (propeller),0.0
316.22776601683796,426.15384615384613,Hydrogen combustion (propeller),0.0
369.9830414406966,426.15384615384613,Hydrogen combustion (propeller),0.0
432.8761281083057,426.15384615384613,Hydrogen combustion (propeller),0.0
506.4603543891704,426.15384615384613,Hydrogen combustion (propeller),0.0
592.5530975545674,426.15384615384613,Hydrogen combustion (propeller),0.0
693.2806692144524,426.15384615384613,Hydrogen combustion (propeller),0.0
811.1308307896873,426.15384615384613,Hydrogen combustion (propeller),0.0
949.0142360424725,426.15384615384613,Hydrogen combustion (propeller),0.0
1110.336318167638,426.15384615384613,Hydrogen combustion (propeller),0.0
1299.0813969063468,426.15384615384613,Hydrogen combustion (propeller),0.0
1519.9110829529332,426.15384615384613,Hydrogen combustion (propeller),0.0
1778.2794100389228,426.15384615384613,Hydrogen combustion (propeller),0.0
2080.5675382171694,426.15384615384613,Hydrogen combustion (propeller),0.0
2434.2413552369194,426.15384615384613,Hydrogen combustion (propeller),0.0
2848.035868435799,426.15384615384613,Hydrogen combustion (propeller),0.0
3332.1709412448167,426.15384615384613,Hydrogen combustion (propeller),0.0
3898.603702549072,426.15384615384613,Hydrogen combustion (propeller),0.0
4561.323862890211,426.15384615384613,Hydrogen combustion (propeller),0.0
5336.699231206308,426.15384615384613,Hydrogen combustion (propeller),0.0
6243.879965653626,426.15384615384613,Hydrogen combustion (propeller),0.0
7305.271542664449,426.15384615384613,Hydrogen combustion (propeller),0.0
8547.08812559251,426.15384615384613,Hydrogen combustion (propeller),0.0
10000.0,426.15384615384613,Hydrogen combustion (propeller),0.0
10.0,434.35897435897436,Hydrogen combustion (propeller),0.0
11.69989106589066,434.35897435897436,Hydrogen combustion (propeller),0.0
13.688745095370805,434.35897435897436,Hydrogen combustion (propeller),0.0
16.015682644458355,434.35897435897436,Hydrogen combustion (propeller),0.0
18.73817422860384,434.35897435897436,Hydrogen combustion (propeller),0.0
21.923459724834466,434.35897435897436,Hydrogen combustion (propeller),0.0
25.650209056800456,434.35897435897436,Hydrogen combustion (propeller),0.0
30.010465178188735,434.35897435897436,Hydrogen combustion (propeller),0.0
35.11191734215131,434.35897435897436,Hydrogen combustion (propeller),0.0
41.08056080177274,434.35897435897436,Hydrogen combustion (propeller),0.0
48.06380863064389,434.35897435897436,Hydrogen combustion (propeller),0.0
56.23413251903491,434.35897435897436,Hydrogen combustion (propeller),0.0
65.79332246575679,434.35897435897436,Hydrogen combustion (propeller),0.0
76.9774705712371,434.35897435897436,Hydrogen combustion (propeller),0.0
90.06280202112787,434.35897435897436,Hydrogen combustion (propeller),0.0
105.37249727360725,434.35897435897436,Hydrogen combustion (propeller),0.0
123.28467394420659,434.35897435897436,Hydrogen combustion (propeller),0.0
144.24172552410664,434.35897435897436,Hydrogen combustion (propeller),0.0
168.7612475788147,434.35897435897436,Hydrogen combustion (propeller),0.0
197.44882128159367,434.35897435897436,Hydrogen combustion (propeller),0.0
231.0129700083158,434.35897435897436,Hydrogen combustion (propeller),0.0
270.28265839051625,434.35897435897436,Hydrogen combustion (propeller),0.0
316.22776601683796,434.35897435897436,Hydrogen combustion (propeller),0.0
369.9830414406966,434.35897435897436,Hydrogen combustion (propeller),0.0
432.8761281083057,434.35897435897436,Hydrogen combustion (propeller),0.0
506.4603543891704,434.35897435897436,Hydrogen combustion (propeller),0.0
592.5530975545674,434.35897435897436,Hydrogen combustion (propeller),0.0
693.2806692144524,434.35897435897436,Hydrogen combustion (propeller),0.0
811.1308307896873,434.35897435897436,Hydrogen combustion (propeller),0.0
949.0142360424725,434.35897435897436,Hydrogen combustion (propeller),0.0
1110.336318167638,434.35897435897436,Hydrogen combustion (propeller),0.0
1299.0813969063468,434.35897435897436,Hydrogen combustion (propeller),0.0
1519.9110829529332,434.35897435897436,Hydrogen combustion (propeller),0.0
1778.2794100389228,434.35897435897436,Hydrogen combustion (propeller),0.0
2080.5675382171694,434.35897435897436,Hydrogen combustion (propeller),0.0
2434.2413552369194,434.35897435897436,Hydrogen combustion (propeller),0.0
2848.035868435799,434.35897435897436,Hydrogen combustion (propeller),0.0
3332.1709412448167,434.35897435897436,Hydrogen combustion (propeller),0.0
3898.603702549072,434.35897435897436,Hydrogen combustion (propeller),0.0
4561.323862890211,434.35897435897436,Hydrogen combustion (propeller),0.0
5336.699231206308,434.35897435897436,Hydrogen combustion (propeller),0.0
6243.879965653626,434.35897435897436,Hydrogen combustion (propeller),0.0
7305.271542664449,434.35897435897436,Hydrogen combustion (propeller),0.0
8547.08812559251,434.35897435897436,Hydrogen combustion (propeller),0.0
10000.0,434.35897435897436,Hydrogen combustion (propeller),0.0
10.0,442.56410256410254,Hydrogen combustion (propeller),0.0
11.69989106589066,442.56410256410254,Hydrogen combustion (propeller),0.0
13.688745095370805,442.56410256410254,Hydrogen combustion (propeller),0.0
16.015682644458355,442.56410256410254,Hydrogen combustion (propeller),0.0
18.73817422860384,442.56410256410254,Hydrogen combustion (propeller),0.0
21.923459724834466,442.56410256410254,Hydrogen combustion (propeller),0.0
25.650209056800456,442.56410256410254,Hydrogen combustion (propeller),0.0
30.010465178188735,442.56410256410254,Hydrogen combustion (propeller),0.0
35.11191734215131,442.56410256410254,Hydrogen combustion (propeller),0.0
41.08056080177274,442.56410256410254,Hydrogen combustion (propeller),0.0
48.06380863064389,442.56410256410254,Hydrogen combustion (propeller),0.0
56.23413251903491,442.56410256410254,Hydrogen combustion (propeller),0.0
65.79332246575679,442.56410256410254,Hydrogen combustion (propeller),0.0
76.9774705712371,442.56410256410254,Hydrogen combustion (propeller),0.0
90.06280202112787,442.56410256410254,Hydrogen combustion (propeller),0.0
105.37249727360725,442.56410256410254,Hydrogen combustion (propeller),0.0
123.28467394420659,442.56410256410254,Hydrogen combustion (propeller),0.0
144.24172552410664,442.56410256410254,Hydrogen combustion (propeller),0.0
168.7612475788147,442.56410256410254,Hydrogen combustion (propeller),0.0
197.44882128159367,442.56410256410254,Hydrogen combustion (propeller),0.0
231.0129700083158,442.56410256410254,Hydrogen combustion (propeller),0.0
270.28265839051625,442.56410256410254,Hydrogen combustion (propeller),0.0
316.22776601683796,442.56410256410254,Hydrogen combustion (propeller),0.0
369.9830414406966,442.56410256410254,Hydrogen combustion (propeller),0.0
432.8761281083057,442.56410256410254,Hydrogen combustion (propeller),0.0
506.4603543891704,442.56410256410254,Hydrogen combustion (propeller),0.0
592.5530975545674,442.56410256410254,Hydrogen combustion (propeller),0.0
693.2806692144524,442.56410256410254,Hydrogen combustion (propeller),0.0
811.1308307896873,442.56410256410254,Hydrogen combustion (propeller),0.0
949.0142360424725,442.56410256410254,Hydrogen combustion (propeller),0.0
1110.336318167638,442.56410256410254,Hydrogen combustion (propeller),0.0
1299.0813969063468,442.56410256410254,Hydrogen combustion (propeller),0.0
1519.9110829529332,442.56410256410254,Hydrogen combustion (propeller),0.0
1778.2794100389228,442.56410256410254,Hydrogen combustion (propeller),0.0
2080.5675382171694,442.56410256410254,Hydrogen combustion (propeller),0.0
2434.2413552369194,442.56410256410254,Hydrogen combustion (propeller),0.0
2848.035868435799,442.56410256410254,Hydrogen combustion (propeller),0.0
3332.1709412448167,442.56410256410254,Hydrogen combustion (propeller),0.0
3898.603702549072,442.56410256410254,Hydrogen combustion (propeller),0.0
4561.323862890211,442.56410256410254,Hydrogen combustion (propeller),0.0
5336.699231206308,442.56410256410254,Hydrogen combustion (propeller),0.0
6243.879965653626,442.56410256410254,Hydrogen combustion (propeller),0.0
7305.271542664449,442.56410256410254,Hydrogen combustion (propeller),0.0
8547.08812559251,442.56410256410254,Hydrogen combustion (propeller),0.0
10000.0,442.56410256410254,Hydrogen combustion (propeller),0.0
10.0,450.7692307692307,Hydrogen combustion (propeller),0.0
11.69989106589066,450.7692307692307,Hydrogen combustion (propeller),0.0
13.688745095370805,450.7692307692307,Hydrogen combustion (propeller),0.0
16.015682644458355,450.7692307692307,Hydrogen combustion (propeller),0.0
18.73817422860384,450.7692307692307,Hydrogen combustion (propeller),0.0
21.923459724834466,450.7692307692307,Hydrogen combustion (propeller),0.0
25.650209056800456,450.7692307692307,Hydrogen combustion (propeller),0.0
30.010465178188735,450.7692307692307,Hydrogen combustion (propeller),0.0
35.11191734215131,450.7692307692307,Hydrogen combustion (propeller),0.0
41.08056080177274,450.7692307692307,Hydrogen combustion (propeller),0.0
48.06380863064389,450.7692307692307,Hydrogen combustion (propeller),0.0
56.23413251903491,450.7692307692307,Hydrogen combustion (propeller),0.0
65.79332246575679,450.7692307692307,Hydrogen combustion (propeller),0.0
76.9774705712371,450.7692307692307,Hydrogen combustion (propeller),0.0
90.06280202112787,450.7692307692307,Hydrogen combustion (propeller),0.0
105.37249727360725,450.7692307692307,Hydrogen combustion (propeller),0.0
123.28467394420659,450.7692307692307,Hydrogen combustion (propeller),0.0
144.24172552410664,450.7692307692307,Hydrogen combustion (propeller),0.0
168.7612475788147,450.7692307692307,Hydrogen combustion (propeller),0.0
197.44882128159367,450.7692307692307,Hydrogen combustion (propeller),0.0
231.0129700083158,450.7692307692307,Hydrogen combustion (propeller),0.0
270.28265839051625,450.7692307692307,Hydrogen combustion (propeller),0.0
316.22776601683796,450.7692307692307,Hydrogen combustion (propeller),0.0
369.9830414406966,450.7692307692307,Hydrogen combustion (propeller),0.0
432.8761281083057,450.7692307692307,Hydrogen combustion (propeller),0.0
506.4603543891704,450.7692307692307,Hydrogen combustion (propeller),0.0
592.5530975545674,450.7692307692307,Hydrogen combustion (propeller),0.0
693.2806692144524,450.7692307692307,Hydrogen combustion (propeller),0.0
811.1308307896873,450.7692307692307,Hydrogen combustion (propeller),0.0
949.0142360424725,450.7692307692307,Hydrogen combustion (propeller),0.0
1110.336318167638,450.7692307692307,Hydrogen combustion (propeller),0.0
1299.0813969063468,450.7692307692307,Hydrogen combustion (propeller),0.0
1519.9110829529332,450.7692307692307,Hydrogen combustion (propeller),0.0
1778.2794100389228,450.7692307692307,Hydrogen combustion (propeller),0.0
2080.5675382171694,450.7692307692307,Hydrogen combustion (propeller),0.0
2434.2413552369194,450.7692307692307,Hydrogen combustion (propeller),0.0
2848.035868435799,450.7692307692307,Hydrogen combustion (propeller),0.0
3332.1709412448167,450.7692307692307,Hydrogen combustion (propeller),0.0
3898.603702549072,450.7692307692307,Hydrogen combustion (propeller),0.0
4561.323862890211,450.7692307692307,Hydrogen combustion (propeller),0.0
5336.699231206308,450.7692307692307,Hydrogen combustion (propeller),0.0
6243.879965653626,450.7692307692307,Hydrogen combustion (propeller),0.0
7305.271542664449,450.7692307692307,Hydrogen combustion (propeller),0.0
8547.08812559251,450.7692307692307,Hydrogen combustion (propeller),0.0
10000.0,450.7692307692307,Hydrogen combustion (propeller),0.0
10.0,458.97435897435895,Hydrogen combustion (propeller),0.0
11.69989106589066,458.97435897435895,Hydrogen combustion (propeller),0.0
13.688745095370805,458.97435897435895,Hydrogen combustion (propeller),0.0
16.015682644458355,458.97435897435895,Hydrogen combustion (propeller),0.0
18.73817422860384,458.97435897435895,Hydrogen combustion (propeller),0.0
21.923459724834466,458.97435897435895,Hydrogen combustion (propeller),0.0
25.650209056800456,458.97435897435895,Hydrogen combustion (propeller),0.0
30.010465178188735,458.97435897435895,Hydrogen combustion (propeller),0.0
35.11191734215131,458.97435897435895,Hydrogen combustion (propeller),0.0
41.08056080177274,458.97435897435895,Hydrogen combustion (propeller),0.0
48.06380863064389,458.97435897435895,Hydrogen combustion (propeller),0.0
56.23413251903491,458.97435897435895,Hydrogen combustion (propeller),0.0
65.79332246575679,458.97435897435895,Hydrogen combustion (propeller),0.0
76.9774705712371,458.97435897435895,Hydrogen combustion (propeller),0.0
90.06280202112787,458.97435897435895,Hydrogen combustion (propeller),0.0
105.37249727360725,458.97435897435895,Hydrogen combustion (propeller),0.0
123.28467394420659,458.97435897435895,Hydrogen combustion (propeller),0.0
144.24172552410664,458.97435897435895,Hydrogen combustion (propeller),0.0
168.7612475788147,458.97435897435895,Hydrogen combustion (propeller),0.0
197.44882128159367,458.97435897435895,Hydrogen combustion (propeller),0.0
231.0129700083158,458.97435897435895,Hydrogen combustion (propeller),0.0
270.28265839051625,458.97435897435895,Hydrogen combustion (propeller),0.0
316.22776601683796,458.97435897435895,Hydrogen combustion (propeller),0.0
369.9830414406966,458.97435897435895,Hydrogen combustion (propeller),0.0
432.8761281083057,458.97435897435895,Hydrogen combustion (propeller),0.0
506.4603543891704,458.97435897435895,Hydrogen combustion (propeller),0.0
592.5530975545674,458.97435897435895,Hydrogen combustion (propeller),0.0
693.2806692144524,458.97435897435895,Hydrogen combustion (propeller),0.0
811.1308307896873,458.97435897435895,Hydrogen combustion (propeller),0.0
949.0142360424725,458.97435897435895,Hydrogen combustion (propeller),0.0
1110.336318167638,458.97435897435895,Hydrogen combustion (propeller),0.0
1299.0813969063468,458.97435897435895,Hydrogen combustion (propeller),0.0
1519.9110829529332,458.97435897435895,Hydrogen combustion (propeller),0.0
1778.2794100389228,458.97435897435895,Hydrogen combustion (propeller),0.0
2080.5675382171694,458.97435897435895,Hydrogen combustion (propeller),0.0
2434.2413552369194,458.97435897435895,Hydrogen combustion (propeller),0.0
2848.035868435799,458.97435897435895,Hydrogen combustion (propeller),0.0
3332.1709412448167,458.97435897435895,Hydrogen combustion (propeller),0.0
3898.603702549072,458.97435897435895,Hydrogen combustion (propeller),0.0
4561.323862890211,458.97435897435895,Hydrogen combustion (propeller),0.0
5336.699231206308,458.97435897435895,Hydrogen combustion (propeller),0.0
6243.879965653626,458.97435897435895,Hydrogen combustion (propeller),0.0
7305.271542664449,458.97435897435895,Hydrogen combustion (propeller),0.0
8547.08812559251,458.97435897435895,Hydrogen combustion (propeller),0.0
10000.0,458.97435897435895,Hydrogen combustion (propeller),0.0
10.0,467.1794871794872,Hydrogen combustion (propeller),0.0
11.69989106589066,467.1794871794872,Hydrogen combustion (propeller),0.0
13.688745095370805,467.1794871794872,Hydrogen combustion (propeller),0.0
16.015682644458355,467.1794871794872,Hydrogen combustion (propeller),0.0
18.73817422860384,467.1794871794872,Hydrogen combustion (propeller),0.0
21.923459724834466,467.1794871794872,Hydrogen combustion (propeller),0.0
25.650209056800456,467.1794871794872,Hydrogen combustion (propeller),0.0
30.010465178188735,467.1794871794872,Hydrogen combustion (propeller),0.0
35.11191734215131,467.1794871794872,Hydrogen combustion (propeller),0.0
41.08056080177274,467.1794871794872,Hydrogen combustion (propeller),0.0
48.06380863064389,467.1794871794872,Hydrogen combustion (propeller),0.0
56.23413251903491,467.1794871794872,Hydrogen combustion (propeller),0.0
65.79332246575679,467.1794871794872,Hydrogen combustion (propeller),0.0
76.9774705712371,467.1794871794872,Hydrogen combustion (propeller),0.0
90.06280202112787,467.1794871794872,Hydrogen combustion (propeller),0.0
105.37249727360725,467.1794871794872,Hydrogen combustion (propeller),0.0
123.28467394420659,467.1794871794872,Hydrogen combustion (propeller),0.0
144.24172552410664,467.1794871794872,Hydrogen combustion (propeller),0.0
168.7612475788147,467.1794871794872,Hydrogen combustion (propeller),0.0
197.44882128159367,467.1794871794872,Hydrogen combustion (propeller),0.0
231.0129700083158,467.1794871794872,Hydrogen combustion (propeller),0.0
270.28265839051625,467.1794871794872,Hydrogen combustion (propeller),0.0
316.22776601683796,467.1794871794872,Hydrogen combustion (propeller),0.0
369.9830414406966,467.1794871794872,Hydrogen combustion (propeller),0.0
432.8761281083057,467.1794871794872,Hydrogen combustion (propeller),0.0
506.4603543891704,467.1794871794872,Hydrogen combustion (propeller),0.0
592.5530975545674,467.1794871794872,Hydrogen combustion (propeller),0.0
693.2806692144524,467.1794871794872,Hydrogen combustion (propeller),0.0
811.1308307896873,467.1794871794872,Hydrogen combustion (propeller),0.0
949.0142360424725,467.1794871794872,Hydrogen combustion (propeller),0.0
1110.336318167638,467.1794871794872,Hydrogen combustion (propeller),0.0
1299.0813969063468,467.1794871794872,Hydrogen combustion (propeller),0.0
1519.9110829529332,467.1794871794872,Hydrogen combustion (propeller),0.0
1778.2794100389228,467.1794871794872,Hydrogen combustion (propeller),0.0
2080.5675382171694,467.1794871794872,Hydrogen combustion (propeller),0.0
2434.2413552369194,467.1794871794872,Hydrogen combustion (propeller),0.0
2848.035868435799,467.1794871794872,Hydrogen combustion (propeller),0.0
3332.1709412448167,467.1794871794872,Hydrogen combustion (propeller),0.0
3898.603702549072,467.1794871794872,Hydrogen combustion (propeller),0.0
4561.323862890211,467.1794871794872,Hydrogen combustion (propeller),0.0
5336.699231206308,467.1794871794872,Hydrogen combustion (propeller),0.0
6243.879965653626,467.1794871794872,Hydrogen combustion (propeller),0.0
7305.271542664449,467.1794871794872,Hydrogen combustion (propeller),0.0
8547.08812559251,467.1794871794872,Hydrogen combustion (propeller),0.0
10000.0,467.1794871794872,Hydrogen combustion (propeller),0.0
10.0,475.38461538461536,Hydrogen combustion (propeller),0.0
11.69989106589066,475.38461538461536,Hydrogen combustion (propeller),0.0
13.688745095370805,475.38461538461536,Hydrogen combustion (propeller),0.0
16.015682644458355,475.38461538461536,Hydrogen combustion (propeller),0.0
18.73817422860384,475.38461538461536,Hydrogen combustion (propeller),0.0
21.923459724834466,475.38461538461536,Hydrogen combustion (propeller),0.0
25.650209056800456,475.38461538461536,Hydrogen combustion (propeller),0.0
30.010465178188735,475.38461538461536,Hydrogen combustion (propeller),0.0
35.11191734215131,475.38461538461536,Hydrogen combustion (propeller),0.0
41.08056080177274,475.38461538461536,Hydrogen combustion (propeller),0.0
48.06380863064389,475.38461538461536,Hydrogen combustion (propeller),0.0
56.23413251903491,475.38461538461536,Hydrogen combustion (propeller),0.0
65.79332246575679,475.38461538461536,Hydrogen combustion (propeller),0.0
76.9774705712371,475.38461538461536,Hydrogen combustion (propeller),0.0
90.06280202112787,475.38461538461536,Hydrogen combustion (propeller),0.0
105.37249727360725,475.38461538461536,Hydrogen combustion (propeller),0.0
123.28467394420659,475.38461538461536,Hydrogen combustion (propeller),0.0
144.24172552410664,475.38461538461536,Hydrogen combustion (propeller),0.0
168.7612475788147,475.38461538461536,Hydrogen combustion (propeller),0.0
197.44882128159367,475.38461538461536,Hydrogen combustion (propeller),0.0
231.0129700083158,475.38461538461536,Hydrogen combustion (propeller),0.0
270.28265839051625,475.38461538461536,Hydrogen combustion (propeller),0.0
316.22776601683796,475.38461538461536,Hydrogen combustion (propeller),0.0
369.9830414406966,475.38461538461536,Hydrogen combustion (propeller),0.0
432.8761281083057,475.38461538461536,Hydrogen combustion (propeller),0.0
506.4603543891704,475.38461538461536,Hydrogen combustion (propeller),0.0
592.5530975545674,475.38461538461536,Hydrogen combustion (propeller),0.0
693.2806692144524,475.38461538461536,Hydrogen combustion (propeller),0.0
811.1308307896873,475.38461538461536,Hydrogen combustion (propeller),0.0
949.0142360424725,475.38461538461536,Hydrogen combustion (propeller),0.0
1110.336318167638,475.38461538461536,Hydrogen combustion (propeller),0.0
1299.0813969063468,475.38461538461536,Hydrogen combustion (propeller),0.0
1519.9110829529332,475.38461538461536,Hydrogen combustion (propeller),0.0
1778.2794100389228,475.38461538461536,Hydrogen combustion (propeller),0.0
2080.5675382171694,475.38461538461536,Hydrogen combustion (propeller),0.0
2434.2413552369194,475.38461538461536,Hydrogen combustion (propeller),0.0
2848.035868435799,475.38461538461536,Hydrogen combustion (propeller),0.0
3332.1709412448167,475.38461538461536,Hydrogen combustion (propeller),0.0
3898.603702549072,475.38461538461536,Hydrogen combustion (propeller),0.0
4561.323862890211,475.38461538461536,Hydrogen combustion (propeller),0.0
5336.699231206308,475.38461538461536,Hydrogen combustion (propeller),0.0
6243.879965653626,475.38461538461536,Hydrogen combustion (propeller),0.0
7305.271542664449,475.38461538461536,Hydrogen combustion (propeller),0.0
8547.08812559251,475.38461538461536,Hydrogen combustion (propeller),0.0
10000.0,475.38461538461536,Hydrogen combustion (propeller),0.0
10.0,483.58974358974353,Hydrogen combustion (propeller),0.0
11.69989106589066,483.58974358974353,Hydrogen combustion (propeller),0.0
13.688745095370805,483.58974358974353,Hydrogen combustion (propeller),0.0
16.015682644458355,483.58974358974353,Hydrogen combustion (propeller),0.0
18.73817422860384,483.58974358974353,Hydrogen combustion (propeller),0.0
21.923459724834466,483.58974358974353,Hydrogen combustion (propeller),0.0
25.650209056800456,483.58974358974353,Hydrogen combustion (propeller),0.0
30.010465178188735,483.58974358974353,Hydrogen combustion (propeller),0.0
35.11191734215131,483.58974358974353,Hydrogen combustion (propeller),0.0
41.08056080177274,483.58974358974353,Hydrogen combustion (propeller),0.0
48.06380863064389,483.58974358974353,Hydrogen combustion (propeller),0.0
56.23413251903491,483.58974358974353,Hydrogen combustion (propeller),0.0
65.79332246575679,483.58974358974353,Hydrogen combustion (propeller),0.0
76.9774705712371,483.58974358974353,Hydrogen combustion (propeller),0.0
90.06280202112787,483.58974358974353,Hydrogen combustion (propeller),0.0
105.37249727360725,483.58974358974353,Hydrogen combustion (propeller),0.0
123.28467394420659,483.58974358974353,Hydrogen combustion (propeller),0.0
144.24172552410664,483.58974358974353,Hydrogen combustion (propeller),0.0
168.7612475788147,483.58974358974353,Hydrogen combustion (propeller),0.0
197.44882128159367,483.58974358974353,Hydrogen combustion (propeller),0.0
231.0129700083158,483.58974358974353,Hydrogen combustion (propeller),0.0
270.28265839051625,483.58974358974353,Hydrogen combustion (propeller),0.0
316.22776601683796,483.58974358974353,Hydrogen combustion (propeller),0.0
369.9830414406966,483.58974358974353,Hydrogen combustion (propeller),0.0
432.8761281083057,483.58974358974353,Hydrogen combustion (propeller),0.0
506.4603543891704,483.58974358974353,Hydrogen combustion (propeller),0.0
592.5530975545674,483.58974358974353,Hydrogen combustion (propeller),0.0
693.2806692144524,483.58974358974353,Hydrogen combustion (propeller),0.0
811.1308307896873,483.58974358974353,Hydrogen combustion (propeller),0.0
949.0142360424725,483.58974358974353,Hydrogen combustion (propeller),0.0
1110.336318167638,483.58974358974353,Hydrogen combustion (propeller),0.0
1299.0813969063468,483.58974358974353,Hydrogen combustion (propeller),0.0
1519.9110829529332,483.58974358974353,Hydrogen combustion (propeller),0.0
1778.2794100389228,483.58974358974353,Hydrogen combustion (propeller),0.0
2080.5675382171694,483.58974358974353,Hydrogen combustion (propeller),0.0
2434.2413552369194,483.58974358974353,Hydrogen combustion (propeller),0.0
2848.035868435799,483.58974358974353,Hydrogen combustion (propeller),0.0
3332.1709412448167,483.58974358974353,Hydrogen combustion (propeller),0.0
3898.603702549072,483.58974358974353,Hydrogen combustion (propeller),0.0
4561.323862890211,483.58974358974353,Hydrogen combustion (propeller),0.0
5336.699231206308,483.58974358974353,Hydrogen combustion (propeller),0.0
6243.879965653626,483.58974358974353,Hydrogen combustion (propeller),0.0
7305.271542664449,483.58974358974353,Hydrogen combustion (propeller),0.0
8547.08812559251,483.58974358974353,Hydrogen combustion (propeller),0.0
10000.0,483.58974358974353,Hydrogen combustion (propeller),0.0
10.0,491.79487179487177,Hydrogen combustion (propeller),0.0
11.69989106589066,491.79487179487177,Hydrogen combustion (propeller),0.0
13.688745095370805,491.79487179487177,Hydrogen combustion (propeller),0.0
16.015682644458355,491.79487179487177,Hydrogen combustion (propeller),0.0
18.73817422860384,491.79487179487177,Hydrogen combustion (propeller),0.0
21.923459724834466,491.79487179487177,Hydrogen combustion (propeller),0.0
25.650209056800456,491.79487179487177,Hydrogen combustion (propeller),0.0
30.010465178188735,491.79487179487177,Hydrogen combustion (propeller),0.0
35.11191734215131,491.79487179487177,Hydrogen combustion (propeller),0.0
41.08056080177274,491.79487179487177,Hydrogen combustion (propeller),0.0
48.06380863064389,491.79487179487177,Hydrogen combustion (propeller),0.0
56.23413251903491,491.79487179487177,Hydrogen combustion (propeller),0.0
65.79332246575679,491.79487179487177,Hydrogen combustion (propeller),0.0
76.9774705712371,491.79487179487177,Hydrogen combustion (propeller),0.0
90.06280202112787,491.79487179487177,Hydrogen combustion (propeller),0.0
105.37249727360725,491.79487179487177,Hydrogen combustion (propeller),0.0
123.28467394420659,491.79487179487177,Hydrogen combustion (propeller),0.0
144.24172552410664,491.79487179487177,Hydrogen combustion (propeller),0.0
168.7612475788147,491.79487179487177,Hydrogen combustion (propeller),0.0
197.44882128159367,491.79487179487177,Hydrogen combustion (propeller),0.0
231.0129700083158,491.79487179487177,Hydrogen combustion (propeller),0.0
270.28265839051625,491.79487179487177,Hydrogen combustion (propeller),0.0
316.22776601683796,491.79487179487177,Hydrogen combustion (propeller),0.0
369.9830414406966,491.79487179487177,Hydrogen combustion (propeller),0.0
432.8761281083057,491.79487179487177,Hydrogen combustion (propeller),0.0
506.4603543891704,491.79487179487177,Hydrogen combustion (propeller),0.0
592.5530975545674,491.79487179487177,Hydrogen combustion (propeller),0.0
693.2806692144524,491.79487179487177,Hydrogen combustion (propeller),0.0
811.1308307896873,491.79487179487177,Hydrogen combustion (propeller),0.0
949.0142360424725,491.79487179487177,Hydrogen combustion (propeller),0.0
1110.336318167638,491.79487179487177,Hydrogen combustion (propeller),0.0
1299.0813969063468,491.79487179487177,Hydrogen combustion (propeller),0.0
1519.9110829529332,491.79487179487177,Hydrogen combustion (propeller),0.0
1778.2794100389228,491.79487179487177,Hydrogen combustion (propeller),0.0
2080.5675382171694,491.79487179487177,Hydrogen combustion (propeller),0.0
2434.2413552369194,491.79487179487177,Hydrogen combustion (propeller),0.0
2848.035868435799,491.79487179487177,Hydrogen combustion (propeller),0.0
3332.1709412448167,491.79487179487177,Hydrogen combustion (propeller),0.0
3898.603702549072,491.79487179487177,Hydrogen combustion (propeller),0.0
4561.323862890211,491.79487179487177,Hydrogen combustion (propeller),0.0
5336.699231206308,491.79487179487177,Hydrogen combustion (propeller),0.0
6243.879965653626,491.79487179487177,Hydrogen combustion (propeller),0.0
7305.271542664449,491.79487179487177,Hydrogen combustion (propeller),0.0
8547.08812559251,491.79487179487177,Hydrogen combustion (propeller),0.0
10000.0,491.79487179487177,Hydrogen combustion (propeller),0.0
10.0,500.0,Hydrogen combustion (propeller),0.0
11.69989106589066,500.0,Hydrogen combustion (propeller),0.0
13.688745095370805,500.0,Hydrogen combustion (propeller),0.0
16.015682644458355,500.0,Hydrogen combustion (propeller),0.0
18.73817422860384,500.0,Hydrogen combustion (propeller),0.0
21.923459724834466,500.0,Hydrogen combustion (propeller),0.0
25.650209056800456,500.0,Hydrogen combustion (propeller),0.0
30.010465178188735,500.0,Hydrogen combustion (propeller),0.0
35.11191734215131,500.0,Hydrogen combustion (propeller),0.0
41.08056080177274,500.0,Hydrogen combustion (propeller),0.0
48.06380863064389,500.0,Hydrogen combustion (propeller),0.0
56.23413251903491,500.0,Hydrogen combustion (propeller),0.0
65.79332246575679,500.0,Hydrogen combustion (propeller),0.0
76.9774705712371,500.0,Hydrogen combustion (propeller),0.0
90.06280202112787,500.0,Hydrogen combustion (propeller),0.0
105.37249727360725,500.0,Hydrogen combustion (propeller),0.0
123.28467394420659,500.0,Hydrogen combustion (propeller),0.0
144.24172552410664,500.0,Hydrogen combustion (propeller),0.0
168.7612475788147,500.0,Hydrogen combustion (propeller),0.0
197.44882128159367,500.0,Hydrogen combustion (propeller),0.0
231.0129700083158,500.0,Hydrogen combustion (propeller),0.0
270.28265839051625,500.0,Hydrogen combustion (propeller),0.0
316.22776601683796,500.0,Hydrogen combustion (propeller),0.0
369.9830414406966,500.0,Hydrogen combustion (propeller),0.0
432.8761281083057,500.0,Hydrogen combustion (propeller),0.0
506.4603543891704,500.0,Hydrogen combustion (propeller),0.0
592.5530975545674,500.0,Hydrogen combustion (propeller),0.0
693.2806692144524,500.0,Hydrogen combustion (propeller),0.0
811.1308307896873,500.0,Hydrogen combustion (propeller),0.0
949.0142360424725,500.0,Hydrogen combustion (propeller),0.0
1110.336318167638,500.0,Hydrogen combustion (propeller),0.0
1299.0813969063468,500.0,Hydrogen combustion (propeller),0.0
1519.9110829529332,500.0,Hydrogen combustion (propeller),0.0
1778.2794100389228,500.0,Hydrogen combustion (propeller),0.0
2080.5675382171694,500.0,Hydrogen combustion (propeller),0.0
2434.2413552369194,500.0,Hydrogen combustion (propeller),0.0
2848.035868435799,500.0,Hydrogen combustion (propeller),0.0
3332.1709412448167,500.0,Hydrogen combustion (propeller),0.0
3898.603702549072,500.0,Hydrogen combustion (propeller),0.0
4561.323862890211,500.0,Hydrogen combustion (propeller),0.0
5336.699231206308,500.0,Hydrogen combustion (propeller),0.0
6243.879965653626,500.0,Hydrogen combustion (propeller),0.0
7305.271542664449,500.0,Hydrogen combustion (propeller),0.0
8547.08812559251,500.0,Hydrogen combustion (propeller),0.0
10000.0,500.0,Hydrogen combustion (propeller),0.0
10.0,180.0,e-SAF combustion (fan),0.0
11.69989106589066,180.0,e-SAF combustion (fan),0.0
13.688745095370805,180.0,e-SAF combustion (fan),0.0
16.015682644458355,180.0,e-SAF combustion (fan),0.0
18.73817422860384,180.0,e-SAF combustion (fan),0.0
21.923459724834466,180.0,e-SAF combustion (fan),0.0
25.650209056800456,180.0,e-SAF combustion (fan),0.0
30.010465178188735,180.0,e-SAF combustion (fan),0.0
35.11191734215131,180.0,e-SAF combustion (fan),0.0
41.08056080177274,180.0,e-SAF combustion (fan),0.0
48.06380863064389,180.0,e-SAF combustion (fan),0.0
56.23413251903491,180.0,e-SAF combustion (fan),0.0
65.79332246575679,180.0,e-SAF combustion (fan),0.0
76.9774705712371,180.0,e-SAF combustion (fan),0.0
90.06280202112787,180.0,e-SAF combustion (fan),0.0
105.37249727360725,180.0,e-SAF combustion (fan),0.0
123.28467394420659,180.0,e-SAF combustion (fan),0.0
144.24172552410664,180.0,e-SAF combustion (fan),0.0
168.7612475788147,180.0,e-SAF combustion (fan),0.0
197.44882128159367,180.0,e-SAF combustion (fan),0.0
231.0129700083158,180.0,e-SAF combustion (fan),0.0
270.28265839051625,180.0,e-SAF combustion (fan),0.0
316.22776601683796,180.0,e-SAF combustion (fan),0.0
369.9830414406966,180.0,e-SAF combustion (fan),0.0
432.8761281083057,180.0,e-SAF combustion (fan),0.002
506.4603543891704,180.0,e-SAF combustion (fan),0.0026666666666666666
592.5530975545674,180.0,e-SAF combustion (fan),0.0033333333333333335
693.2806692144524,180.0,e-SAF combustion (fan),0.005333333333333333
811.1308307896873,180.0,e-SAF combustion (fan),0.008
949.0142360424725,180.0,e-SAF combustion (fan),0.012
1110.336318167638,180.0,e-SAF combustion (fan),0.016666666666666666
1299.0813969063468,180.0,e-SAF combustion (fan),0.025333333333333333
1519.9110829529332,180.0,e-SAF combustion (fan),0.035333333333333335
1778.2794100389228,180.0,e-SAF combustion (fan),0.051333333333333335
2080.5675382171694,180.0,e-SAF combustion (fan),0.06933333333333333
2434.2413552369194,180.0,e-SAF combustion (fan),0.09466666666666666
2848.035868435799,180.0,e-SAF combustion (fan),0.132
3332.1709412448167,180.0,e-SAF combustion (fan),0.16866666666666666
3898.603702549072,180.0,e-SAF combustion (fan),0.22333333333333333
4561.323862890211,180.0,e-SAF combustion (fan),0.2653333333333333
5336.699231206308,180.0,e-SAF combustion (fan),0.30666666666666664
6243.879965653626,180.0,e-SAF combustion (fan),0.35733333333333334
7305.271542664449,180.0,e-SAF combustion (fan),0.408
8547.08812559251,180.0,e-SAF combustion (fan),0.466
10000.0,180.0,e-SAF combustion (fan),0.5126666666666667
10.0,188.2051282051282,e-SAF combustion (fan),0.0
11.69989106589066,188.2051282051282,e-SAF combustion (fan),0.0
13.688745095370805,188.2051282051282,e-SAF combustion (fan),0.0
16.015682644458355,188.2051282051282,e-SAF combustion (fan),0.0
18.73817422860384,188.2051282051282,e-SAF combustion (fan),0.0
21.923459724834466,188.2051282051282,e-SAF combustion (fan),0.0
25.650209056800456,188.2051282051282,e-SAF combustion (fan),0.0
30.010465178188735,188.2051282051282,e-SAF combustion (fan),0.0
35.11191734215131,188.2051282051282,e-SAF combustion (fan),0.0
41.08056080177274,188.2051282051282,e-SAF combustion (fan),0.0
48.06380863064389,188.2051282051282,e-SAF combustion (fan),0.0
56.23413251903491,188.2051282051282,e-SAF combustion (fan),0.0
65.79332246575679,188.2051282051282,e-SAF combustion (fan),0.0
76.9774705712371,188.2051282051282,e-SAF combustion (fan),0.0
90.06280202112787,188.2051282051282,e-SAF combustion (fan),0.0
105.37249727360725,188.2051282051282,e-SAF combustion (fan),0.0
123.28467394420659,188.2051282051282,e-SAF combustion (fan),0.0
144.24172552410664,188.2051282051282,e-SAF combustion (fan),0.0
168.7612475788147,188.2051282051282,e-SAF combustion (fan),0.0
197.44882128159367,188.2051282051282,e-SAF combustion (fan),0.0
231.0129700083158,188.2051282051282,e-SAF combustion (fan),0.0
270.28265839051625,188.2051282051282,e-SAF combustion (fan),0.0
316.22776601683796,188.2051282051282,e-SAF combustion (fan),0.0
369.9830414406966,188.2051282051282,e-SAF combustion (fan),0.002
432.8761281083057,188.2051282051282,e-SAF combustion (fan),0.0026666666666666666
506.4603543891704,188.2051282051282,e-SAF combustion (fan),0.004
592.5530975545674,188.2051282051282,e-SAF combustion (fan),0.004666666666666667
693.2806692144524,188.2051282051282,e-SAF combustion (fan),0.014
811.1308307896873,188.2051282051282,e-SAF combustion (fan),0.017333333333333333
949.0142360424725,188.2051282051282,e-SAF combustion (fan),0.02666666666666667
1110.336318167638,188.2051282051282,e-SAF combustion (fan),0.03866666666666667
1299.0813969063468,188.2051282051282,e-SAF combustion (fan),0.054
1519.9110829529332,188.2051282051282,e-SAF combustion (fan),0.06666666666666667
1778.2794100389228,188.2051282051282,e-SAF combustion (fan),0.08333333333333333
2080.5675382171694,188.2051282051282,e-SAF combustion (fan),0.11466666666666667
2434.2413552369194,188.2051282051282,e-SAF combustion (fan),0.15133333333333332
2848.035868435799,188.2051282051282,e-SAF combustion (fan),0.20133333333333334
3332.1709412448167,188.2051282051282,e-SAF combustion (fan),0.25333333333333335
3898.603702549072,188.2051282051282,e-SAF combustion (fan),0.3
4561.323862890211,188.2051282051282,e-SAF combustion (fan),0.354
5336.699231206308,188.2051282051282,e-SAF combustion (fan),0.41733333333333333
6243.879965653626,188.2051282051282,e-SAF combustion (fan),0.4886666666666667
7305.271542664449,188.2051282051282,e-SAF combustion (fan),0.5526666666666666
8547.08812559251,188.2051282051282,e-SAF combustion (fan),0.61
10000.0,188.2051282051282,e-SAF combustion (fan),0.666
10.0,196.4102564102564,e-SAF combustion (fan),0.0
11.69989106589066,196.4102564102564,e-SAF combustion (fan),0.0
13.688745095370805,196.4102564102564,e-SAF combustion (fan),0.0
16.015682644458355,196.4102564102564,e-SAF combustion (fan),0.0
18.73817422860384,196.4102564102564,e-SAF combustion (fan),0.0
21.923459724834466,196.4102564102564,e-SAF combustion (fan),0.0
25.650209056800456,196.4102564102564,e-SAF combustion (fan),0.0
30.010465178188735,196.4102564102564,e-SAF combustion (fan),0.0
35.11191734215131,196.4102564102564,e-SAF combustion (fan),0.0
41.08056080177274,196.4102564102564,e-SAF combustion (fan),0.0
48.06380863064389,196.4102564102564,e-SAF combustion (fan),0.0
56.23413251903491,196.4102564102564,e-SAF combustion (fan),0.0
65.79332246575679,196.4102564102564,e-SAF combustion (fan),0.0
76.9774705712371,196.4102564102564,e-SAF combustion (fan),0.0
90.06280202112787,196.4102564102564,e-SAF combustion (fan),0.0
105.37249727360725,196.4102564102564,e-SAF combustion (fan),0.0
123.28467394420659,196.4102564102564,e-SAF combustion (fan),0.0
144.24172552410664,196.4102564102564,e-SAF combustion (fan),0.0
168.7612475788147,196.4102564102564,e-SAF combustion (fan),0.0
197.44882128159367,196.4102564102564,e-SAF combustion (fan),0.0
231.0129700083158,196.4102564102564,e-SAF combustion (fan),0.0
270.28265839051625,196.4102564102564,e-SAF combustion (fan),0.0
316.22776601683796,196.4102564102564,e-SAF combustion (fan),0.0013333333333333333
369.9830414406966,196.4102564102564,e-SAF combustion (fan),0.0026666666666666666
432.8761281083057,196.4102564102564,e-SAF combustion (fan),0.0033333333333333335
506.4603543891704,196.4102564102564,e-SAF combustion (fan),0.006666666666666667
592.5530975545674,196.4102564102564,e-SAF combustion (fan),0.016
693.2806692144524,196.4102564102564,e-SAF combustion (fan),0.02266666666666667
811.1308307896873,196.4102564102564,e-SAF combustion (fan),0.034
949.0142360424725,196.4102564102564,e-SAF combustion (fan),0.05266666666666667
1110.336318167638,196.4102564102564,e-SAF combustion (fan),0.07333333333333333
1299.0813969063468,196.4102564102564,e-SAF combustion (fan),0.09
1519.9110829529332,196.4102564102564,e-SAF combustion (fan),0.116
1778.2794100389228,196.4102564102564,e-SAF combustion (fan),0.14466666666666667
2080.5675382171694,196.4102564102564,e-SAF combustion (fan),0.18333333333333332
2434.2413552369194,196.4102564102564,e-SAF combustion (fan),0.22666666666666666
2848.035868435799,196.4102564102564,e-SAF combustion (fan),0.2866666666666667
3332.1709412448167,196.4102564102564,e-SAF combustion (fan),0.338
3898.603702549072,196.4102564102564,e-SAF combustion (fan),0.41
4561.323862890211,196.4102564102564,e-SAF combustion (fan),0.496
5336.699231206308,196.4102564102564,e-SAF combustion (fan),0.5693333333333334
6243.879965653626,196.4102564102564,e-SAF combustion (fan),0.642
7305.271542664449,196.4102564102564,e-SAF combustion (fan),0.7166666666666667
8547.08812559251,196.4102564102564,e-SAF combustion (fan),0.786
10000.0,196.4102564102564,e-SAF combustion (fan),0.8306666666666667
10.0,204.6153846153846,e-SAF combustion (fan),0.0
11.69989106589066,204.6153846153846,e-SAF combustion (fan),0.0
13.688745095370805,204.6153846153846,e-SAF combustion (fan),0.0
16.015682644458355,204.6153846153846,e-SAF combustion (fan),0.0
18.73817422860384,204.6153846153846,e-SAF combustion (fan),0.0
21.923459724834466,204.6153846153846,e-SAF combustion (fan),0.0
25.650209056800456,204.6153846153846,e-SAF combustion (fan),0.0
30.010465178188735,204.6153846153846,e-SAF combustion (fan),0.0
35.11191734215131,204.6153846153846,e-SAF combustion (fan),0.0
41.08056080177274,204.6153846153846,e-SAF combustion (fan),0.0
48.06380863064389,204.6153846153846,e-SAF combustion (fan),0.0
56.23413251903491,204.6153846153846,e-SAF combustion (fan),0.0
65.79332246575679,204.6153846153846,e-SAF combustion (fan),0.0
76.9774705712371,204.6153846153846,e-SAF combustion (fan),0.0
90.06280202112787,204.6153846153846,e-SAF combustion (fan),0.0
105.37249727360725,204.6153846153846,e-SAF combustion (fan),0.0
123.28467394420659,204.6153846153846,e-SAF combustion (fan),0.0
144.24172552410664,204.6153846153846,e-SAF combustion (fan),0.0
168.7612475788147,204.6153846153846,e-SAF combustion (fan),0.0
197.44882128159367,204.6153846153846,e-SAF combustion (fan),0.0
231.0129700083158,204.6153846153846,e-SAF combustion (fan),0.0
270.28265839051625,204.6153846153846,e-SAF combustion (fan),0.0006666666666666666
316.22776601683796,204.6153846153846,e-SAF combustion (fan),0.0026666666666666666
369.9830414406966,204.6153846153846,e-SAF combustion (fan),0.004
432.8761281083057,204.6153846153846,e-SAF combustion (fan),0.008
506.4603543891704,204.6153846153846,e-SAF combustion (fan),0.018
592.5530975545674,204.6153846153846,e-SAF combustion (fan),0.028
693.2806692144524,204.6153846153846,e-SAF combustion (fan),0.04133333333333333
811.1308307896873,204.6153846153846,e-SAF combustion (fan),0.076
949.0142360424725,204.6153846153846,e-SAF combustion (fan),0.09333333333333334
1110.336318167638,204.6153846153846,e-SAF combustion (fan),0.12266666666666666
1299.0813969063468,204.6153846153846,e-SAF combustion (fan),0.15066666666666667
1519.9110829529332,204.6153846153846,e-SAF combustion (fan),0.18533333333333332
1778.2794100389228,204.6153846153846,e-SAF combustion (fan),0.22266666666666668
2080.5675382171694,204.6153846153846,e-SAF combustion (fan),0.26466666666666666
2434.2413552369194,204.6153846153846,e-SAF combustion (fan),0.32266666666666666
2848.035868435799,204.6153846153846,e-SAF combustion (fan),0.3993333333333333
3332.1709412448167,204.6153846153846,e-SAF combustion (fan),0.48733333333333334
3898.603702549072,204.6153846153846,e-SAF combustion (fan),0.5686666666666667
4561.323862890211,204.6153846153846,e-SAF combustion (fan),0.658
5336.699231206308,204.6153846153846,e-SAF combustion (fan),0.742
6243.879965653626,204.6153846153846,e-SAF combustion (fan),0.8126666666666666
7305.271542664449,204.6153846153846,e-SAF combustion (fan),0.866
8547.08812559251,204.6153846153846,e-SAF combustion (fan),0.9146666666666666
10000.0,204.6153846153846,e-SAF combustion (fan),0.9413333333333334
10.0,212.82051282051282,e-SAF combustion (fan),0.0
11.69989106589066,212.82051282051282,e-SAF combustion (fan),0.0
13.688745095370805,212.82051282051282,e-SAF combustion (fan),0.0
16.015682644458355,212.82051282051282,e-SAF combustion (fan),0.0
18.73817422860384,212.82051282051282,e-SAF combustion (fan),0.0
21.923459724834466,212.82051282051282,e-SAF combustion (fan),0.0
25.650209056800456,212.82051282051282,e-SAF combustion (fan),0.0
30.010465178188735,212.82051282051282,e-SAF combustion (fan),0.0
35.11191734215131,212.82051282051282,e-SAF combustion (fan),0.0
41.08056080177274,212.82051282051282,e-SAF combustion (fan),0.0
48.06380863064389,212.82051282051282,e-SAF combustion (fan),0.0
56.23413251903491,212.82051282051282,e-SAF combustion (fan),0.0
65.79332246575679,212.82051282051282,e-SAF combustion (fan),0.0
76.9774705712371,212.82051282051282,e-SAF combustion (fan),0.0
90.06280202112787,212.82051282051282,e-SAF combustion (fan),0.0006666666666666666
105.37249727360725,212.82051282051282,e-SAF combustion (fan),0.0
123.28467394420659,212.82051282051282,e-SAF combustion (fan),0.0
144.24172552410664,212.82051282051282,e-SAF combustion (fan),0.0
168.7612475788147,212.82051282051282,e-SAF combustion (fan),0.0
197.44882128159367,212.82051282051282,e-SAF combustion (fan),0.0
231.0129700083158,212.82051282051282,e-SAF combustion (fan),0.0
270.28265839051625,212.82051282051282,e-SAF combustion (fan),0.0026666666666666666
316.22776601683796,212.82051282051282,e-SAF combustion (fan),0.004
369.9830414406966,212.82051282051282,e-SAF combustion (fan),0.007333333333333333
432.8761281083057,212.82051282051282,e-SAF combustion (fan),0.019333333333333334
506.4603543891704,212.82051282051282,e-SAF combustion (fan),0.030666666666666665
592.5530975545674,212.82051282051282,e-SAF combustion (fan),0.050666666666666665
693.2806692144524,212.82051282051282,e-SAF combustion (fan),0.08666666666666667
811.1308307896873,212.82051282051282,e-SAF combustion (fan),0.116
949.0142360424725,212.82051282051282,e-SAF combustion (fan),0.15733333333333333
1110.336318167638,212.82051282051282,e-SAF combustion (fan),0.194
1299.0813969063468,212.82051282051282,e-SAF combustion (fan),0.23866666666666667
1519.9110829529332,212.82051282051282,e-SAF combustion (fan),0.284
1778.2794100389228,212.82051282051282,e-SAF combustion (fan),0.33066666666666666
2080.5675382171694,212.82051282051282,e-SAF combustion (fan),0.3953333333333333
2434.2413552369194,212.82051282051282,e-SAF combustion (fan),0.4713333333333333
2848.035868435799,212.82051282051282,e-SAF combustion (fan),0.5513333333333333
3332.1709412448167,212.82051282051282,e-SAF combustion (fan),0.6533333333333333
3898.603702549072,212.82051282051282,e-SAF combustion (fan),0.744
4561.323862890211,212.82051282051282,e-SAF combustion (fan),0.8253333333333334
5336.699231206308,212.82051282051282,e-SAF combustion (fan),0.8846666666666667
6243.879965653626,212.82051282051282,e-SAF combustion (fan),0.934
7305.271542664449,212.82051282051282,e-SAF combustion (fan),0.9606666666666667
8547.08812559251,212.82051282051282,e-SAF combustion (fan),0.98
10000.0,212.82051282051282,e-SAF combustion (fan),0.9926666666666667
10.0,221.02564102564102,e-SAF combustion (fan),0.0
11.69989106589066,221.02564102564102,e-SAF combustion (fan),0.0
13.688745095370805,221.02564102564102,e-SAF combustion (fan),0.0
16.015682644458355,221.02564102564102,e-SAF combustion (fan),0.0
18.73817422860384,221.02564102564102,e-SAF combustion (fan),0.0
21.923459724834466,221.02564102564102,e-SAF combustion (fan),0.0
25.650209056800456,221.02564102564102,e-SAF combustion (fan),0.0
30.010465178188735,221.02564102564102,e-SAF combustion (fan),0.0
35.11191734215131,221.02564102564102,e-SAF combustion (fan),0.0
41.08056080177274,221.02564102564102,e-SAF combustion (fan),0.0
48.06380863064389,221.02564102564102,e-SAF combustion (fan),0.0
56.23413251903491,221.02564102564102,e-SAF combustion (fan),0.0006666666666666666
65.79332246575679,221.02564102564102,e-SAF combustion (fan),0.0006666666666666666
76.9774705712371,221.02564102564102,e-SAF combustion (fan),0.0013333333333333333
90.06280202112787,221.02564102564102,e-SAF combustion (fan),0.0013333333333333333
105.37249727360725,221.02564102564102,e-SAF combustion (fan),0.0
123.28467394420659,221.02564102564102,e-SAF combustion (fan),0.0
144.24172552410664,221.02564102564102,e-SAF combustion (fan),0.0
168.7612475788147,221.02564102564102,e-SAF combustion (fan),0.0
197.44882128159367,221.02564102564102,e-SAF combustion (fan),0.0
231.0129700083158,221.02564102564102,e-SAF combustion (fan),0.0013333333333333333
270.28265839051625,221.02564102564102,e-SAF combustion (fan),0.004
316.22776601683796,221.02564102564102,e-SAF combustion (fan),0.006666666666666667
369.9830414406966,221.02564102564102,e-SAF combustion (fan),0.019333333333333334
432.8761281083057,221.02564102564102,e-SAF combustion (fan),0.03133333333333333
506.4603543891704,221.02564102564102,e-SAF combustion (fan),0.058666666666666666
592.5530975545674,221.02564102564102,e-SAF combustion (fan),0.10266666666666667
693.2806692144524,221.02564102564102,e-SAF combustion (fan),0.14666666666666667
811.1308307896873,221.02564102564102,e-SAF combustion (fan),0.19933333333333333
949.0142360424725,221.02564102564102,e-SAF combustion (fan),0.25333333333333335
1110.336318167638,221.02564102564102,e-SAF combustion (fan),0.30666666666666664
1299.0813969063468,221.02564102564102,e-SAF combustion (fan),0.3546666666666667
1519.9110829529332,221.02564102564102,e-SAF combustion (fan),0.418
1778.2794100389228,221.02564102564102,e-SAF combustion (fan),0.478
2080.5675382171694,221.02564102564102,e-SAF combustion (fan),0.554
2434.2413552369194,221.02564102564102,e-SAF combustion (fan),0.65
2848.035868435799,221.02564102564102,e-SAF combustion (fan),0.7366666666666667
3332.1709412448167,221.02564102564102,e-SAF combustion (fan),0.82
3898.603702549072,221.02564102564102,e-SAF combustion (fan),0.8873333333333333
4561.323862890211,221.02564102564102,e-SAF combustion (fan),0.9353333333333333
5336.699231206308,221.02564102564102,e-SAF combustion (fan),0.9686666666666667
6243.879965653626,221.02564102564102,e-SAF combustion (fan),0.9893333333333333
7305.271542664449,221.02564102564102,e-SAF combustion (fan),0.9973333333333333
8547.08812559251,221.02564102564102,e-SAF combustion (fan),1.0
10000.0,221.02564102564102,e-SAF combustion (fan),1.0
10.0,229.23076923076923,e-SAF combustion (fan),0.0
11.69989106589066,229.23076923076923,e-SAF combustion (fan),0.0
13.688745095370805,229.23076923076923,e-SAF combustion (fan),0.0
16.015682644458355,229.23076923076923,e-SAF combustion (fan),0.0
18.73817422860384,229.23076923076923,e-SAF combustion (fan),0.0
21.923459724834466,229.23076923076923,e-SAF combustion (fan),0.0
25.650209056800456,229.23076923076923,e-SAF combustion (fan),0.0
30.010465178188735,229.23076923076923,e-SAF combustion (fan),0.0006666666666666666
35.11191734215131,229.23076923076923,e-SAF combustion (fan),0.0006666666666666666
41.08056080177274,229.23076923076923,e-SAF combustion (fan),0.0006666666666666666
48.06380863064389,229.23076923076923,e-SAF combustion (fan),0.0013333333333333333
56.23413251903491,229.23076923076923,e-SAF combustion (fan),0.0013333333333333333
65.79332246575679,229.23076923076923,e-SAF combustion (fan),0.0013333333333333333
76.9774705712371,229.23076923076923,e-SAF combustion (fan),0.004
90.06280202112787,229.23076923076923,e-SAF combustion (fan),0.004
105.37249727360725,229.23076923076923,e-SAF combustion (fan),0.0006666666666666666
123.28467394420659,229.23076923076923,e-SAF combustion (fan),0.0
144.24172552410664,229.23076923076923,e-SAF combustion (fan),0.0
168.7612475788147,229.23076923076923,e-SAF combustion (fan),0.0
197.44882128159367,229.23076923076923,e-SAF combustion (fan),0.0006666666666666666
231.0129700083158,229.23076923076923,e-SAF combustion (fan),0.0033333333333333335
270.28265839051625,229.23076923076923,e-SAF combustion (fan),0.006
316.22776601683796,229.23076923076923,e-SAF combustion (fan),0.016
369.9830414406966,229.23076923076923,e-SAF combustion (fan),0.03
432.8761281083057,229.23076923076923,e-SAF combustion (fan),0.05733333333333333
506.4603543891704,229.23076923076923,e-SAF combustion (fan),0.112
592.5530975545674,229.23076923076923,e-SAF combustion (fan),0.16733333333333333
693.2806692144524,229.23076923076923,e-SAF combustion (fan),0.23733333333333334
811.1308307896873,229.23076923076923,e-SAF combustion (fan),0.302
949.0142360424725,229.23076923076923,e-SAF combustion (fan),0.372
1110.336318167638,229.23076923076923,e-SAF combustion (fan),0.442
1299.0813969063468,229.23076923076923,e-SAF combustion (fan),0.506
1519.9110829529332,229.23076923076923,e-SAF combustion (fan),0.5873333333333334
1778.2794100389228,229.23076923076923,e-SAF combustion (fan),0.662
2080.5675382171694,229.23076923076923,e-SAF combustion (fan),0.7373333333333333
2434.2413552369194,229.23076923076923,e-SAF combustion (fan),0.8146666666666667
2848.035868435799,229.23076923076923,e-SAF combustion (fan),0.8793333333333333
3332.1709412448167,229.23076923076923,e-SAF combustion (fan),0.9326666666666666
3898.603702549072,229.23076923076923,e-SAF combustion (fan),0.97
4561.323862890211,229.23076923076923,e-SAF combustion (fan),0.9926666666666667
5336.699231206308,229.23076923076923,e-SAF combustion (fan),0.9973333333333333
6243.879965653626,229.23076923076923,e-SAF combustion (fan),1.0
7305.271542664449,229.23076923076923,e-SAF combustion (fan),1.0
8547.08812559251,229.23076923076923,e-SAF combustion (fan),1.0
10000.0,229.23076923076923,e-SAF combustion (fan),1.0
10.0,237.43589743589743,e-SAF combustion (fan),0.0
11.69989106589066,237.43589743589743,e-SAF combustion (fan),0.0
13.688745095370805,237.43589743589743,e-SAF combustion (fan),0.0
16.015682644458355,237.43589743589743,e-SAF combustion (fan),0.0
18.73817422860384,237.43589743589743,e-SAF combustion (fan),0.0006666666666666666
21.923459724834466,237.43589743589743,e-SAF combustion (fan),0.0006666666666666666
25.650209056800456,237.43589743589743,e-SAF combustion (fan),0.0006666666666666666
30.010465178188735,237.43589743589743,e-SAF combustion (fan),0.0013333333333333333
35.11191734215131,237.43589743589743,e-SAF combustion (fan),0.0013333333333333333
41.08056080177274,237.43589743589743,e-SAF combustion (fan),0.0013333333333333333
48.06380863064389,237.43589743589743,e-SAF combustion (fan),0.0026666666666666666
56.23413251903491,237.43589743589743,e-SAF combustion (fan),0.004
65.79332246575679,237.43589743589743,e-SAF combustion (fan),0.004666666666666667
76.9774705712371,237.43589743589743,e-SAF combustion (fan),0.006
90.06280202112787,237.43589743589743,e-SAF combustion (fan),0.008
105.37249727360725,237.43589743589743,e-SAF combustion (fan),0.004666666666666667
123.28467394420659,237.43589743589743,e-SAF combustion (fan),0.0
144.24172552410664,237.43589743589743,e-SAF combustion (fan),0.0
168.7612475788147,237.43589743589743,e-SAF combustion (fan),0.0
197.44882128159367,237.43589743589743,e-SAF combustion (fan),0.0013333333333333333
231.0129700083158,237.43589743589743,e-SAF combustion (fan),0.004666666666666667
270.28265839051625,237.43589743589743,e-SAF combustion (fan),0.011333333333333334
316.22776601683796,237.43589743589743,e-SAF combustion (fan),0.024
369.9830414406966,237.43589743589743,e-SAF combustion (fan),0.056
432.8761281083057,237.43589743589743,e-SAF combustion (fan),0.11533333333333333
506.4603543891704,237.43589743589743,e-SAF combustion (fan),0.184
592.5530975545674,237.43589743589743,e-SAF combustion (fan),0.262
693.2806692144524,237.43589743589743,e-SAF combustion (fan),0.356
811.1308307896873,237.43589743589743,e-SAF combustion (fan),0.44
949.0142360424725,237.43589743589743,e-SAF combustion (fan),0.5313333333333333
1110.336318167638,237.43589743589743,e-SAF combustion (fan),0.61
1299.0813969063468,237.43589743589743,e-SAF combustion (fan),0.698
1519.9110829529332,237.43589743589743,e-SAF combustion (fan),0.77
1778.2794100389228,237.43589743589743,e-SAF combustion (fan),0.824
2080.5675382171694,237.43589743589743,e-SAF combustion (fan),0.884
2434.2413552369194,237.43589743589743,e-SAF combustion (fan),0.9246666666666666
2848.035868435799,237.43589743589743,e-SAF combustion (fan),0.966
3332.1709412448167,237.43589743589743,e-SAF combustion (fan),0.99
3898.603702549072,237.43589743589743,e-SAF combustion (fan),0.9973333333333333
4561.323862890211,237.43589743589743,e-SAF combustion (fan),1.0
5336.699231206308,237.43589743589743,e-SAF combustion (fan),1.0
6243.879965653626,237.43589743589743,e-SAF combustion (fan),1.0
7305.271542664449,237.43589743589743,e-SAF combustion (fan),1.0
8547.08812559251,237.43589743589743,e-SAF combustion (fan),1.0
10000.0,237.43589743589743,e-SAF combustion (fan),1.0
10.0,245.64102564102564,e-SAF combustion (fan),0.0
11.69989106589066,245.64102564102564,e-SAF combustion (fan),0.0
13.688745095370805,245.64102564102564,e-SAF combustion (fan),0.0006666666666666666
16.015682644458355,245.64102564102564,e-SAF combustion (fan),0.0006666666666666666
18.73817422860384,245.64102564102564,e-SAF combustion (fan),0.0006666666666666666
21.923459724834466,245.64102564102564,e-SAF combustion (fan),0.0013333333333333333
25.650209056800456,245.64102564102564,e-SAF combustion (fan),0.0013333333333333333
30.010465178188735,245.64102564102564,e-SAF combustion (fan),0.002
35.11191734215131,245.64102564102564,e-SAF combustion (fan),0.0033333333333333335
41.08056080177274,245.64102564102564,e-SAF combustion (fan),0.004
48.06380863064389,245.64102564102564,e-SAF combustion (fan),0.005333333333333333
56.23413251903491,245.64102564102564,e-SAF combustion (fan),0.006
65.79332246575679,245.64102564102564,e-SAF combustion (fan),0.008666666666666666
76.9774705712371,245.64102564102564,e-SAF combustion (fan),0.012
90.06280202112787,245.64102564102564,e-SAF combustion (fan),0.015333333333333332
105.37249727360725,245.64102564102564,e-SAF combustion (fan),0.013333333333333334
123.28467394420659,245.64102564102564,e-SAF combustion (fan),0.0013333333333333333
144.24172552410664,245.64102564102564,e-SAF combustion (fan),0.0
168.7612475788147,245.64102564102564,e-SAF combustion (fan),0.0006666666666666666
197.44882128159367,245.64102564102564,e-SAF combustion (fan),0.0033333333333333335
231.0129700083158,245.64102564102564,e-SAF combustion (fan),0.008
270.28265839051625,245.64102564102564,e-SAF combustion (fan),0.021333333333333333
316.22776601683796,245.64102564102564,e-SAF combustion (fan),0.048
369.9830414406966,245.64102564102564,e-SAF combustion (fan),0.10933333333333334
432.8761281083057,245.64102564102564,e-SAF combustion (fan),0.184
506.4603543891704,245.64102564102564,e-SAF combustion (fan),0.27466666666666667
592.5530975545674,245.64102564102564,e-SAF combustion (fan),0.384
693.2806692144524,245.64102564102564,e-SAF combustion (fan),0.49133333333333334
811.1308307896873,245.64102564102564,e-SAF combustion (fan),0.5933333333333334
949.0142360424725,245.64102564102564,e-SAF combustion (fan),0.694
1110.336318167638,245.64102564102564,e-SAF combustion (fan),0.7866666666666666
1299.0813969063468,245.64102564102564,e-SAF combustion (fan),0.836
1519.9110829529332,245.64102564102564,e-SAF combustion (fan),0.8893333333333333
1778.2794100389228,245.64102564102564,e-SAF combustion (fan),0.9286666666666666
2080.5675382171694,245.64102564102564,e-SAF combustion (fan),0.964
2434.2413552369194,245.64102564102564,e-SAF combustion (fan),0.986
2848.035868435799,245.64102564102564,e-SAF combustion (fan),0.9966666666666667
3332.1709412448167,245.64102564102564,e-SAF combustion (fan),1.0
3898.603702549072,245.64102564102564,e-SAF combustion (fan),1.0
4561.323862890211,245.64102564102564,e-SAF combustion (fan),1.0
5336.699231206308,245.64102564102564,e-SAF combustion (fan),1.0
6243.879965653626,245.64102564102564,e-SAF combustion (fan),1.0
7305.271542664449,245.64102564102564,e-SAF combustion (fan),1.0
8547.08812559251,245.64102564102564,e-SAF combustion (fan),1.0
10000.0,245.64102564102564,e-SAF combustion (fan),1.0
10.0,253.84615384615384,e-SAF combustion (fan),0.0006666666666666666
11.69989106589066,253.84615384615384,e-SAF combustion (fan),0.0006666666666666666
13.688745095370805,253.84615384615384,e-SAF combustion (fan),0.0006666666666666666
16.015682644458355,253.84615384615384,e-SAF combustion (fan),0.0013333333333333333
18.73817422860384,253.84615384615384,e-SAF combustion (fan),0.002
21.923459724834466,253.84615384615384,e-SAF combustion (fan),0.002
25.650209056800456,253.84615384615384,e-SAF combustion (fan),0.004
30.010465178188735,253.84615384615384,e-SAF combustion (fan),0.004666666666666667
35.11191734215131,253.84615384615384,e-SAF combustion (fan),0.006
41.08056080177274,253.84615384615384,e-SAF combustion (fan),0.008
48.06380863064389,253.84615384615384,e-SAF combustion (fan),0.01
56.23413251903491,253.84615384615384,e-SAF combustion (fan),0.012666666666666666
65.79332246575679,253.84615384615384,e-SAF combustion (fan),0.016666666666666666
76.9774705712371,253.84615384615384,e-SAF combustion (fan),0.019333333333333334
90.06280202112787,253.84615384615384,e-SAF combustion (fan),0.027333333333333334
105.37249727360725,253.84615384615384,e-SAF combustion (fan),0.042666666666666665
123.28467394420659,253.84615384615384,e-SAF combustion (fan),0.006666666666666667
144.24172552410664,253.84615384615384,e-SAF combustion (fan),0.0006666666666666666
168.7612475788147,253.84615384615384,e-SAF combustion (fan),0.002
197.44882128159367,253.84615384615384,e-SAF combustion (fan),0.006666666666666667
231.0129700083158,253.84615384615384,e-SAF combustion (fan),0.016
270.28265839051625,253.84615384615384,e-SAF combustion (fan),0.03666666666666667
316.22776601683796,253.84615384615384,e-SAF combustion (fan),0.08866666666666667
369.9830414406966,253.84615384615384,e-SAF combustion (fan),0.17
432.8761281083057,253.84615384615384,e-SAF combustion (fan),0.27266666666666667
506.4603543891704,253.84615384615384,e-SAF combustion (fan),0.396
592.5530975545674,253.84615384615384,e-SAF combustion (fan),0.5306666666666666
693.2806692144524,253.84615384615384,e-SAF combustion (fan),0.6506666666666666
811.1308307896873,253.84615384615384,e-SAF combustion (fan),0.7533333333333333
949.0142360424725,253.84615384615384,e-SAF combustion (fan),0.8346666666666667
1110.336318167638,253.84615384615384,e-SAF combustion (fan),0.8906666666666667
1299.0813969063468,253.84615384615384,e-SAF combustion (fan),0.9333333333333333
1519.9110829529332,253.84615384615384,e-SAF combustion (fan),0.9666666666666667
1778.2794100389228,253.84615384615384,e-SAF combustion (fan),0.986
2080.5675382171694,253.84615384615384,e-SAF combustion (fan),0.9953333333333333
2434.2413552369194,253.84615384615384,e-SAF combustion (fan),0.9993333333333333
2848.035868435799,253.84615384615384,e-SAF combustion (fan),1.0
3332.1709412448167,253.84615384615384,e-SAF combustion (fan),1.0
3898.603702549072,253.84615384615384,e-SAF combustion (fan),1.0
4561.323862890211,253.84615384615384,e-SAF combustion (fan),1.0
5336.699231206308,253.84615384615384,e-SAF combustion (fan),1.0
6243.879965653626,253.84615384615384,e-SAF combustion (fan),1.0
7305.271542664449,253.84615384615384,e-SAF combustion (fan),1.0
8547.08812559251,253.84615384615384,e-SAF combustion (fan),1.0
10000.0,253.84615384615384,e-SAF combustion (fan),1.0
10.0,262.05128205128204,e-SAF combustion (fan),0.0006666666666666666
11.69989106589066,262.05128205128204,e-SAF combustion (fan),0.0013333333333333333
13.688745095370805,262.05128205128204,e-SAF combustion (fan),0.002
16.015682644458355,262.05128205128204,e-SAF combustion (fan),0.002
18.73817422860384,262.05128205128204,e-SAF combustion (fan),0.004
21.923459724834466,262.05128205128204,e-SAF combustion (fan),0.005333333333333333
25.650209056800456,262.05128205128204,e-SAF combustion (fan),0.008
30.010465178188735,262.05128205128204,e-SAF combustion (fan),0.008666666666666666
35.11191734215131,262.05128205128204,e-SAF combustion (fan),0.011333333333333334
41.08056080177274,262.05128205128204,e-SAF combustion (fan),0.013333333333333334
48.06380863064389,262.05128205128204,e-SAF combustion (fan),0.018666666666666668
56.23413251903491,262.05128205128204,e-SAF combustion (fan),0.021333333333333333
65.79332246575679,262.05128205128204,e-SAF combustion (fan),0.027333333333333334
76.9774705712371,262.05128205128204,e-SAF combustion (fan),0.04066666666666666
90.06280202112787,262.05128205128204,e-SAF combustion (fan),0.05733333333333333
105.37249727360725,262.05128205128204,e-SAF combustion (fan),0.08133333333333333
123.28467394420659,262.05128205128204,e-SAF combustion (fan),0.018666666666666668
144.24172552410664,262.05128205128204,e-SAF combustion (fan),0.002
168.7612475788147,262.05128205128204,e-SAF combustion (fan),0.0033333333333333335
197.44882128159367,262.05128205128204,e-SAF combustion (fan),0.01
231.0129700083158,262.05128205128204,e-SAF combustion (fan),0.027333333333333334
270.28265839051625,262.05128205128204,e-SAF combustion (fan),0.074
316.22776601683796,262.05128205128204,e-SAF combustion (fan),0.15333333333333332
369.9830414406966,262.05128205128204,e-SAF combustion (fan),0.264
432.8761281083057,262.05128205128204,e-SAF combustion (fan),0.386
506.4603543891704,262.05128205128204,e-SAF combustion (fan),0.544
592.5530975545674,262.05128205128204,e-SAF combustion (fan),0.6753333333333333
693.2806692144524,262.05128205128204,e-SAF combustion (fan),0.784
811.1308307896873,262.05128205128204,e-SAF combustion (fan),0.864
949.0142360424725,262.05128205128204,e-SAF combustion (fan),0.92
1110.336318167638,262.05128205128204,e-SAF combustion (fan),0.9633333333333334
1299.0813969063468,262.05128205128204,e-SAF combustion (fan),0.984
1519.9110829529332,262.05128205128204,e-SAF combustion (fan),0.994
1778.2794100389228,262.05128205128204,e-SAF combustion (fan),0.9993333333333333
2080.5675382171694,262.05128205128204,e-SAF combustion (fan),1.0
2434.2413552369194,262.05128205128204,e-SAF combustion (fan),1.0
2848.035868435799,262.05128205128204,e-SAF combustion (fan),1.0
3332.1709412448167,262.05128205128204,e-SAF combustion (fan),1.0
3898.603702549072,262.05128205128204,e-SAF combustion (fan),1.0
4561.323862890211,262.05128205128204,e-SAF combustion (fan),1.0
5336.699231206308,262.05128205128204,e-SAF combustion (fan),1.0
6243.879965653626,262.05128205128204,e-SAF combustion (fan),1.0
7305.271542664449,262.05128205128204,e-SAF combustion (fan),1.0
8547.08812559251,262.05128205128204,e-SAF combustion (fan),1.0
10000.0,262.05128205128204,e-SAF combustion (fan),1.0
10.0,270.2564102564103,e-SAF combustion (fan),0.002
11.69989106589066,270.2564102564103,e-SAF combustion (fan),0.002
13.688745095370805,270.2564102564103,e-SAF combustion (fan),0.0033333333333333335
16.015682644458355,270.2564102564103,e-SAF combustion (fan),0.005333333333333333
18.73817422860384,270.2564102564103,e-SAF combustion (fan),0.008
21.923459724834466,270.2564102564103,e-SAF combustion (fan),0.01
25.650209056800456,270.2564102564103,e-SAF combustion (fan),0.012666666666666666
30.010465178188735,270.2564102564103,e-SAF combustion (fan),0.016666666666666666
35.11191734215131,270.2564102564103,e-SAF combustion (fan),0.018666666666666668
41.08056080177274,270.2564102564103,e-SAF combustion (fan),0.02266666666666667
48.06380863064389,270.2564102564103,e-SAF combustion (fan),0.03133333333333333
56.23413251903491,270.2564102564103,e-SAF combustion (fan),0.043333333333333335
65.79332246575679,270.2564102564103,e-SAF combustion (fan),0.056666666666666664
76.9774705712371,270.2564102564103,e-SAF combustion (fan),0.07866666666666666
90.06280202112787,270.2564102564103,e-SAF combustion (fan),0.09733333333333333
105.37249727360725,270.2564102564103,e-SAF combustion (fan),0.13333333333333333
123.28467394420659,270.2564102564103,e-SAF combustion (fan),0.062
144.24172552410664,270.2564102564103,e-SAF combustion (fan),0.01
168.7612475788147,270.2564102564103,e-SAF combustion (fan),0.007333333333333333
197.44882128159367,270.2564102564103,e-SAF combustion (fan),0.019333333333333334
231.0129700083158,270.2564102564103,e-SAF combustion (fan),0.052
270.28265839051625,270.2564102564103,e-SAF combustion (fan),0.12133333333333333
316.22776601683796,270.2564102564103,e-SAF combustion (fan),0.232
369.9830414406966,270.2564102564103,e-SAF combustion (fan),0.36733333333333335
432.8761281083057,270.2564102564103,e-SAF combustion (fan),0.5333333333333333
506.4603543891704,270.2564102564103,e-SAF combustion (fan),0.6706666666666666
592.5530975545674,270.2564102564103,e-SAF combustion (fan),0.7946666666666666
693.2806692144524,270.2564102564103,e-SAF combustion (fan),0.8826666666666667
811.1308307896873,270.2564102564103,e-SAF combustion (fan),0.944
949.0142360424725,270.2564102564103,e-SAF combustion (fan),0.978
1110.336318167638,270.2564102564103,e-SAF combustion (fan),0.9913333333333333
1299.0813969063468,270.2564102564103,e-SAF combustion (fan),0.9973333333333333
1519.9110829529332,270.2564102564103,e-SAF combustion (fan),1.0
1778.2794100389228,270.2564102564103,e-SAF combustion (fan),1.0
2080.5675382171694,270.2564102564103,e-SAF combustion (fan),1.0
2434.2413552369194,270.2564102564103,e-SAF combustion (fan),1.0
2848.035868435799,270.2564102564103,e-SAF combustion (fan),1.0
3332.1709412448167,270.2564102564103,e-SAF combustion (fan),1.0
3898.603702549072,270.2564102564103,e-SAF combustion (fan),1.0
4561.323862890211,270.2564102564103,e-SAF combustion (fan),1.0
5336.699231206308,270.2564102564103,e-SAF combustion (fan),1.0
6243.879965653626,270.2564102564103,e-SAF combustion (fan),1.0
7305.271542664449,270.2564102564103,e-SAF combustion (fan),1.0
8547.08812559251,270.2564102564103,e-SAF combustion (fan),1.0
10000.0,270.2564102564103,e-SAF combustion (fan),1.0
10.0,278.46153846153845,e-SAF combustion (fan),0.002
11.69989106589066,278.46153846153845,e-SAF combustion (fan),0.004
13.688745095370805,278.46153846153845,e-SAF combustion (fan),0.008
16.015682644458355,278.46153846153845,e-SAF combustion (fan),0.01
18.73817422860384,278.46153846153845,e-SAF combustion (fan),0.010666666666666666
21.923459724834466,278.46153846153845,e-SAF combustion (fan),0.016666666666666666
25.650209056800456,278.46153846153845,e-SAF combustion (fan),0.020666666666666667
30.010465178188735,278.46153846153845,e-SAF combustion (fan),0.024666666666666667
35.11191734215131,278.46153846153845,e-SAF combustion (fan),0.03266666666666666
41.08056080177274,278.46153846153845,e-SAF combustion (fan),0.04466666666666667
48.06380863064389,278.46153846153845,e-SAF combustion (fan),0.06266666666666666
56.23413251903491,278.46153846153845,e-SAF combustion (fan),0.07933333333333334
65.79332246575679,278.46153846153845,e-SAF combustion (fan),0.09333333333333334
76.9774705712371,278.46153846153845,e-SAF combustion (fan),0.12066666666666667
90.06280202112787,278.46153846153845,e-SAF combustion (fan),0.16466666666666666
105.37249727360725,278.46153846153845,e-SAF combustion (fan),0.21333333333333335
123.28467394420659,278.46153846153845,e-SAF combustion (fan),0.15733333333333333
144.24172552410664,278.46153846153845,e-SAF combustion (fan),0.034666666666666665
168.7612475788147,278.46153846153845,e-SAF combustion (fan),0.015333333333333332
197.44882128159367,278.46153846153845,e-SAF combustion (fan),0.042
231.0129700083158,278.46153846153845,e-SAF combustion (fan),0.10466666666666667
270.28265839051625,278.46153846153845,e-SAF combustion (fan),0.20066666666666666
316.22776601683796,278.46153846153845,e-SAF combustion (fan),0.3426666666666667
369.9830414406966,278.46153846153845,e-SAF combustion (fan),0.5153333333333333
432.8761281083057,278.46153846153845,e-SAF combustion (fan),0.66
506.4603543891704,278.46153846153845,e-SAF combustion (fan),0.798
592.5530975545674,278.46153846153845,e-SAF combustion (fan),0.888
693.2806692144524,278.46153846153845,e-SAF combustion (fan),0.9533333333333334
811.1308307896873,278.46153846153845,e-SAF combustion (fan),0.9833333333333333
949.0142360424725,278.46153846153845,e-SAF combustion (fan),0.994
1110.336318167638,278.46153846153845,e-SAF combustion (fan),1.0
1299.0813969063468,278.46153846153845,e-SAF combustion (fan),1.0
1519.9110829529332,278.46153846153845,e-SAF combustion (fan),1.0
1778.2794100389228,278.46153846153845,e-SAF combustion (fan),1.0
2080.5675382171694,278.46153846153845,e-SAF combustion (fan),1.0
2434.2413552369194,278.46153846153845,e-SAF combustion (fan),1.0
2848.035868435799,278.46153846153845,e-SAF combustion (fan),1.0
3332.1709412448167,278.46153846153845,e-SAF combustion (fan),1.0
3898.603702549072,278.46153846153845,e-SAF combustion (fan),1.0
4561.323862890211,278.46153846153845,e-SAF combustion (fan),1.0
5336.699231206308,278.46153846153845,e-SAF combustion (fan),1.0
6243.879965653626,278.46153846153845,e-SAF combustion (fan),1.0
7305.271542664449,278.46153846153845,e-SAF combustion (fan),1.0
8547.08812559251,278.46153846153845,e-SAF combustion (fan),1.0
10000.0,278.46153846153845,e-SAF combustion (fan),1.0
10.0,286.66666666666663,e-SAF combustion (fan),0.004666666666666667
11.69989106589066,286.66666666666663,e-SAF combustion (fan),0.008666666666666666
13.688745095370805,286.66666666666663,e-SAF combustion (fan),0.01
16.015682644458355,286.66666666666663,e-SAF combustion (fan),0.014666666666666666
18.73817422860384,286.66666666666663,e-SAF combustion (fan),0.019333333333333334
21.923459724834466,286.66666666666663,e-SAF combustion (fan),0.025333333333333333
25.650209056800456,286.66666666666663,e-SAF combustion (fan),0.03333333333333333
30.010465178188735,286.66666666666663,e-SAF combustion (fan),0.044
35.11191734215131,286.66666666666663,e-SAF combustion (fan),0.064
41.08056080177274,286.66666666666663,e-SAF combustion (fan),0.08133333333333333
48.06380863064389,286.66666666666663,e-SAF combustion (fan),0.09533333333333334
56.23413251903491,286.66666666666663,e-SAF combustion (fan),0.12
65.79332246575679,286.66666666666663,e-SAF combustion (fan),0.16
76.9774705712371,286.66666666666663,e-SAF combustion (fan),0.19933333333333333
90.06280202112787,286.66666666666663,e-SAF combustion (fan),0.26
105.37249727360725,286.66666666666663,e-SAF combustion (fan),0.342
123.28467394420659,286.66666666666663,e-SAF combustion (fan),0.36533333333333334
144.24172552410664,286.66666666666663,e-SAF combustion (fan),0.16066666666666668
168.7612475788147,286.66666666666663,e-SAF combustion (fan),0.08666666666666667
197.44882128159367,286.66666666666663,e-SAF combustion (fan),0.13733333333333334
231.0129700083158,286.66666666666663,e-SAF combustion (fan),0.22266666666666668
270.28265839051625,286.66666666666663,e-SAF combustion (fan),0.3526666666666667
316.22776601683796,286.66666666666663,e-SAF combustion (fan),0.5166666666666667
369.9830414406966,286.66666666666663,e-SAF combustion (fan),0.6733333333333333
432.8761281083057,286.66666666666663,e-SAF combustion (fan),0.808
506.4603543891704,286.66666666666663,e-SAF combustion (fan),0.8926666666666667
592.5530975545674,286.66666666666663,e-SAF combustion (fan),0.9553333333333334
693.2806692144524,286.66666666666663,e-SAF combustion (fan),0.9866666666666667
811.1308307896873,286.66666666666663,e-SAF combustion (fan),0.996
949.0142360424725,286.66666666666663,e-SAF combustion (fan),1.0
1110.336318167638,286.66666666666663,e-SAF combustion (fan),1.0
1299.0813969063468,286.66666666666663,e-SAF combustion (fan),1.0
1519.9110829529332,286.66666666666663,e-SAF combustion (fan),1.0
1778.2794100389228,286.66666666666663,e-SAF combustion (fan),1.0
2080.5675382171694,286.66666666666663,e-SAF combustion (fan),1.0
2434.2413552369194,286.66666666666663,e-SAF combustion (fan),1.0
2848.035868435799,286.66666666666663,e-SAF combustion (fan),1.0
3332.1709412448167,286.66666666666663,e-SAF combustion (fan),1.0
3898.603702549072,286.66666666666663,e-SAF combustion (fan),1.0
4561.323862890211,286.66666666666663,e-SAF combustion (fan),1.0
5336.699231206308,286.66666666666663,e-SAF combustion (fan),1.0
6243.879965653626,286.66666666666663,e-SAF combustion (fan),1.0
7305.271542664449,286.66666666666663,e-SAF combustion (fan),1.0
8547.08812559251,286.66666666666663,e-SAF combustion (fan),1.0
10000.0,286.66666666666663,e-SAF combustion (fan),1.0
10.0,294.87179487179486,e-SAF combustion (fan),0.01
11.69989106589066,294.87179487179486,e-SAF combustion (fan),0.012666666666666666
13.688745095370805,294.87179487179486,e-SAF combustion (fan),0.018666666666666668
16.015682644458355,294.87179487179486,e-SAF combustion (fan),0.024
18.73817422860384,294.87179487179486,e-SAF combustion (fan),0.029333333333333333
21.923459724834466,294.87179487179486,e-SAF combustion (fan),0.04066666666666666
25.650209056800456,294.87179487179486,e-SAF combustion (fan),0.06133333333333333
30.010465178188735,294.87179487179486,e-SAF combustion (fan),0.082
35.11191734215131,294.87179487179486,e-SAF combustion (fan),0.1
41.08056080177274,294.87179487179486,e-SAF combustion (fan),0.12666666666666668
48.06380863064389,294.87179487179486,e-SAF combustion (fan),0.164
56.23413251903491,294.87179487179486,e-SAF combustion (fan),0.20066666666666666
65.79332246575679,294.87179487179486,e-SAF combustion (fan),0.26466666666666666
76.9774705712371,294.87179487179486,e-SAF combustion (fan),0.3253333333333333
90.06280202112787,294.87179487179486,e-SAF combustion (fan),0.41333333333333333
105.37249727360725,294.87179487179486,e-SAF combustion (fan),0.506
123.28467394420659,294.87179487179486,e-SAF combustion (fan),0.5973333333333334
144.24172552410664,294.87179487179486,e-SAF combustion (fan),0.3393333333333333
168.7612475788147,294.87179487179486,e-SAF combustion (fan),0.218
197.44882128159367,294.87179487179486,e-SAF combustion (fan),0.272
231.0129700083158,294.87179487179486,e-SAF combustion (fan),0.378
270.28265839051625,294.87179487179486,e-SAF combustion (fan),0.5046666666666667
316.22776601683796,294.87179487179486,e-SAF combustion (fan),0.6613333333333333
369.9830414406966,294.87179487179486,e-SAF combustion (fan),0.7946666666666666
432.8761281083057,294.87179487179486,e-SAF combustion (fan),0.8853333333333333
506.4603543891704,294.87179487179486,e-SAF combustion (fan),0.95
592.5530975545674,294.87179487179486,e-SAF combustion (fan),0.9853333333333333
693.2806692144524,294.87179487179486,e-SAF combustion (fan),0.9966666666666667
811.1308307896873,294.87179487179486,e-SAF combustion (fan),1.0
949.0142360424725,294.87179487179486,e-SAF combustion (fan),1.0
1110.336318167638,294.87179487179486,e-SAF combustion (fan),1.0
1299.0813969063468,294.87179487179486,e-SAF combustion (fan),1.0
1519.9110829529332,294.87179487179486,e-SAF combustion (fan),1.0
1778.2794100389228,294.87179487179486,e-SAF combustion (fan),1.0
2080.5675382171694,294.87179487179486,e-SAF combustion (fan),1.0
2434.2413552369194,294.87179487179486,e-SAF combustion (fan),1.0
2848.035868435799,294.87179487179486,e-SAF combustion (fan),1.0
3332.1709412448167,294.87179487179486,e-SAF combustion (fan),1.0
3898.603702549072,294.87179487179486,e-SAF combustion (fan),1.0
4561.323862890211,294.87179487179486,e-SAF combustion (fan),1.0
5336.699231206308,294.87179487179486,e-SAF combustion (fan),1.0
6243.879965653626,294.87179487179486,e-SAF combustion (fan),1.0
7305.271542664449,294.87179487179486,e-SAF combustion (fan),1.0
8547.08812559251,294.87179487179486,e-SAF combustion (fan),1.0
10000.0,294.87179487179486,e-SAF combustion (fan),1.0
10.0,303.0769230769231,e-SAF combustion (fan),0.017333333333333333
11.69989106589066,303.0769230769231,e-SAF combustion (fan),0.027333333333333334
13.688745095370805,303.0769230769231,e-SAF combustion (fan),0.032
16.015682644458355,303.0769230769231,e-SAF combustion (fan),0.044
18.73817422860384,303.0769230769231,e-SAF combustion (fan),0.06466666666666666
21.923459724834466,303.0769230769231,e-SAF combustion (fan),0.09
25.650209056800456,303.0769230769231,e-SAF combustion (fan),0.11266666666666666
30.010465178188735,303.0769230769231,e-SAF combustion (fan),0.14466666666666667
35.11191734215131,303.0769230769231,e-SAF combustion (fan),0.182
41.08056080177274,303.0769230769231,e-SAF combustion (fan),0.23066666666666666
48.06380863064389,303.0769230769231,e-SAF combustion (fan),0.284
56.23413251903491,303.0769230769231,e-SAF combustion (fan),0.3473333333333333
65.79332246575679,303.0769230769231,e-SAF combustion (fan),0.4186666666666667
76.9774705712371,303.0769230769231,e-SAF combustion (fan),0.49
90.06280202112787,303.0769230769231,e-SAF combustion (fan),0.5626666666666666
105.37249727360725,303.0769230769231,e-SAF combustion (fan),0.64
123.28467394420659,303.0769230769231,e-SAF combustion (fan),0.712
144.24172552410664,303.0769230769231,e-SAF combustion (fan),0.5006666666666667
168.7612475788147,303.0769230769231,e-SAF combustion (fan),0.3313333333333333
197.44882128159367,303.0769230769231,e-SAF combustion (fan),0.36
231.0129700083158,303.0769230769231,e-SAF combustion (fan),0.4786666666666667
270.28265839051625,303.0769230769231,e-SAF combustion (fan),0.6353333333333333
316.22776601683796,303.0769230769231,e-SAF combustion (fan),0.768
369.9830414406966,303.0769230769231,e-SAF combustion (fan),0.8693333333333333
432.8761281083057,303.0769230769231,e-SAF combustion (fan),0.942
506.4603543891704,303.0769230769231,e-SAF combustion (fan),0.984
592.5530975545674,303.0769230769231,e-SAF combustion (fan),0.9973333333333333
693.2806692144524,303.0769230769231,e-SAF combustion (fan),1.0
811.1308307896873,303.0769230769231,e-SAF combustion (fan),1.0
949.0142360424725,303.0769230769231,e-SAF combustion (fan),1.0
1110.336318167638,303.0769230769231,e-SAF combustion (fan),1.0
1299.0813969063468,303.0769230769231,e-SAF combustion (fan),1.0
1519.9110829529332,303.0769230769231,e-SAF combustion (fan),1.0
1778.2794100389228,303.0769230769231,e-SAF combustion (fan),1.0
2080.5675382171694,303.0769230769231,e-SAF combustion (fan),1.0
2434.2413552369194,303.0769230769231,e-SAF combustion (fan),1.0
2848.035868435799,303.0769230769231,e-SAF combustion (fan),1.0
3332.1709412448167,303.0769230769231,e-SAF combustion (fan),1.0
3898.603702549072,303.0769230769231,e-SAF combustion (fan),1.0
4561.323862890211,303.0769230769231,e-SAF combustion (fan),1.0
5336.699231206308,303.0769230769231,e-SAF combustion (fan),1.0
6243.879965653626,303.0769230769231,e-SAF combustion (fan),1.0
7305.271542664449,303.0769230769231,e-SAF combustion (fan),1.0
8547.08812559251,303.0769230769231,e-SAF combustion (fan),1.0
10000.0,303.0769230769231,e-SAF combustion (fan),1.0
10.0,311.28205128205127,e-SAF combustion (fan),0.06733333333333333
11.69989106589066,311.28205128205127,e-SAF combustion (fan),0.08066666666666666
13.688745095370805,311.28205128205127,e-SAF combustion (fan),0.09133333333333334
16.015682644458355,311.28205128205127,e-SAF combustion (fan),0.124
18.73817422860384,311.28205128205127,e-SAF combustion (fan),0.156
21.923459724834466,311.28205128205127,e-SAF combustion (fan),0.188
25.650209056800456,311.28205128205127,e-SAF combustion (fan),0.226
30.010465178188735,311.28205128205127,e-SAF combustion (fan),0.2773333333333333
35.11191734215131,311.28205128205127,e-SAF combustion (fan),0.33066666666666666
41.08056080177274,311.28205128205127,e-SAF combustion (fan),0.374
48.06380863064389,311.28205128205127,e-SAF combustion (fan),0.43466666666666665
56.23413251903491,311.28205128205127,e-SAF combustion (fan),0.48933333333333334
65.79332246575679,311.28205128205127,e-SAF combustion (fan),0.548
76.9774705712371,311.28205128205127,e-SAF combustion (fan),0.6126666666666667
90.06280202112787,311.28205128205127,e-SAF combustion (fan),0.6746666666666666
105.37249727360725,311.28205128205127,e-SAF combustion (fan),0.7486666666666667
123.28467394420659,311.28205128205127,e-SAF combustion (fan),0.814
144.24172552410664,311.28205128205127,e-SAF combustion (fan),0.696
168.7612475788147,311.28205128205127,e-SAF combustion (fan),0.49666666666666665
197.44882128159367,311.28205128205127,e-SAF combustion (fan),0.494
231.0129700083158,311.28205128205127,e-SAF combustion (fan),0.6153333333333333
270.28265839051625,311.28205128205127,e-SAF combustion (fan),0.7413333333333333
316.22776601683796,311.28205128205127,e-SAF combustion (fan),0.8566666666666667
369.9830414406966,311.28205128205127,e-SAF combustion (fan),0.9306666666666666
432.8761281083057,311.28205128205127,e-SAF combustion (fan),0.9786666666666667
506.4603543891704,311.28205128205127,e-SAF combustion (fan),0.996
592.5530975545674,311.28205128205127,e-SAF combustion (fan),1.0
693.2806692144524,311.28205128205127,e-SAF combustion (fan),1.0
811.1308307896873,311.28205128205127,e-SAF combustion (fan),1.0
949.0142360424725,311.28205128205127,e-SAF combustion (fan),1.0
1110.336318167638,311.28205128205127,e-SAF combustion (fan),1.0
1299.0813969063468,311.28205128205127,e-SAF combustion (fan),1.0
1519.9110829529332,311.28205128205127,e-SAF combustion (fan),1.0
1778.2794100389228,311.28205128205127,e-SAF combustion (fan),1.0
2080.5675382171694,311.28205128205127,e-SAF combustion (fan),1.0
2434.2413552369194,311.28205128205127,e-SAF combustion (fan),1.0
2848.035868435799,311.28205128205127,e-SAF combustion (fan),1.0
3332.1709412448167,311.28205128205127,e-SAF combustion (fan),1.0
3898.603702549072,311.28205128205127,e-SAF combustion (fan),1.0
4561.323862890211,311.28205128205127,e-SAF combustion (fan),1.0
5336.699231206308,311.28205128205127,e-SAF combustion (fan),1.0
6243.879965653626,311.28205128205127,e-SAF combustion (fan),1.0
7305.271542664449,311.28205128205127,e-SAF combustion (fan),1.0
8547.08812559251,311.28205128205127,e-SAF combustion (fan),1.0
10000.0,311.28205128205127,e-SAF combustion (fan),1.0
10.0,319.48717948717945,e-SAF combustion (fan),0.17133333333333334
11.69989106589066,319.48717948717945,e-SAF combustion (fan),0.18666666666666668
13.688745095370805,319.48717948717945,e-SAF combustion (fan),0.21133333333333335
16.015682644458355,319.48717948717945,e-SAF combustion (fan),0.24933333333333332
18.73817422860384,319.48717948717945,e-SAF combustion (fan),0.2753333333333333
21.923459724834466,319.48717948717945,e-SAF combustion (fan),0.31133333333333335
25.650209056800456,319.48717948717945,e-SAF combustion (fan),0.35533333333333333
30.010465178188735,319.48717948717945,e-SAF combustion (fan),0.3933333333333333
35.11191734215131,319.48717948717945,e-SAF combustion (fan),0.43933333333333335
41.08056080177274,319.48717948717945,e-SAF combustion (fan),0.48533333333333334
48.06380863064389,319.48717948717945,e-SAF combustion (fan),0.546
56.23413251903491,319.48717948717945,e-SAF combustion (fan),0.5986666666666667
65.79332246575679,319.48717948717945,e-SAF combustion (fan),0.6653333333333333
76.9774705712371,319.48717948717945,e-SAF combustion (fan),0.7226666666666667
90.06280202112787,319.48717948717945,e-SAF combustion (fan),0.7753333333333333
105.37249727360725,319.48717948717945,e-SAF combustion (fan),0.8326666666666667
123.28467394420659,319.48717948717945,e-SAF combustion (fan),0.8793333333333333
144.24172552410664,319.48717948717945,e-SAF combustion (fan),0.8293333333333334
168.7612475788147,319.48717948717945,e-SAF combustion (fan),0.65
197.44882128159367,319.48717948717945,e-SAF combustion (fan),0.5953333333333334
231.0129700083158,319.48717948717945,e-SAF combustion (fan),0.7226666666666667
270.28265839051625,319.48717948717945,e-SAF combustion (fan),0.8346666666666667
316.22776601683796,319.48717948717945,e-SAF combustion (fan),0.91
369.9830414406966,319.48717948717945,e-SAF combustion (fan),0.972
432.8761281083057,319.48717948717945,e-SAF combustion (fan),0.9953333333333333
506.4603543891704,319.48717948717945,e-SAF combustion (fan),0.9993333333333333
592.5530975545674,319.48717948717945,e-SAF combustion (fan),1.0
693.2806692144524,319.48717948717945,e-SAF combustion (fan),1.0
811.1308307896873,319.48717948717945,e-SAF combustion (fan),1.0
949.0142360424725,319.48717948717945,e-SAF combustion (fan),1.0
1110.336318167638,319.48717948717945,e-SAF combustion (fan),1.0
1299.0813969063468,319.48717948717945,e-SAF combustion (fan),1.0
1519.9110829529332,319.48717948717945,e-SAF combustion (fan),1.0
1778.2794100389228,319.48717948717945,e-SAF combustion (fan),1.0
2080.5675382171694,319.48717948717945,e-SAF combustion (fan),1.0
2434.2413552369194,319.48717948717945,e-SAF combustion (fan),1.0
2848.035868435799,319.48717948717945,e-SAF combustion (fan),1.0
3332.1709412448167,319.48717948717945,e-SAF combustion (fan),1.0
3898.603702549072,319.48717948717945,e-SAF combustion (fan),1.0
4561.323862890211,319.48717948717945,e-SAF combustion (fan),1.0
5336.699231206308,319.48717948717945,e-SAF combustion (fan),1.0
6243.879965653626,319.48717948717945,e-SAF combustion (fan),1.0
7305.271542664449,319.48717948717945,e-SAF combustion (fan),1.0
8547.08812559251,319.48717948717945,e-SAF combustion (fan),1.0
10000.0,319.48717948717945,e-SAF combustion (fan),1.0
10.0,327.6923076923077,e-SAF combustion (fan),0.24733333333333332
11.69989106589066,327.6923076923077,e-SAF combustion (fan),0.2673333333333333
13.688745095370805,327.6923076923077,e-SAF combustion (fan),0.29533333333333334
16.015682644458355,327.6923076923077,e-SAF combustion (fan),0.32133333333333336
18.73817422860384,327.6923076923077,e-SAF combustion (fan),0.36
21.923459724834466,327.6923076923077,e-SAF combustion (fan),0.4033333333333333
25.650209056800456,327.6923076923077,e-SAF combustion (fan),0.44266666666666665
30.010465178188735,327.6923076923077,e-SAF combustion (fan),0.49666666666666665
35.11191734215131,327.6923076923077,e-SAF combustion (fan),0.5573333333333333
41.08056080177274,327.6923076923077,e-SAF combustion (fan),0.6146666666666667
48.06380863064389,327.6923076923077,e-SAF combustion (fan),0.6666666666666666
56.23413251903491,327.6923076923077,e-SAF combustion (fan),0.712
65.79332246575679,327.6923076923077,e-SAF combustion (fan),0.76
76.9774705712371,327.6923076923077,e-SAF combustion (fan),0.8073333333333333
90.06280202112787,327.6923076923077,e-SAF combustion (fan),0.8573333333333333
105.37249727360725,327.6923076923077,e-SAF combustion (fan),0.8926666666666667
123.28467394420659,327.6923076923077,e-SAF combustion (fan),0.9306666666666666
144.24172552410664,327.6923076923077,e-SAF combustion (fan),0.9226666666666666
168.7612475788147,327.6923076923077,e-SAF combustion (fan),0.7933333333333333
197.44882128159367,327.6923076923077,e-SAF combustion (fan),0.71
231.0129700083158,327.6923076923077,e-SAF combustion (fan),0.81
270.28265839051625,327.6923076923077,e-SAF combustion (fan),0.9026666666666666
316.22776601683796,327.6923076923077,e-SAF combustion (fan),0.9613333333333334
369.9830414406966,327.6923076923077,e-SAF combustion (fan),0.9906666666666667
432.8761281083057,327.6923076923077,e-SAF combustion (fan),0.9993333333333333
506.4603543891704,327.6923076923077,e-SAF combustion (fan),1.0
592.5530975545674,327.6923076923077,e-SAF combustion (fan),1.0
693.2806692144524,327.6923076923077,e-SAF combustion (fan),1.0
811.1308307896873,327.6923076923077,e-SAF combustion (fan),1.0
949.0142360424725,327.6923076923077,e-SAF combustion (fan),1.0
1110.336318167638,327.6923076923077,e-SAF combustion (fan),1.0
1299.0813969063468,327.6923076923077,e-SAF combustion (fan),1.0
1519.9110829529332,327.6923076923077,e-SAF combustion (fan),1.0
1778.2794100389228,327.6923076923077,e-SAF combustion (fan),1.0
2080.5675382171694,327.6923076923077,e-SAF combustion (fan),1.0
2434.2413552369194,327.6923076923077,e-SAF combustion (fan),1.0
2848.035868435799,327.6923076923077,e-SAF combustion (fan),1.0
3332.1709412448167,327.6923076923077,e-SAF combustion (fan),1.0
3898.603702549072,327.6923076923077,e-SAF combustion (fan),1.0
4561.323862890211,327.6923076923077,e-SAF combustion (fan),1.0
5336.699231206308,327.6923076923077,e-SAF combustion (fan),1.0
6243.879965653626,327.6923076923077,e-SAF combustion (fan),1.0
7305.271542664449,327.6923076923077,e-SAF combustion (fan),1.0
8547.08812559251,327.6923076923077,e-SAF combustion (fan),1.0
10000.0,327.6923076923077,e-SAF combustion (fan),1.0
10.0,335.8974358974359,e-SAF combustion (fan),0.34
11.69989106589066,335.8974358974359,e-SAF combustion (fan),0.36866666666666664
13.688745095370805,335.8974358974359,e-SAF combustion (fan),0.3933333333333333
16.015682644458355,335.8974358974359,e-SAF combustion (fan),0.434
18.73817422860384,335.8974358974359,e-SAF combustion (fan),0.4726666666666667
21.923459724834466,335.8974358974359,e-SAF combustion (fan),0.5133333333333333
25.650209056800456,335.8974358974359,e-SAF combustion (fan),0.5626666666666666
30.010465178188735,335.8974358974359,e-SAF combustion (fan),0.61
35.11191734215131,335.8974358974359,e-SAF combustion (fan),0.6686666666666666
41.08056080177274,335.8974358974359,e-SAF combustion (fan),0.7126666666666667
48.06380863064389,335.8974358974359,e-SAF combustion (fan),0.7493333333333333
56.23413251903491,335.8974358974359,e-SAF combustion (fan),0.796
65.79332246575679,335.8974358974359,e-SAF combustion (fan),0.8373333333333334
76.9774705712371,335.8974358974359,e-SAF combustion (fan),0.8806666666666667
90.06280202112787,335.8974358974359,e-SAF combustion (fan),0.9126666666666666
105.37249727360725,335.8974358974359,e-SAF combustion (fan),0.9433333333333334
123.28467394420659,335.8974358974359,e-SAF combustion (fan),0.97
144.24172552410664,335.8974358974359,e-SAF combustion (fan),0.9713333333333334
168.7612475788147,335.8974358974359,e-SAF combustion (fan),0.902
197.44882128159367,335.8974358974359,e-SAF combustion (fan),0.8113333333333334
231.0129700083158,335.8974358974359,e-SAF combustion (fan),0.8906666666666667
270.28265839051625,335.8974358974359,e-SAF combustion (fan),0.946
316.22776601683796,335.8974358974359,e-SAF combustion (fan),0.98
369.9830414406966,335.8974358974359,e-SAF combustion (fan),0.9973333333333333
432.8761281083057,335.8974358974359,e-SAF combustion (fan),1.0
506.4603543891704,335.8974358974359,e-SAF combustion (fan),1.0
592.5530975545674,335.8974358974359,e-SAF combustion (fan),1.0
693.2806692144524,335.8974358974359,e-SAF combustion (fan),1.0
811.1308307896873,335.8974358974359,e-SAF combustion (fan),1.0
949.0142360424725,335.8974358974359,e-SAF combustion (fan),1.0
1110.336318167638,335.8974358974359,e-SAF combustion (fan),1.0
1299.0813969063468,335.8974358974359,e-SAF combustion (fan),1.0
1519.9110829529332,335.8974358974359,e-SAF combustion (fan),1.0
1778.2794100389228,335.8974358974359,e-SAF combustion (fan),1.0
2080.5675382171694,335.8974358974359,e-SAF combustion (fan),1.0
2434.2413552369194,335.8974358974359,e-SAF combustion (fan),1.0
2848.035868435799,335.8974358974359,e-SAF combustion (fan),1.0
3332.1709412448167,335.8974358974359,e-SAF combustion (fan),1.0
3898.603702549072,335.8974358974359,e-SAF combustion (fan),1.0
4561.323862890211,335.8974358974359,e-SAF combustion (fan),1.0
5336.699231206308,335.8974358974359,e-SAF combustion (fan),1.0
6243.879965653626,335.8974358974359,e-SAF combustion (fan),1.0
7305.271542664449,335.8974358974359,e-SAF combustion (fan),1.0
8547.08812559251,335.8974358974359,e-SAF combustion (fan),1.0
10000.0,335.8974358974359,e-SAF combustion (fan),1.0
10.0,344.1025641025641,e-SAF combustion (fan),0.43
11.69989106589066,344.1025641025641,e-SAF combustion (fan),0.4513333333333333
13.688745095370805,344.1025641025641,e-SAF combustion (fan),0.48133333333333334
16.015682644458355,344.1025641025641,e-SAF combustion (fan),0.518
18.73817422860384,344.1025641025641,e-SAF combustion (fan),0.5593333333333333
21.923459724834466,344.1025641025641,e-SAF combustion (fan),0.6013333333333334
25.650209056800456,344.1025641025641,e-SAF combustion (fan),0.654
30.010465178188735,344.1025641025641,e-SAF combustion (fan),0.7066666666666667
35.11191734215131,344.1025641025641,e-SAF combustion (fan),0.746
41.08056080177274,344.1025641025641,e-SAF combustion (fan),0.7893333333333333
48.06380863064389,344.1025641025641,e-SAF combustion (fan),0.83
56.23413251903491,344.1025641025641,e-SAF combustion (fan),0.8706666666666667
65.79332246575679,344.1025641025641,e-SAF combustion (fan),0.9006666666666666
76.9774705712371,344.1025641025641,e-SAF combustion (fan),0.932
90.06280202112787,344.1025641025641,e-SAF combustion (fan),0.9573333333333334
105.37249727360725,344.1025641025641,e-SAF combustion (fan),0.972
123.28467394420659,344.1025641025641,e-SAF combustion (fan),0.9846666666666667
144.24172552410664,344.1025641025641,e-SAF combustion (fan),0.996
168.7612475788147,344.1025641025641,e-SAF combustion (fan),0.9566666666666667
197.44882128159367,344.1025641025641,e-SAF combustion (fan),0.8906666666666667
231.0129700083158,344.1025641025641,e-SAF combustion (fan),0.9346666666666666
270.28265839051625,344.1025641025641,e-SAF combustion (fan),0.978
316.22776601683796,344.1025641025641,e-SAF combustion (fan),0.9953333333333333
369.9830414406966,344.1025641025641,e-SAF combustion (fan),0.9993333333333333
432.8761281083057,344.1025641025641,e-SAF combustion (fan),1.0
506.4603543891704,344.1025641025641,e-SAF combustion (fan),1.0
592.5530975545674,344.1025641025641,e-SAF combustion (fan),1.0
693.2806692144524,344.1025641025641,e-SAF combustion (fan),1.0
811.1308307896873,344.1025641025641,e-SAF combustion (fan),1.0
949.0142360424725,344.1025641025641,e-SAF combustion (fan),1.0
1110.336318167638,344.1025641025641,e-SAF combustion (fan),1.0
1299.0813969063468,344.1025641025641,e-SAF combustion (fan),1.0
1519.9110829529332,344.1025641025641,e-SAF combustion (fan),1.0
1778.2794100389228,344.1025641025641,e-SAF combustion (fan),1.0
2080.5675382171694,344.1025641025641,e-SAF combustion (fan),1.0
2434.2413552369194,344.1025641025641,e-SAF combustion (fan),1.0
2848.035868435799,344.1025641025641,e-SAF combustion (fan),1.0
3332.1709412448167,344.1025641025641,e-SAF combustion (fan),1.0
3898.603702549072,344.1025641025641,e-SAF combustion (fan),1.0
4561.323862890211,344.1025641025641,e-SAF combustion (fan),1.0
5336.699231206308,344.1025641025641,e-SAF combustion (fan),1.0
6243.879965653626,344.1025641025641,e-SAF combustion (fan),1.0
7305.271542664449,344.1025641025641,e-SAF combustion (fan),1.0
8547.08812559251,344.1025641025641,e-SAF combustion (fan),1.0
10000.0,344.1025641025641,e-SAF combustion (fan),1.0
10.0,352.30769230769226,e-SAF combustion (fan),0.5066666666666667
11.69989106589066,352.30769230769226,e-SAF combustion (fan),0.5346666666666666
13.688745095370805,352.30769230769226,e-SAF combustion (fan),0.56
16.015682644458355,352.30769230769226,e-SAF combustion (fan),0.604
18.73817422860384,352.30769230769226,e-SAF combustion (fan),0.6446666666666667
21.923459724834466,352.30769230769226,e-SAF combustion (fan),0.7033333333333334
25.650209056800456,352.30769230769226,e-SAF combustion (fan),0.7506666666666667
30.010465178188735,352.30769230769226,e-SAF combustion (fan),0.7873333333333333
35.11191734215131,352.30769230769226,e-SAF combustion (fan),0.8273333333333334
41.08056080177274,352.30769230769226,e-SAF combustion (fan),0.8613333333333333
48.06380863064389,352.30769230769226,e-SAF combustion (fan),0.8993333333333333
56.23413251903491,352.30769230769226,e-SAF combustion (fan),0.9226666666666666
65.79332246575679,352.30769230769226,e-SAF combustion (fan),0.944
76.9774705712371,352.30769230769226,e-SAF combustion (fan),0.9653333333333334
90.06280202112787,352.30769230769226,e-SAF combustion (fan),0.974
105.37249727360725,352.30769230769226,e-SAF combustion (fan),0.99
123.28467394420659,352.30769230769226,e-SAF combustion (fan),0.9973333333333333
144.24172552410664,352.30769230769226,e-SAF combustion (fan),1.0
168.7612475788147,352.30769230769226,e-SAF combustion (fan),0.9926666666666667
197.44882128159367,352.30769230769226,e-SAF combustion (fan),0.966
231.0129700083158,352.30769230769226,e-SAF combustion (fan),0.9753333333333334
270.28265839051625,352.30769230769226,e-SAF combustion (fan),0.9953333333333333
316.22776601683796,352.30769230769226,e-SAF combustion (fan),1.0
369.9830414406966,352.30769230769226,e-SAF combustion (fan),1.0
432.8761281083057,352.30769230769226,e-SAF combustion (fan),1.0
506.4603543891704,352.30769230769226,e-SAF combustion (fan),1.0
592.5530975545674,352.30769230769226,e-SAF combustion (fan),1.0
693.2806692144524,352.30769230769226,e-SAF combustion (fan),1.0
811.1308307896873,352.30769230769226,e-SAF combustion (fan),1.0
949.0142360424725,352.30769230769226,e-SAF combustion (fan),1.0
1110.336318167638,352.30769230769226,e-SAF combustion (fan),1.0
1299.0813969063468,352.30769230769226,e-SAF combustion (fan),1.0
1519.9110829529332,352.30769230769226,e-SAF combustion (fan),1.0
1778.2794100389228,352.30769230769226,e-SAF combustion (fan),1.0
2080.5675382171694,352.30769230769226,e-SAF combustion (fan),1.0
2434.2413552369194,352.30769230769226,e-SAF combustion (fan),1.0
2848.035868435799,352.30769230769226,e-SAF combustion (fan),1.0
3332.1709412448167,352.30769230769226,e-SAF combustion (fan),1.0
3898.603702549072,352.30769230769226,e-SAF combustion (fan),1.0
4561.323862890211,352.30769230769226,e-SAF combustion (fan),1.0
5336.699231206308,352.30769230769226,e-SAF combustion (fan),1.0
6243.879965653626,352.30769230769226,e-SAF combustion (fan),1.0
7305.271542664449,352.30769230769226,e-SAF combustion (fan),1.0
8547.08812559251,352.30769230769226,e-SAF combustion (fan),1.0
10000.0,352.30769230769226,e-SAF combustion (fan),1.0
10.0,360.5128205128205,e-SAF combustion (fan),0.5966666666666667
11.69989106589066,360.5128205128205,e-SAF combustion (fan),0.6246666666666667
13.688745095370805,360.5128205128205,e-SAF combustion (fan),0.6586666666666666
16.015682644458355,360.5128205128205,e-SAF combustion (fan),0.6993333333333334
18.73817422860384,360.5128205128205,e-SAF combustion (fan),0.7453333333333333
21.923459724834466,360.5128205128205,e-SAF combustion (fan),0.788
25.650209056800456,360.5128205128205,e-SAF combustion (fan),0.8246666666666667
30.010465178188735,360.5128205128205,e-SAF combustion (fan),0.8586666666666667
35.11191734215131,360.5128205128205,e-SAF combustion (fan),0.8893333333333333
41.08056080177274,360.5128205128205,e-SAF combustion (fan),0.9153333333333333
48.06380863064389,360.5128205128205,e-SAF combustion (fan),0.94
56.23413251903491,360.5128205128205,e-SAF combustion (fan),0.954
65.79332246575679,360.5128205128205,e-SAF combustion (fan),0.9733333333333334
76.9774705712371,360.5128205128205,e-SAF combustion (fan),0.982
90.06280202112787,360.5128205128205,e-SAF combustion (fan),0.9926666666666667
105.37249727360725,360.5128205128205,e-SAF combustion (fan),0.9986666666666667
123.28467394420659,360.5128205128205,e-SAF combustion (fan),1.0
144.24172552410664,360.5128205128205,e-SAF combustion (fan),1.0
168.7612475788147,360.5128205128205,e-SAF combustion (fan),1.0
197.44882128159367,360.5128205128205,e-SAF combustion (fan),0.996
231.0129700083158,360.5128205128205,e-SAF combustion (fan),0.9966666666666667
270.28265839051625,360.5128205128205,e-SAF combustion (fan),0.9993333333333333
316.22776601683796,360.5128205128205,e-SAF combustion (fan),1.0
369.9830414406966,360.5128205128205,e-SAF combustion (fan),1.0
432.8761281083057,360.5128205128205,e-SAF combustion (fan),1.0
506.4603543891704,360.5128205128205,e-SAF combustion (fan),1.0
592.5530975545674,360.5128205128205,e-SAF combustion (fan),1.0
693.2806692144524,360.5128205128205,e-SAF combustion (fan),1.0
811.1308307896873,360.5128205128205,e-SAF combustion (fan),1.0
949.0142360424725,360.5128205128205,e-SAF combustion (fan),1.0
1110.336318167638,360.5128205128205,e-SAF combustion (fan),1.0
1299.0813969063468,360.5128205128205,e-SAF combustion (fan),1.0
1519.9110829529332,360.5128205128205,e-SAF combustion (fan),1.0
1778.2794100389228,360.5128205128205,e-SAF combustion (fan),1.0
2080.5675382171694,360.5128205128205,e-SAF combustion (fan),1.0
2434.2413552369194,360.5128205128205,e-SAF combustion (fan),1.0
2848.035868435799,360.5128205128205,e-SAF combustion (fan),1.0
3332.1709412448167,360.5128205128205,e-SAF combustion (fan),1.0
3898.603702549072,360.5128205128205,e-SAF combustion (fan),1.0
4561.323862890211,360.5128205128205,e-SAF combustion (fan),1.0
5336.699231206308,360.5128205128205,e-SAF combustion (fan),1.0
6243.879965653626,360.5128205128205,e-SAF combustion (fan),1.0
7305.271542664449,360.5128205128205,e-SAF combustion (fan),1.0
8547.08812559251,360.5128205128205,e-SAF combustion (fan),1.0
10000.0,360.5128205128205,e-SAF combustion (fan),1.0
10.0,368.71794871794873,e-SAF combustion (fan),0.6946666666666667
11.69989106589066,368.71794871794873,e-SAF combustion (fan),0.72
13.688745095370805,368.71794871794873,e-SAF combustion (fan),0.7506666666666667
16.015682644458355,368.71794871794873,e-SAF combustion (fan),0.79
18.73817422860384,368.71794871794873,e-SAF combustion (fan),0.8273333333333334
21.923459724834466,368.71794871794873,e-SAF combustion (fan),0.8506666666666667
25.650209056800456,368.71794871794873,e-SAF combustion (fan),0.8773333333333333
30.010465178188735,368.71794871794873,e-SAF combustion (fan),0.9066666666666666
35.11191734215131,368.71794871794873,e-SAF combustion (fan),0.928
41.08056080177274,368.71794871794873,e-SAF combustion (fan),0.9513333333333334
48.06380863064389,368.71794871794873,e-SAF combustion (fan),0.9706666666666667
56.23413251903491,368.71794871794873,e-SAF combustion (fan),0.9826666666666667
65.79332246575679,368.71794871794873,e-SAF combustion (fan),0.99
76.9774705712371,368.71794871794873,e-SAF combustion (fan),0.996
90.06280202112787,368.71794871794873,e-SAF combustion (fan),0.9993333333333333
105.37249727360725,368.71794871794873,e-SAF combustion (fan),1.0
123.28467394420659,368.71794871794873,e-SAF combustion (fan),1.0
144.24172552410664,368.71794871794873,e-SAF combustion (fan),1.0
168.7612475788147,368.71794871794873,e-SAF combustion (fan),1.0
197.44882128159367,368.71794871794873,e-SAF combustion (fan),1.0
231.0129700083158,368.71794871794873,e-SAF combustion (fan),1.0
270.28265839051625,368.71794871794873,e-SAF combustion (fan),1.0
316.22776601683796,368.71794871794873,e-SAF combustion (fan),1.0
369.9830414406966,368.71794871794873,e-SAF combustion (fan),1.0
432.8761281083057,368.71794871794873,e-SAF combustion (fan),1.0
506.4603543891704,368.71794871794873,e-SAF combustion (fan),1.0
592.5530975545674,368.71794871794873,e-SAF combustion (fan),1.0
693.2806692144524,368.71794871794873,e-SAF combustion (fan),1.0
811.1308307896873,368.71794871794873,e-SAF combustion (fan),1.0
949.0142360424725,368.71794871794873,e-SAF combustion (fan),1.0
1110.336318167638,368.71794871794873,e-SAF combustion (fan),1.0
1299.0813969063468,368.71794871794873,e-SAF combustion (fan),1.0
1519.9110829529332,368.71794871794873,e-SAF combustion (fan),1.0
1778.2794100389228,368.71794871794873,e-SAF combustion (fan),1.0
2080.5675382171694,368.71794871794873,e-SAF combustion (fan),1.0
2434.2413552369194,368.71794871794873,e-SAF combustion (fan),1.0
2848.035868435799,368.71794871794873,e-SAF combustion (fan),1.0
3332.1709412448167,368.71794871794873,e-SAF combustion (fan),1.0
3898.603702549072,368.71794871794873,e-SAF combustion (fan),1.0
4561.323862890211,368.71794871794873,e-SAF combustion (fan),1.0
5336.699231206308,368.71794871794873,e-SAF combustion (fan),1.0
6243.879965653626,368.71794871794873,e-SAF combustion (fan),1.0
7305.271542664449,368.71794871794873,e-SAF combustion (fan),1.0
8547.08812559251,368.71794871794873,e-SAF combustion (fan),1.0
10000.0,368.71794871794873,e-SAF combustion (fan),1.0
10.0,376.9230769230769,e-SAF combustion (fan),0.7753333333333333
11.69989106589066,376.9230769230769,e-SAF combustion (fan),0.802
13.688745095370805,376.9230769230769,e-SAF combustion (fan),0.8313333333333334
16.015682644458355,376.9230769230769,e-SAF combustion (fan),0.8593333333333333
18.73817422860384,376.9230769230769,e-SAF combustion (fan),0.8846666666666667
21.923459724834466,376.9230769230769,e-SAF combustion (fan),0.9053333333333333
25.650209056800456,376.9230769230769,e-SAF combustion (fan),0.934
30.010465178188735,376.9230769230769,e-SAF combustion (fan),0.956
35.11191734215131,376.9230769230769,e-SAF combustion (fan),0.97
41.08056080177274,376.9230769230769,e-SAF combustion (fan),0.9826666666666667
48.06380863064389,376.9230769230769,e-SAF combustion (fan),0.9893333333333333
56.23413251903491,376.9230769230769,e-SAF combustion (fan),0.9953333333333333
65.79332246575679,376.9230769230769,e-SAF combustion (fan),0.998
76.9774705712371,376.9230769230769,e-SAF combustion (fan),1.0
90.06280202112787,376.9230769230769,e-SAF combustion (fan),1.0
105.37249727360725,376.9230769230769,e-SAF combustion (fan),1.0
123.28467394420659,376.9230769230769,e-SAF combustion (fan),1.0
144.24172552410664,376.9230769230769,e-SAF combustion (fan),1.0
168.7612475788147,376.9230769230769,e-SAF combustion (fan),1.0
197.44882128159367,376.9230769230769,e-SAF combustion (fan),1.0
231.0129700083158,376.9230769230769,e-SAF combustion (fan),1.0
270.28265839051625,376.9230769230769,e-SAF combustion (fan),1.0
316.22776601683796,376.9230769230769,e-SAF combustion (fan),1.0
369.9830414406966,376.9230769230769,e-SAF combustion (fan),1.0
432.8761281083057,376.9230769230769,e-SAF combustion (fan),1.0
506.4603543891704,376.9230769230769,e-SAF combustion (fan),1.0
592.5530975545674,376.9230769230769,e-SAF combustion (fan),1.0
693.2806692144524,376.9230769230769,e-SAF combustion (fan),1.0
811.1308307896873,376.9230769230769,e-SAF combustion (fan),1.0
949.0142360424725,376.9230769230769,e-SAF combustion (fan),1.0
1110.336318167638,376.9230769230769,e-SAF combustion (fan),1.0
1299.0813969063468,376.9230769230769,e-SAF combustion (fan),1.0
1519.9110829529332,376.9230769230769,e-SAF combustion (fan),1.0
1778.2794100389228,376.9230769230769,e-SAF combustion (fan),1.0
2080.5675382171694,376.9230769230769,e-SAF combustion (fan),1.0
2434.2413552369194,376.9230769230769,e-SAF combustion (fan),1.0
2848.035868435799,376.9230769230769,e-SAF combustion (fan),1.0
3332.1709412448167,376.9230769230769,e-SAF combustion (fan),1.0
3898.603702549072,376.9230769230769,e-SAF combustion (fan),1.0
4561.323862890211,376.9230769230769,e-SAF combustion (fan),1.0
5336.699231206308,376.9230769230769,e-SAF combustion (fan),1.0
6243.879965653626,376.9230769230769,e-SAF combustion (fan),1.0
7305.271542664449,376.9230769230769,e-SAF combustion (fan),1.0
8547.08812559251,376.9230769230769,e-SAF combustion (fan),1.0
10000.0,376.9230769230769,e-SAF combustion (fan),1.0
10.0,385.1282051282051,e-SAF combustion (fan),0.878
11.69989106589066,385.1282051282051,e-SAF combustion (fan),0.9013333333333333
13.688745095370805,385.1282051282051,e-SAF combustion (fan),0.92
16.015682644458355,385.1282051282051,e-SAF combustion (fan),0.9333333333333333
18.73817422860384,385.1282051282051,e-SAF combustion (fan),0.9466666666666667
21.923459724834466,385.1282051282051,e-SAF combustion (fan),0.9606666666666667
25.650209056800456,385.1282051282051,e-SAF combustion (fan),0.9733333333333334
30.010465178188735,385.1282051282051,e-SAF combustion (fan),0.986
35.11191734215131,385.1282051282051,e-SAF combustion (fan),0.994
41.08056080177274,385.1282051282051,e-SAF combustion (fan),0.996
48.06380863064389,385.1282051282051,e-SAF combustion (fan),0.998
56.23413251903491,385.1282051282051,e-SAF combustion (fan),1.0
65.79332246575679,385.1282051282051,e-SAF combustion (fan),1.0
76.9774705712371,385.1282051282051,e-SAF combustion (fan),1.0
90.06280202112787,385.1282051282051,e-SAF combustion (fan),1.0
105.37249727360725,385.1282051282051,e-SAF combustion (fan),1.0
123.28467394420659,385.1282051282051,e-SAF combustion (fan),1.0
144.24172552410664,385.1282051282051,e-SAF combustion (fan),1.0
168.7612475788147,385.1282051282051,e-SAF combustion (fan),1.0
197.44882128159367,385.1282051282051,e-SAF combustion (fan),1.0
231.0129700083158,385.1282051282051,e-SAF combustion (fan),1.0
270.28265839051625,385.1282051282051,e-SAF combustion (fan),1.0
316.22776601683796,385.1282051282051,e-SAF combustion (fan),1.0
369.9830414406966,385.1282051282051,e-SAF combustion (fan),1.0
432.8761281083057,385.1282051282051,e-SAF combustion (fan),1.0
506.4603543891704,385.1282051282051,e-SAF combustion (fan),1.0
592.5530975545674,385.1282051282051,e-SAF combustion (fan),1.0
693.2806692144524,385.1282051282051,e-SAF combustion (fan),1.0
811.1308307896873,385.1282051282051,e-SAF combustion (fan),1.0
949.0142360424725,385.1282051282051,e-SAF combustion (fan),1.0
1110.336318167638,385.1282051282051,e-SAF combustion (fan),1.0
1299.0813969063468,385.1282051282051,e-SAF combustion (fan),1.0
1519.9110829529332,385.1282051282051,e-SAF combustion (fan),1.0
1778.2794100389228,385.1282051282051,e-SAF combustion (fan),1.0
2080.5675382171694,385.1282051282051,e-SAF combustion (fan),1.0
2434.2413552369194,385.1282051282051,e-SAF combustion (fan),1.0
2848.035868435799,385.1282051282051,e-SAF combustion (fan),1.0
3332.1709412448167,385.1282051282051,e-SAF combustion (fan),1.0
3898.603702549072,385.1282051282051,e-SAF combustion (fan),1.0
4561.323862890211,385.1282051282051,e-SAF combustion (fan),1.0
5336.699231206308,385.1282051282051,e-SAF combustion (fan),1.0
6243.879965653626,385.1282051282051,e-SAF combustion (fan),1.0
7305.271542664449,385.1282051282051,e-SAF combustion (fan),1.0
8547.08812559251,385.1282051282051,e-SAF combustion (fan),1.0
10000.0,385.1282051282051,e-SAF combustion (fan),1.0
10.0,393.3333333333333,e-SAF combustion (fan),0.952
11.69989106589066,393.3333333333333,e-SAF combustion (fan),0.9653333333333334
13.688745095370805,393.3333333333333,e-SAF combustion (fan),0.972
16.015682644458355,393.3333333333333,e-SAF combustion (fan),0.9806666666666667
18.73817422860384,393.3333333333333,e-SAF combustion (fan),0.986
21.923459724834466,393.3333333333333,e-SAF combustion (fan),0.9926666666666667
25.650209056800456,393.3333333333333,e-SAF combustion (fan),0.9966666666666667
30.010465178188735,393.3333333333333,e-SAF combustion (fan),0.998
35.11191734215131,393.3333333333333,e-SAF combustion (fan),1.0
41.08056080177274,393.3333333333333,e-SAF combustion (fan),1.0
48.06380863064389,393.3333333333333,e-SAF combustion (fan),1.0
56.23413251903491,393.3333333333333,e-SAF combustion (fan),1.0
65.79332246575679,393.3333333333333,e-SAF combustion (fan),1.0
76.9774705712371,393.3333333333333,e-SAF combustion (fan),1.0
90.06280202112787,393.3333333333333,e-SAF combustion (fan),1.0
105.37249727360725,393.3333333333333,e-SAF combustion (fan),1.0
123.28467394420659,393.3333333333333,e-SAF combustion (fan),1.0
144.24172552410664,393.3333333333333,e-SAF combustion (fan),1.0
168.7612475788147,393.3333333333333,e-SAF combustion (fan),1.0
197.44882128159367,393.3333333333333,e-SAF combustion (fan),1.0
231.0129700083158,393.3333333333333,e-SAF combustion (fan),1.0
270.28265839051625,393.3333333333333,e-SAF combustion (fan),1.0
316.22776601683796,393.3333333333333,e-SAF combustion (fan),1.0
369.9830414406966,393.3333333333333,e-SAF combustion (fan),1.0
432.8761281083057,393.3333333333333,e-SAF combustion (fan),1.0
506.4603543891704,393.3333333333333,e-SAF combustion (fan),1.0
592.5530975545674,393.3333333333333,e-SAF combustion (fan),1.0
693.2806692144524,393.3333333333333,e-SAF combustion (fan),1.0
811.1308307896873,393.3333333333333,e-SAF combustion (fan),1.0
949.0142360424725,393.3333333333333,e-SAF combustion (fan),1.0
1110.336318167638,393.3333333333333,e-SAF combustion (fan),1.0
1299.0813969063468,393.3333333333333,e-SAF combustion (fan),1.0
1519.9110829529332,393.3333333333333,e-SAF combustion (fan),1.0
1778.2794100389228,393.3333333333333,e-SAF combustion (fan),1.0
2080.5675382171694,393.3333333333333,e-SAF combustion (fan),1.0
2434.2413552369194,393.3333333333333,e-SAF combustion (fan),1.0
2848.035868435799,393.3333333333333,e-SAF combustion (fan),1.0
3332.1709412448167,393.3333333333333,e-SAF combustion (fan),1.0
3898.603702549072,393.3333333333333,e-SAF combustion (fan),1.0
4561.323862890211,393.3333333333333,e-SAF combustion (fan),1.0
5336.699231206308,393.3333333333333,e-SAF combustion (fan),1.0
6243.879965653626,393.3333333333333,e-SAF combustion (fan),1.0
7305.271542664449,393.3333333333333,e-SAF combustion (fan),1.0
8547.08812559251,393.3333333333333,e-SAF combustion (fan),1.0
10000.0,393.3333333333333,e-SAF combustion (fan),1.0
10.0,401.53846153846155,e-SAF combustion (fan),0.9946666666666667
11.69989106589066,401.53846153846155,e-SAF combustion (fan),0.9966666666666667
13.688745095370805,401.53846153846155,e-SAF combustion (fan),0.998
16.015682644458355,401.53846153846155,e-SAF combustion (fan),0.9993333333333333
18.73817422860384,401.53846153846155,e-SAF combustion (fan),1.0
21.923459724834466,401.53846153846155,e-SAF combustion (fan),1.0
25.650209056800456,401.53846153846155,e-SAF combustion (fan),1.0
30.010465178188735,401.53846153846155,e-SAF combustion (fan),1.0
35.11191734215131,401.53846153846155,e-SAF combustion (fan),1.0
41.08056080177274,401.53846153846155,e-SAF combustion (fan),1.0
48.06380863064389,401.53846153846155,e-SAF combustion (fan),1.0
56.23413251903491,401.53846153846155,e-SAF combustion (fan),1.0
65.79332246575679,401.53846153846155,e-SAF combustion (fan),1.0
76.9774705712371,401.53846153846155,e-SAF combustion (fan),1.0
90.06280202112787,401.53846153846155,e-SAF combustion (fan),1.0
105.37249727360725,401.53846153846155,e-SAF combustion (fan),1.0
123.28467394420659,401.53846153846155,e-SAF combustion (fan),1.0
144.24172552410664,401.53846153846155,e-SAF combustion (fan),1.0
168.7612475788147,401.53846153846155,e-SAF combustion (fan),1.0
197.44882128159367,401.53846153846155,e-SAF combustion (fan),1.0
231.0129700083158,401.53846153846155,e-SAF combustion (fan),1.0
270.28265839051625,401.53846153846155,e-SAF combustion (fan),1.0
316.22776601683796,401.53846153846155,e-SAF combustion (fan),1.0
369.9830414406966,401.53846153846155,e-SAF combustion (fan),1.0
432.8761281083057,401.53846153846155,e-SAF combustion (fan),1.0
506.4603543891704,401.53846153846155,e-SAF combustion (fan),1.0
592.5530975545674,401.53846153846155,e-SAF combustion (fan),1.0
693.2806692144524,401.53846153846155,e-SAF combustion (fan),1.0
811.1308307896873,401.53846153846155,e-SAF combustion (fan),1.0
949.0142360424725,401.53846153846155,e-SAF combustion (fan),1.0
1110.336318167638,401.53846153846155,e-SAF combustion (fan),1.0
1299.0813969063468,401.53846153846155,e-SAF combustion (fan),1.0
1519.9110829529332,401.53846153846155,e-SAF combustion (fan),1.0
1778.2794100389228,401.53846153846155,e-SAF combustion (fan),1.0
2080.5675382171694,401.53846153846155,e-SAF combustion (fan),1.0
2434.2413552369194,401.53846153846155,e-SAF combustion (fan),1.0
2848.035868435799,401.53846153846155,e-SAF combustion (fan),1.0
3332.1709412448167,401.53846153846155,e-SAF combustion (fan),1.0
3898.603702549072,401.53846153846155,e-SAF combustion (fan),1.0
4561.323862890211,401.53846153846155,e-SAF combustion (fan),1.0
5336.699231206308,401.53846153846155,e-SAF combustion (fan),1.0
6243.879965653626,401.53846153846155,e-SAF combustion (fan),1.0
7305.271542664449,401.53846153846155,e-SAF combustion (fan),1.0
8547.08812559251,401.53846153846155,e-SAF combustion (fan),1.0
10000.0,401.53846153846155,e-SAF combustion (fan),1.0
10.0,409.7435897435897,e-SAF combustion (fan),1.0
11.69989106589066,409.7435897435897,e-SAF combustion (fan),1.0
13.688745095370805,409.7435897435897,e-SAF combustion (fan),1.0
16.015682644458355,409.7435897435897,e-SAF combustion (fan),1.0
18.73817422860384,409.7435897435897,e-SAF combustion (fan),1.0
21.923459724834466,409.7435897435897,e-SAF combustion (fan),1.0
25.650209056800456,409.7435897435897,e-SAF combustion (fan),1.0
30.010465178188735,409.7435897435897,e-SAF combustion (fan),1.0
35.11191734215131,409.7435897435897,e-SAF combustion (fan),1.0
41.08056080177274,409.7435897435897,e-SAF combustion (fan),1.0
48.06380863064389,409.7435897435897,e-SAF combustion (fan),1.0
56.23413251903491,409.7435897435897,e-SAF combustion (fan),1.0
65.79332246575679,409.7435897435897,e-SAF combustion (fan),1.0
76.9774705712371,409.7435897435897,e-SAF combustion (fan),1.0
90.06280202112787,409.7435897435897,e-SAF combustion (fan),1.0
105.37249727360725,409.7435897435897,e-SAF combustion (fan),1.0
123.28467394420659,409.7435897435897,e-SAF combustion (fan),1.0
144.24172552410664,409.7435897435897,e-SAF combustion (fan),1.0
168.7612475788147,409.7435897435897,e-SAF combustion (fan),1.0
197.44882128159367,409.7435897435897,e-SAF combustion (fan),1.0
231.0129700083158,409.7435897435897,e-SAF combustion (fan),1.0
270.28265839051625,409.7435897435897,e-SAF combustion (fan),1.0
316.22776601683796,409.7435897435897,e-SAF combustion (fan),1.0
369.9830414406966,409.7435897435897,e-SAF combustion (fan),1.0
432.8761281083057,409.7435897435897,e-SAF combustion (fan),1.0
506.4603543891704,409.7435897435897,e-SAF combustion (fan),1.0
592.5530975545674,409.7435897435897,e-SAF combustion (fan),1.0
693.2806692144524,409.7435897435897,e-SAF combustion (fan),1.0
811.1308307896873,409.7435897435897,e-SAF combustion (fan),1.0
949.0142360424725,409.7435897435897,e-SAF combustion (fan),1.0
1110.336318167638,409.7435897435897,e-SAF combustion (fan),1.0
1299.0813969063468,409.7435897435897,e-SAF combustion (fan),1.0
1519.9110829529332,409.7435897435897,e-SAF combustion (fan),1.0
1778.2794100389228,409.7435897435897,e-SAF combustion (fan),1.0
2080.5675382171694,409.7435897435897,e-SAF combustion (fan),1.0
2434.2413552369194,409.7435897435897,e-SAF combustion (fan),1.0
2848.035868435799,409.7435897435897,e-SAF combustion (fan),1.0
3332.1709412448167,409.7435897435897,e-SAF combustion (fan),1.0
3898.603702549072,409.7435897435897,e-SAF combustion (fan),1.0
4561.323862890211,409.7435897435897,e-SAF combustion (fan),1.0
5336.699231206308,409.7435897435897,e-SAF combustion (fan),1.0
6243.879965653626,409.7435897435897,e-SAF combustion (fan),1.0
7305.271542664449,409.7435897435897,e-SAF combustion (fan),1.0
8547.08812559251,409.7435897435897,e-SAF combustion (fan),1.0
10000.0,409.7435897435897,e-SAF combustion (fan),1.0
10.0,417.9487179487179,e-SAF combustion (fan),1.0
11.69989106589066,417.9487179487179,e-SAF combustion (fan),1.0
13.688745095370805,417.9487179487179,e-SAF combustion (fan),1.0
16.015682644458355,417.9487179487179,e-SAF combustion (fan),1.0
18.73817422860384,417.9487179487179,e-SAF combustion (fan),1.0
21.923459724834466,417.9487179487179,e-SAF combustion (fan),1.0
25.650209056800456,417.9487179487179,e-SAF combustion (fan),1.0
30.010465178188735,417.9487179487179,e-SAF combustion (fan),1.0
35.11191734215131,417.9487179487179,e-SAF combustion (fan),1.0
41.08056080177274,417.9487179487179,e-SAF combustion (fan),1.0
48.06380863064389,417.9487179487179,e-SAF combustion (fan),1.0
56.23413251903491,417.9487179487179,e-SAF combustion (fan),1.0
65.79332246575679,417.9487179487179,e-SAF combustion (fan),1.0
76.9774705712371,417.9487179487179,e-SAF combustion (fan),1.0
90.06280202112787,417.9487179487179,e-SAF combustion (fan),1.0
105.37249727360725,417.9487179487179,e-SAF combustion (fan),1.0
123.28467394420659,417.9487179487179,e-SAF combustion (fan),1.0
144.24172552410664,417.9487179487179,e-SAF combustion (fan),1.0
168.7612475788147,417.9487179487179,e-SAF combustion (fan),1.0
197.44882128159367,417.9487179487179,e-SAF combustion (fan),1.0
231.0129700083158,417.9487179487179,e-SAF combustion (fan),1.0
270.28265839051625,417.9487179487179,e-SAF combustion (fan),1.0
316.22776601683796,417.9487179487179,e-SAF combustion (fan),1.0
369.9830414406966,417.9487179487179,e-SAF combustion (fan),1.0
432.8761281083057,417.9487179487179,e-SAF combustion (fan),1.0
506.4603543891704,417.9487179487179,e-SAF combustion (fan),1.0
592.5530975545674,417.9487179487179,e-SAF combustion (fan),1.0
693.2806692144524,417.9487179487179,e-SAF combustion (fan),1.0
811.1308307896873,417.9487179487179,e-SAF combustion (fan),1.0
949.0142360424725,417.9487179487179,e-SAF combustion (fan),1.0
1110.336318167638,417.9487179487179,e-SAF combustion (fan),1.0
1299.0813969063468,417.9487179487179,e-SAF combustion (fan),1.0
1519.9110829529332,417.9487179487179,e-SAF combustion (fan),1.0
1778.2794100389228,417.9487179487179,e-SAF combustion (fan),1.0
2080.5675382171694,417.9487179487179,e-SAF combustion (fan),1.0
2434.2413552369194,417.9487179487179,e-SAF combustion (fan),1.0
2848.035868435799,417.9487179487179,e-SAF combustion (fan),1.0
3332.1709412448167,417.9487179487179,e-SAF combustion (fan),1.0
3898.603702549072,417.9487179487179,e-SAF combustion (fan),1.0
4561.323862890211,417.9487179487179,e-SAF combustion (fan),1.0
5336.699231206308,417.9487179487179,e-SAF combustion (fan),1.0
6243.879965653626,417.9487179487179,e-SAF combustion (fan),1.0
7305.271542664449,417.9487179487179,e-SAF combustion (fan),1.0
8547.08812559251,417.9487179487179,e-SAF combustion (fan),1.0
10000.0,417.9487179487179,e-SAF combustion (fan),1.0
10.0,426.15384615384613,e-SAF combustion (fan),1.0
11.69989106589066,426.15384615384613,e-SAF combustion (fan),1.0
13.688745095370805,426.15384615384613,e-SAF combustion (fan),1.0
16.015682644458355,426.15384615384613,e-SAF combustion (fan),1.0
18.73817422860384,426.15384615384613,e-SAF combustion (fan),1.0
21.923459724834466,426.15384615384613,e-SAF combustion (fan),1.0
25.650209056800456,426.15384615384613,e-SAF combustion (fan),1.0
30.010465178188735,426.15384615384613,e-SAF combustion (fan),1.0
35.11191734215131,426.15384615384613,e-SAF combustion (fan),1.0
41.08056080177274,426.15384615384613,e-SAF combustion (fan),1.0
48.06380863064389,426.15384615384613,e-SAF combustion (fan),1.0
56.23413251903491,426.15384615384613,e-SAF combustion (fan),1.0
65.79332246575679,426.15384615384613,e-SAF combustion (fan),1.0
76.9774705712371,426.15384615384613,e-SAF combustion (fan),1.0
90.06280202112787,426.15384615384613,e-SAF combustion (fan),1.0
105.37249727360725,426.15384615384613,e-SAF combustion (fan),1.0
123.28467394420659,426.15384615384613,e-SAF combustion (fan),1.0
144.24172552410664,426.15384615384613,e-SAF combustion (fan),1.0
168.7612475788147,426.15384615384613,e-SAF combustion (fan),1.0
197.44882128159367,426.15384615384613,e-SAF combustion (fan),1.0
231.0129700083158,426.15384615384613,e-SAF combustion (fan),1.0
270.28265839051625,426.15384615384613,e-SAF combustion (fan),1.0
316.22776601683796,426.15384615384613,e-SAF combustion (fan),1.0
369.9830414406966,426.15384615384613,e-SAF combustion (fan),1.0
432.8761281083057,426.15384615384613,e-SAF combustion (fan),1.0
506.4603543891704,426.15384615384613,e-SAF combustion (fan),1.0
592.5530975545674,426.15384615384613,e-SAF combustion (fan),1.0
693.2806692144524,426.15384615384613,e-SAF combustion (fan),1.0
811.1308307896873,426.15384615384613,e-SAF combustion (fan),1.0
949.0142360424725,426.15384615384613,e-SAF combustion (fan),1.0
1110.336318167638,426.15384615384613,e-SAF combustion (fan),1.0
1299.0813969063468,426.15384615384613,e-SAF combustion (fan),1.0
1519.9110829529332,426.15384615384613,e-SAF combustion (fan),1.0
1778.2794100389228,426.15384615384613,e-SAF combustion (fan),1.0
2080.5675382171694,426.15384615384613,e-SAF combustion (fan),1.0
2434.2413552369194,426.15384615384613,e-SAF combustion (fan),1.0
2848.035868435799,426.15384615384613,e-SAF combustion (fan),1.0
3332.1709412448167,426.15384615384613,e-SAF combustion (fan),1.0
3898.603702549072,426.15384615384613,e-SAF combustion (fan),1.0
4561.323862890211,426.15384615384613,e-SAF combustion (fan),1.0
5336.699231206308,426.15384615384613,e-SAF combustion (fan),1.0
6243.879965653626,426.15384615384613,e-SAF combustion (fan),1.0
7305.271542664449,426.15384615384613,e-SAF combustion (fan),1.0
8547.08812559251,426.15384615384613,e-SAF combustion (fan),1.0
10000.0,426.15384615384613,e-SAF combustion (fan),1.0
10.0,434.35897435897436,e-SAF combustion (fan),1.0
11.69989106589066,434.35897435897436,e-SAF combustion (fan),1.0
13.688745095370805,434.35897435897436,e-SAF combustion (fan),1.0
16.015682644458355,434.35897435897436,e-SAF combustion (fan),1.0
18.73817422860384,434.35897435897436,e-SAF combustion (fan),1.0
21.923459724834466,434.35897435897436,e-SAF combustion (fan),1.0
25.650209056800456,434.35897435897436,e-SAF combustion (fan),1.0
30.010465178188735,434.35897435897436,e-SAF combustion (fan),1.0
35.11191734215131,434.35897435897436,e-SAF combustion (fan),1.0
41.08056080177274,434.35897435897436,e-SAF combustion (fan),1.0
48.06380863064389,434.35897435897436,e-SAF combustion (fan),1.0
56.23413251903491,434.35897435897436,e-SAF combustion (fan),1.0
65.79332246575679,434.35897435897436,e-SAF combustion (fan),1.0
76.9774705712371,434.35897435897436,e-SAF combustion (fan),1.0
90.06280202112787,434.35897435897436,e-SAF combustion (fan),1.0
105.37249727360725,434.35897435897436,e-SAF combustion (fan),1.0
123.28467394420659,434.35897435897436,e-SAF combustion (fan),1.0
144.24172552410664,434.35897435897436,e-SAF combustion (fan),1.0
168.7612475788147,434.35897435897436,e-SAF combustion (fan),1.0
197.44882128159367,434.35897435897436,e-SAF combustion (fan),1.0
231.0129700083158,434.35897435897436,e-SAF combustion (fan),1.0
270.28265839051625,434.35897435897436,e-SAF combustion (fan),1.0
316.22776601683796,434.35897435897436,e-SAF combustion (fan),1.0
369.9830414406966,434.35897435897436,e-SAF combustion (fan),1.0
432.8761281083057,434.35897435897436,e-SAF combustion (fan),1.0
506.4603543891704,434.35897435897436,e-SAF combustion (fan),1.0
592.5530975545674,434.35897435897436,e-SAF combustion (fan),1.0
693.2806692144524,434.35897435897436,e-SAF combustion (fan),1.0
811.1308307896873,434.35897435897436,e-SAF combustion (fan),1.0
949.0142360424725,434.35897435897436,e-SAF combustion (fan),1.0
1110.336318167638,434.35897435897436,e-SAF combustion (fan),1.0
1299.0813969063468,434.35897435897436,e-SAF combustion (fan),1.0
1519.9110829529332,434.35897435897436,e-SAF combustion (fan),1.0
1778.2794100389228,434.35897435897436,e-SAF combustion (fan),1.0
2080.5675382171694,434.35897435897436,e-SAF combustion (fan),1.0
2434.2413552369194,434.35897435897436,e-SAF combustion (fan),1.0
2848.035868435799,434.35897435897436,e-SAF combustion (fan),1.0
3332.1709412448167,434.35897435897436,e-SAF combustion (fan),1.0
3898.603702549072,434.35897435897436,e-SAF combustion (fan),1.0
4561.323862890211,434.35897435897436,e-SAF combustion (fan),1.0
5336.699231206308,434.35897435897436,e-SAF combustion (fan),1.0
6243.879965653626,434.35897435897436,e-SAF combustion (fan),1.0
7305.271542664449,434.35897435897436,e-SAF combustion (fan),1.0
8547.08812559251,434.35897435897436,e-SAF combustion (fan),1.0
10000.0,434.35897435897436,e-SAF combustion (fan),1.0
10.0,442.56410256410254,e-SAF combustion (fan),1.0
11.69989106589066,442.56410256410254,e-SAF combustion (fan),1.0
13.688745095370805,442.56410256410254,e-SAF combustion (fan),1.0
16.015682644458355,442.56410256410254,e-SAF combustion (fan),1.0
18.73817422860384,442.56410256410254,e-SAF combustion (fan),1.0
21.923459724834466,442.56410256410254,e-SAF combustion (fan),1.0
25.650209056800456,442.56410256410254,e-SAF combustion (fan),1.0
30.010465178188735,442.56410256410254,e-SAF combustion (fan),1.0
35.11191734215131,442.56410256410254,e-SAF combustion (fan),1.0
41.08056080177274,442.56410256410254,e-SAF combustion (fan),1.0
48.06380863064389,442.56410256410254,e-SAF combustion (fan),1.0
56.23413251903491,442.56410256410254,e-SAF combustion (fan),1.0
65.79332246575679,442.56410256410254,e-SAF combustion (fan),1.0
76.9774705712371,442.56410256410254,e-SAF combustion (fan),1.0
90.06280202112787,442.56410256410254,e-SAF combustion (fan),1.0
105.37249727360725,442.56410256410254,e-SAF combustion (fan),1.0
123.28467394420659,442.56410256410254,e-SAF combustion (fan),1.0
144.24172552410664,442.56410256410254,e-SAF combustion (fan),1.0
168.7612475788147,442.56410256410254,e-SAF combustion (fan),1.0
197.44882128159367,442.56410256410254,e-SAF combustion (fan),1.0
231.0129700083158,442.56410256410254,e-SAF combustion (fan),1.0
270.28265839051625,442.56410256410254,e-SAF combustion (fan),1.0
316.22776601683796,442.56410256410254,e-SAF combustion (fan),1.0
369.9830414406966,442.56410256410254,e-SAF combustion (fan),1.0
432.8761281083057,442.56410256410254,e-SAF combustion (fan),1.0
506.4603543891704,442.56410256410254,e-SAF combustion (fan),1.0
592.5530975545674,442.56410256410254,e-SAF combustion (fan),1.0
693.2806692144524,442.56410256410254,e-SAF combustion (fan),1.0
811.1308307896873,442.56410256410254,e-SAF combustion (fan),1.0
949.0142360424725,442.56410256410254,e-SAF combustion (fan),1.0
1110.336318167638,442.56410256410254,e-SAF combustion (fan),1.0
1299.0813969063468,442.56410256410254,e-SAF combustion (fan),1.0
1519.9110829529332,442.56410256410254,e-SAF combustion (fan),1.0
1778.2794100389228,442.56410256410254,e-SAF combustion (fan),1.0
2080.5675382171694,442.56410256410254,e-SAF combustion (fan),1.0
2434.2413552369194,442.56410256410254,e-SAF combustion (fan),1.0
2848.035868435799,442.56410256410254,e-SAF combustion (fan),1.0
3332.1709412448167,442.56410256410254,e-SAF combustion (fan),1.0
3898.603702549072,442.56410256410254,e-SAF combustion (fan),1.0
4561.323862890211,442.56410256410254,e-SAF combustion (fan),1.0
5336.699231206308,442.56410256410254,e-SAF combustion (fan),1.0
6243.879965653626,442.56410256410254,e-SAF combustion (fan),1.0
7305.271542664449,442.56410256410254,e-SAF combustion (fan),1.0
8547.08812559251,442.56410256410254,e-SAF combustion (fan),1.0
10000.0,442.56410256410254,e-SAF combustion (fan),1.0
10.0,450.7692307692307,e-SAF combustion (fan),1.0
11.69989106589066,450.7692307692307,e-SAF combustion (fan),1.0
13.688745095370805,450.7692307692307,e-SAF combustion (fan),1.0
16.015682644458355,450.7692307692307,e-SAF combustion (fan),1.0
18.73817422860384,450.7692307692307,e-SAF combustion (fan),1.0
21.923459724834466,450.7692307692307,e-SAF combustion (fan),1.0
25.650209056800456,450.7692307692307,e-SAF combustion (fan),1.0
30.010465178188735,450.7692307692307,e-SAF combustion (fan),1.0
35.11191734215131,450.7692307692307,e-SAF combustion (fan),1.0
41.08056080177274,450.7692307692307,e-SAF combustion (fan),1.0
48.06380863064389,450.7692307692307,e-SAF combustion (fan),1.0
56.23413251903491,450.7692307692307,e-SAF combustion (fan),1.0
65.79332246575679,450.7692307692307,e-SAF combustion (fan),1.0
76.9774705712371,450.7692307692307,e-SAF combustion (fan),1.0
90.06280202112787,450.7692307692307,e-SAF combustion (fan),1.0
105.37249727360725,450.7692307692307,e-SAF combustion (fan),1.0
123.28467394420659,450.7692307692307,e-SAF combustion (fan),1.0
144.24172552410664,450.7692307692307,e-SAF combustion (fan),1.0
168.7612475788147,450.7692307692307,e-SAF combustion (fan),1.0
197.44882128159367,450.7692307692307,e-SAF combustion (fan),1.0
231.0129700083158,450.7692307692307,e-SAF combustion (fan),1.0
270.28265839051625,450.7692307692307,e-SAF combustion (fan),1.0
316.22776601683796,450.7692307692307,e-SAF combustion (fan),1.0
369.9830414406966,450.7692307692307,e-SAF combustion (fan),1.0
432.8761281083057,450.7692307692307,e-SAF combustion (fan),1.0
506.4603543891704,450.7692307692307,e-SAF combustion (fan),1.0
592.5530975545674,450.7692307692307,e-SAF combustion (fan),1.0
693.2806692144524,450.7692307692307,e-SAF combustion (fan),1.0
811.1308307896873,450.7692307692307,e-SAF combustion (fan),1.0
949.0142360424725,450.7692307692307,e-SAF combustion (fan),1.0
1110.336318167638,450.7692307692307,e-SAF combustion (fan),1.0
1299.0813969063468,450.7692307692307,e-SAF combustion (fan),1.0
1519.9110829529332,450.7692307692307,e-SAF combustion (fan),1.0
1778.2794100389228,450.7692307692307,e-SAF combustion (fan),1.0
2080.5675382171694,450.7692307692307,e-SAF combustion (fan),1.0
2434.2413552369194,450.7692307692307,e-SAF combustion (fan),1.0
2848.035868435799,450.7692307692307,e-SAF combustion (fan),1.0
3332.1709412448167,450.7692307692307,e-SAF combustion (fan),1.0
3898.603702549072,450.7692307692307,e-SAF combustion (fan),1.0
4561.323862890211,450.7692307692307,e-SAF combustion (fan),1.0
5336.699231206308,450.7692307692307,e-SAF combustion (fan),1.0
6243.879965653626,450.7692307692307,e-SAF combustion (fan),1.0
7305.271542664449,450.7692307692307,e-SAF combustion (fan),1.0
8547.08812559251,450.7692307692307,e-SAF combustion (fan),1.0
10000.0,450.7692307692307,e-SAF combustion (fan),1.0
10.0,458.97435897435895,e-SAF combustion (fan),1.0
11.69989106589066,458.97435897435895,e-SAF combustion (fan),1.0
13.688745095370805,458.97435897435895,e-SAF combustion (fan),1.0
16.015682644458355,458.97435897435895,e-SAF combustion (fan),1.0
18.73817422860384,458.97435897435895,e-SAF combustion (fan),1.0
21.923459724834466,458.97435897435895,e-SAF combustion (fan),1.0
25.650209056800456,458.97435897435895,e-SAF combustion (fan),1.0
30.010465178188735,458.97435897435895,e-SAF combustion (fan),1.0
35.11191734215131,458.97435897435895,e-SAF combustion (fan),1.0
41.08056080177274,458.97435897435895,e-SAF combustion (fan),1.0
48.06380863064389,458.97435897435895,e-SAF combustion (fan),1.0
56.23413251903491,458.97435897435895,e-SAF combustion (fan),1.0
65.79332246575679,458.97435897435895,e-SAF combustion (fan),1.0
76.9774705712371,458.97435897435895,e-SAF combustion (fan),1.0
90.06280202112787,458.97435897435895,e-SAF combustion (fan),1.0
105.37249727360725,458.97435897435895,e-SAF combustion (fan),1.0
123.28467394420659,458.97435897435895,e-SAF combustion (fan),1.0
144.24172552410664,458.97435897435895,e-SAF combustion (fan),1.0
168.7612475788147,458.97435897435895,e-SAF combustion (fan),1.0
197.44882128159367,458.97435897435895,e-SAF combustion (fan),1.0
231.0129700083158,458.97435897435895,e-SAF combustion (fan),1.0
270.28265839051625,458.97435897435895,e-SAF combustion (fan),1.0
316.22776601683796,458.97435897435895,e-SAF combustion (fan),1.0
369.9830414406966,458.97435897435895,e-SAF combustion (fan),1.0
432.8761281083057,458.97435897435895,e-SAF combustion (fan),1.0
506.4603543891704,458.97435897435895,e-SAF combustion (fan),1.0
592.5530975545674,458.97435897435895,e-SAF combustion (fan),1.0
693.2806692144524,458.97435897435895,e-SAF combustion (fan),1.0
811.1308307896873,458.97435897435895,e-SAF combustion (fan),1.0
949.0142360424725,458.97435897435895,e-SAF combustion (fan),1.0
1110.336318167638,458.97435897435895,e-SAF combustion (fan),1.0
1299.0813969063468,458.97435897435895,e-SAF combustion (fan),1.0
1519.9110829529332,458.97435897435895,e-SAF combustion (fan),1.0
1778.2794100389228,458.97435897435895,e-SAF combustion (fan),1.0
2080.5675382171694,458.97435897435895,e-SAF combustion (fan),1.0
2434.2413552369194,458.97435897435895,e-SAF combustion (fan),1.0
2848.035868435799,458.97435897435895,e-SAF combustion (fan),1.0
3332.1709412448167,458.97435897435895,e-SAF combustion (fan),1.0
3898.603702549072,458.97435897435895,e-SAF combustion (fan),1.0
4561.323862890211,458.97435897435895,e-SAF combustion (fan),1.0
5336.699231206308,458.97435897435895,e-SAF combustion (fan),1.0
6243.879965653626,458.97435897435895,e-SAF combustion (fan),1.0
7305.271542664449,458.97435897435895,e-SAF combustion (fan),1.0
8547.08812559251,458.97435897435895,e-SAF combustion (fan),1.0
10000.0,458.97435897435895,e-SAF combustion (fan),1.0
10.0,467.1794871794872,e-SAF combustion (fan),1.0
11.69989106589066,467.1794871794872,e-SAF combustion (fan),1.0
13.688745095370805,467.1794871794872,e-SAF combustion (fan),1.0
16.015682644458355,467.1794871794872,e-SAF combustion (fan),1.0
18.73817422860384,467.1794871794872,e-SAF combustion (fan),1.0
21.923459724834466,467.1794871794872,e-SAF combustion (fan),1.0
25.650209056800456,467.1794871794872,e-SAF combustion (fan),1.0
30.010465178188735,467.1794871794872,e-SAF combustion (fan),1.0
35.11191734215131,467.1794871794872,e-SAF combustion (fan),1.0
41.08056080177274,467.1794871794872,e-SAF combustion (fan),1.0
48.06380863064389,467.1794871794872,e-SAF combustion (fan),1.0
56.23413251903491,467.1794871794872,e-SAF combustion (fan),1.0
65.79332246575679,467.1794871794872,e-SAF combustion (fan),1.0
76.9774705712371,467.1794871794872,e-SAF combustion (fan),1.0
90.06280202112787,467.1794871794872,e-SAF combustion (fan),1.0
105.37249727360725,467.1794871794872,e-SAF combustion (fan),1.0
123.28467394420659,467.1794871794872,e-SAF combustion (fan),1.0
144.24172552410664,467.1794871794872,e-SAF combustion (fan),1.0
168.7612475788147,467.1794871794872,e-SAF combustion (fan),1.0
197.44882128159367,467.1794871794872,e-SAF combustion (fan),1.0
231.0129700083158,467.1794871794872,e-SAF combustion (fan),1.0
270.28265839051625,467.1794871794872,e-SAF combustion (fan),1.0
316.22776601683796,467.1794871794872,e-SAF combustion (fan),1.0
369.9830414406966,467.1794871794872,e-SAF combustion (fan),1.0
432.8761281083057,467.1794871794872,e-SAF combustion (fan),1.0
506.4603543891704,467.1794871794872,e-SAF combustion (fan),1.0
592.5530975545674,467.1794871794872,e-SAF combustion (fan),1.0
693.2806692144524,467.1794871794872,e-SAF combustion (fan),1.0
811.1308307896873,467.1794871794872,e-SAF combustion (fan),1.0
949.0142360424725,467.1794871794872,e-SAF combustion (fan),1.0
1110.336318167638,467.1794871794872,e-SAF combustion (fan),1.0
1299.0813969063468,467.1794871794872,e-SAF combustion (fan),1.0
1519.9110829529332,467.1794871794872,e-SAF combustion (fan),1.0
1778.2794100389228,467.1794871794872,e-SAF combustion (fan),1.0
2080.5675382171694,467.1794871794872,e-SAF combustion (fan),1.0
2434.2413552369194,467.1794871794872,e-SAF combustion (fan),1.0
2848.035868435799,467.1794871794872,e-SAF combustion (fan),1.0
3332.1709412448167,467.1794871794872,e-SAF combustion (fan),1.0
3898.603702549072,467.1794871794872,e-SAF combustion (fan),1.0
4561.323862890211,467.1794871794872,e-SAF combustion (fan),1.0
5336.699231206308,467.1794871794872,e-SAF combustion (fan),1.0
6243.879965653626,467.1794871794872,e-SAF combustion (fan),1.0
7305.271542664449,467.1794871794872,e-SAF combustion (fan),1.0
8547.08812559251,467.1794871794872,e-SAF combustion (fan),1.0
10000.0,467.1794871794872,e-SAF combustion (fan),1.0
10.0,475.38461538461536,e-SAF combustion (fan),1.0
11.69989106589066,475.38461538461536,e-SAF combustion (fan),1.0
13.688745095370805,475.38461538461536,e-SAF combustion (fan),1.0
16.015682644458355,475.38461538461536,e-SAF combustion (fan),1.0
18.73817422860384,475.38461538461536,e-SAF combustion (fan),1.0
21.923459724834466,475.38461538461536,e-SAF combustion (fan),1.0
25.650209056800456,475.38461538461536,e-SAF combustion (fan),1.0
30.010465178188735,475.38461538461536,e-SAF combustion (fan),1.0
35.11191734215131,475.38461538461536,e-SAF combustion (fan),1.0
41.08056080177274,475.38461538461536,e-SAF combustion (fan),1.0
48.06380863064389,475.38461538461536,e-SAF combustion (fan),1.0
56.23413251903491,475.38461538461536,e-SAF combustion (fan),1.0
65.79332246575679,475.38461538461536,e-SAF combustion (fan),1.0
76.9774705712371,475.38461538461536,e-SAF combustion (fan),1.0
90.06280202112787,475.38461538461536,e-SAF combustion (fan),1.0
105.37249727360725,475.38461538461536,e-SAF combustion (fan),1.0
123.28467394420659,475.38461538461536,e-SAF combustion (fan),1.0
144.24172552410664,475.38461538461536,e-SAF combustion (fan),1.0
168.7612475788147,475.38461538461536,e-SAF combustion (fan),1.0
197.44882128159367,475.38461538461536,e-SAF combustion (fan),1.0
231.0129700083158,475.38461538461536,e-SAF combustion (fan),1.0
270.28265839051625,475.38461538461536,e-SAF combustion (fan),1.0
316.22776601683796,475.38461538461536,e-SAF combustion (fan),1.0
369.9830414406966,475.38461538461536,e-SAF combustion (fan),1.0
432.8761281083057,475.38461538461536,e-SAF combustion (fan),1.0
506.4603543891704,475.38461538461536,e-SAF combustion (fan),1.0
592.5530975545674,475.38461538461536,e-SAF combustion (fan),1.0
693.2806692144524,475.38461538461536,e-SAF combustion (fan),1.0
811.1308307896873,475.38461538461536,e-SAF combustion (fan),1.0
949.0142360424725,475.38461538461536,e-SAF combustion (fan),1.0
1110.336318167638,475.38461538461536,e-SAF combustion (fan),1.0
1299.0813969063468,475.38461538461536,e-SAF combustion (fan),1.0
1519.9110829529332,475.38461538461536,e-SAF combustion (fan),1.0
1778.2794100389228,475.38461538461536,e-SAF combustion (fan),1.0
2080.5675382171694,475.38461538461536,e-SAF combustion (fan),1.0
2434.2413552369194,475.38461538461536,e-SAF combustion (fan),1.0
2848.035868435799,475.38461538461536,e-SAF combustion (fan),1.0
3332.1709412448167,475.38461538461536,e-SAF combustion (fan),1.0
3898.603702549072,475.38461538461536,e-SAF combustion (fan),1.0
4561.323862890211,475.38461538461536,e-SAF combustion (fan),1.0
5336.699231206308,475.38461538461536,e-SAF combustion (fan),1.0
6243.879965653626,475.38461538461536,e-SAF combustion (fan),1.0
7305.271542664449,475.38461538461536,e-SAF combustion (fan),1.0
8547.08812559251,475.38461538461536,e-SAF combustion (fan),1.0
10000.0,475.38461538461536,e-SAF combustion (fan),1.0
10.0,483.58974358974353,e-SAF combustion (fan),1.0
11.69989106589066,483.58974358974353,e-SAF combustion (fan),1.0
13.688745095370805,483.58974358974353,e-SAF combustion (fan),1.0
16.015682644458355,483.58974358974353,e-SAF combustion (fan),1.0
18.73817422860384,483.58974358974353,e-SAF combustion (fan),1.0
21.923459724834466,483.58974358974353,e-SAF combustion (fan),1.0
25.650209056800456,483.58974358974353,e-SAF combustion (fan),1.0
30.010465178188735,483.58974358974353,e-SAF combustion (fan),1.0
35.11191734215131,483.58974358974353,e-SAF combustion (fan),1.0
41.08056080177274,483.58974358974353,e-SAF combustion (fan),1.0
48.06380863064389,483.58974358974353,e-SAF combustion (fan),1.0
56.23413251903491,483.58974358974353,e-SAF combustion (fan),1.0
65.79332246575679,483.58974358974353,e-SAF combustion (fan),1.0
76.9774705712371,483.58974358974353,e-SAF combustion (fan),1.0
90.06280202112787,483.58974358974353,e-SAF combustion (fan),1.0
105.37249727360725,483.58974358974353,e-SAF combustion (fan),1.0
123.28467394420659,483.58974358974353,e-SAF combustion (fan),1.0
144.24172552410664,483.58974358974353,e-SAF combustion (fan),1.0
168.7612475788147,483.58974358974353,e-SAF combustion (fan),1.0
197.44882128159367,483.58974358974353,e-SAF combustion (fan),1.0
231.0129700083158,483.58974358974353,e-SAF combustion (fan),1.0
270.28265839051625,483.58974358974353,e-SAF combustion (fan),1.0
316.22776601683796,483.58974358974353,e-SAF combustion (fan),1.0
369.9830414406966,483.58974358974353,e-SAF combustion (fan),1.0
432.8761281083057,483.58974358974353,e-SAF combustion (fan),1.0
506.4603543891704,483.58974358974353,e-SAF combustion (fan),1.0
592.5530975545674,483.58974358974353,e-SAF combustion (fan),1.0
693.2806692144524,483.58974358974353,e-SAF combustion (fan),1.0
811.1308307896873,483.58974358974353,e-SAF combustion (fan),1.0
949.0142360424725,483.58974358974353,e-SAF combustion (fan),1.0
1110.336318167638,483.58974358974353,e-SAF combustion (fan),1.0
1299.0813969063468,483.58974358974353,e-SAF combustion (fan),1.0
1519.9110829529332,483.58974358974353,e-SAF combustion (fan),1.0
1778.2794100389228,483.58974358974353,e-SAF combustion (fan),1.0
2080.5675382171694,483.58974358974353,e-SAF combustion (fan),1.0
2434.2413552369194,483.58974358974353,e-SAF combustion (fan),1.0
2848.035868435799,483.58974358974353,e-SAF combustion (fan),1.0
3332.1709412448167,483.58974358974353,e-SAF combustion (fan),1.0
3898.603702549072,483.58974358974353,e-SAF combustion (fan),1.0
4561.323862890211,483.58974358974353,e-SAF combustion (fan),1.0
5336.699231206308,483.58974358974353,e-SAF combustion (fan),1.0
6243.879965653626,483.58974358974353,e-SAF combustion (fan),1.0
7305.271542664449,483.58974358974353,e-SAF combustion (fan),1.0
8547.08812559251,483.58974358974353,e-SAF combustion (fan),1.0
10000.0,483.58974358974353,e-SAF combustion (fan),1.0
10.0,491.79487179487177,e-SAF combustion (fan),1.0
11.69989106589066,491.79487179487177,e-SAF combustion (fan),1.0
13.688745095370805,491.79487179487177,e-SAF combustion (fan),1.0
16.015682644458355,491.79487179487177,e-SAF combustion (fan),1.0
18.73817422860384,491.79487179487177,e-SAF combustion (fan),1.0
21.923459724834466,491.79487179487177,e-SAF combustion (fan),1.0
25.650209056800456,491.79487179487177,e-SAF combustion (fan),1.0
30.010465178188735,491.79487179487177,e-SAF combustion (fan),1.0
35.11191734215131,491.79487179487177,e-SAF combustion (fan),1.0
41.08056080177274,491.79487179487177,e-SAF combustion (fan),1.0
48.06380863064389,491.79487179487177,e-SAF combustion (fan),1.0
56.23413251903491,491.79487179487177,e-SAF combustion (fan),1.0
65.79332246575679,491.79487179487177,e-SAF combustion (fan),1.0
76.9774705712371,491.79487179487177,e-SAF combustion (fan),1.0
90.06280202112787,491.79487179487177,e-SAF combustion (fan),1.0
105.37249727360725,491.79487179487177,e-SAF combustion (fan),1.0
123.28467394420659,491.79487179487177,e-SAF combustion (fan),1.0
144.24172552410664,491.79487179487177,e-SAF combustion (fan),1.0
168.7612475788147,491.79487179487177,e-SAF combustion (fan),1.0
197.44882128159367,491.79487179487177,e-SAF combustion (fan),1.0
231.0129700083158,491.79487179487177,e-SAF combustion (fan),1.0
270.28265839051625,491.79487179487177,e-SAF combustion (fan),1.0
316.22776601683796,491.79487179487177,e-SAF combustion (fan),1.0
369.9830414406966,491.79487179487177,e-SAF combustion (fan),1.0
432.8761281083057,491.79487179487177,e-SAF combustion (fan),1.0
506.4603543891704,491.79487179487177,e-SAF combustion (fan),1.0
592.5530975545674,491.79487179487177,e-SAF combustion (fan),1.0
693.2806692144524,491.79487179487177,e-SAF combustion (fan),1.0
811.1308307896873,491.79487179487177,e-SAF combustion (fan),1.0
949.0142360424725,491.79487179487177,e-SAF combustion (fan),1.0
1110.336318167638,491.79487179487177,e-SAF combustion (fan),1.0
1299.0813969063468,491.79487179487177,e-SAF combustion (fan),1.0
1519.9110829529332,491.79487179487177,e-SAF combustion (fan),1.0
1778.2794100389228,491.79487179487177,e-SAF combustion (fan),1.0
2080.5675382171694,491.79487179487177,e-SAF combustion (fan),1.0
2434.2413552369194,491.79487179487177,e-SAF combustion (fan),1.0
2848.035868435799,491.79487179487177,e-SAF combustion (fan),1.0
3332.1709412448167,491.79487179487177,e-SAF combustion (fan),1.0
3898.603702549072,491.79487179487177,e-SAF combustion (fan),1.0
4561.323862890211,491.79487179487177,e-SAF combustion (fan),1.0
5336.699231206308,491.79487179487177,e-SAF combustion (fan),1.0
6243.879965653626,491.79487179487177,e-SAF combustion (fan),1.0
7305.271542664449,491.79487179487177,e-SAF combustion (fan),1.0
8547.08812559251,491.79487179487177,e-SAF combustion (fan),1.0
10000.0,491.79487179487177,e-SAF combustion (fan),1.0
10.0,500.0,e-SAF combustion (fan),1.0
11.69989106589066,500.0,e-SAF combustion (fan),1.0
13.688745095370805,500.0,e-SAF combustion (fan),1.0
16.015682644458355,500.0,e-SAF combustion (fan),1.0
18.73817422860384,500.0,e-SAF combustion (fan),1.0
21.923459724834466,500.0,e-SAF combustion (fan),1.0
25.650209056800456,500.0,e-SAF combustion (fan),1.0
30.010465178188735,500.0,e-SAF combustion (fan),1.0
35.11191734215131,500.0,e-SAF combustion (fan),1.0
41.08056080177274,500.0,e-SAF combustion (fan),1.0
48.06380863064389,500.0,e-SAF combustion (fan),1.0
56.23413251903491,500.0,e-SAF combustion (fan),1.0
65.79332246575679,500.0,e-SAF combustion (fan),1.0
76.9774705712371,500.0,e-SAF combustion (fan),1.0
90.06280202112787,500.0,e-SAF combustion (fan),1.0
105.37249727360725,500.0,e-SAF combustion (fan),1.0
123.28467394420659,500.0,e-SAF combustion (fan),1.0
144.24172552410664,500.0,e-SAF combustion (fan),1.0
168.7612475788147,500.0,e-SAF combustion (fan),1.0
197.44882128159367,500.0,e-SAF combustion (fan),1.0
231.0129700083158,500.0,e-SAF combustion (fan),1.0
270.28265839051625,500.0,e-SAF combustion (fan),1.0
316.22776601683796,500.0,e-SAF combustion (fan),1.0
369.9830414406966,500.0,e-SAF combustion (fan),1.0
432.8761281083057,500.0,e-SAF combustion (fan),1.0
506.4603543891704,500.0,e-SAF combustion (fan),1.0
592.5530975545674,500.0,e-SAF combustion (fan),1.0
693.2806692144524,500.0,e-SAF combustion (fan),1.0
811.1308307896873,500.0,e-SAF combustion (fan),1.0
949.0142360424725,500.0,e-SAF combustion (fan),1.0
1110.336318167638,500.0,e-SAF combustion (fan),1.0
1299.0813969063468,500.0,e-SAF combustion (fan),1.0
1519.9110829529332,500.0,e-SAF combustion (fan),1.0
1778.2794100389228,500.0,e-SAF combustion (fan),1.0
2080.5675382171694,500.0,e-SAF combustion (fan),1.0
2434.2413552369194,500.0,e-SAF combustion (fan),1.0
2848.035868435799,500.0,e-SAF combustion (fan),1.0
3332.1709412448167,500.0,e-SAF combustion (fan),1.0
3898.603702549072,500.0,e-SAF combustion (fan),1.0
4561.323862890211,500.0,e-SAF combustion (fan),1.0
5336.699231206308,500.0,e-SAF combustion (fan),1.0
6243.879965653626,500.0,e-SAF combustion (fan),1.0
7305.271542664449,500.0,e-SAF combustion (fan),1.0
8547.08812559251,500.0,e-SAF combustion (fan),1.0
10000.0,500.0,e-SAF combustion (fan),1.0
10.0,180.0,e-SAF combustion (propeller),1.0
11.69989106589066,180.0,e-SAF combustion (propeller),1.0
13.688745095370805,180.0,e-SAF combustion (propeller),1.0
16.015682644458355,180.0,e-SAF combustion (propeller),1.0
18.73817422860384,180.0,e-SAF combustion (propeller),1.0
21.923459724834466,180.0,e-SAF combustion (propeller),1.0
25.650209056800456,180.0,e-SAF combustion (propeller),1.0
30.010465178188735,180.0,e-SAF combustion (propeller),1.0
35.11191734215131,180.0,e-SAF combustion (propeller),1.0
41.08056080177274,180.0,e-SAF combustion (propeller),1.0
48.06380863064389,180.0,e-SAF combustion (propeller),1.0
56.23413251903491,180.0,e-SAF combustion (propeller),1.0
65.79332246575679,180.0,e-SAF combustion (propeller),1.0
76.9774705712371,180.0,e-SAF combustion (propeller),1.0
90.06280202112787,180.0,e-SAF combustion (propeller),1.0
105.37249727360725,180.0,e-SAF combustion (propeller),1.0
123.28467394420659,180.0,e-SAF combustion (propeller),1.0
144.24172552410664,180.0,e-SAF combustion (propeller),1.0
168.7612475788147,180.0,e-SAF combustion (propeller),1.0
197.44882128159367,180.0,e-SAF combustion (propeller),1.0
231.0129700083158,180.0,e-SAF combustion (propeller),1.0
270.28265839051625,180.0,e-SAF combustion (propeller),1.0
316.22776601683796,180.0,e-SAF combustion (propeller),1.0
369.9830414406966,180.0,e-SAF combustion (propeller),1.0
432.8761281083057,180.0,e-SAF combustion (propeller),0.998
506.4603543891704,180.0,e-SAF combustion (propeller),0.9973333333333333
592.5530975545674,180.0,e-SAF combustion (propeller),0.9966666666666667
693.2806692144524,180.0,e-SAF combustion (propeller),0.9946666666666667
811.1308307896873,180.0,e-SAF combustion (propeller),0.992
949.0142360424725,180.0,e-SAF combustion (propeller),0.988
1110.336318167638,180.0,e-SAF combustion (propeller),0.9833333333333333
1299.0813969063468,180.0,e-SAF combustion (propeller),0.9746666666666667
1519.9110829529332,180.0,e-SAF combustion (propeller),0.9646666666666667
1778.2794100389228,180.0,e-SAF combustion (propeller),0.9486666666666667
2080.5675382171694,180.0,e-SAF combustion (propeller),0.9306666666666666
2434.2413552369194,180.0,e-SAF combustion (propeller),0.9053333333333333
2848.035868435799,180.0,e-SAF combustion (propeller),0.868
3332.1709412448167,180.0,e-SAF combustion (propeller),0.8313333333333334
3898.603702549072,180.0,e-SAF combustion (propeller),0.7766666666666666
4561.323862890211,180.0,e-SAF combustion (propeller),0.7346666666666667
5336.699231206308,180.0,e-SAF combustion (propeller),0.6933333333333334
6243.879965653626,180.0,e-SAF combustion (propeller),0.6426666666666667
7305.271542664449,180.0,e-SAF combustion (propeller),0.592
8547.08812559251,180.0,e-SAF combustion (propeller),0.534
10000.0,180.0,e-SAF combustion (propeller),0.486
10.0,188.2051282051282,e-SAF combustion (propeller),1.0
11.69989106589066,188.2051282051282,e-SAF combustion (propeller),1.0
13.688745095370805,188.2051282051282,e-SAF combustion (propeller),1.0
16.015682644458355,188.2051282051282,e-SAF combustion (propeller),1.0
18.73817422860384,188.2051282051282,e-SAF combustion (propeller),1.0
21.923459724834466,188.2051282051282,e-SAF combustion (propeller),1.0
25.650209056800456,188.2051282051282,e-SAF combustion (propeller),1.0
30.010465178188735,188.2051282051282,e-SAF combustion (propeller),1.0
35.11191734215131,188.2051282051282,e-SAF combustion (propeller),1.0
41.08056080177274,188.2051282051282,e-SAF combustion (propeller),1.0
48.06380863064389,188.2051282051282,e-SAF combustion (propeller),1.0
56.23413251903491,188.2051282051282,e-SAF combustion (propeller),1.0
65.79332246575679,188.2051282051282,e-SAF combustion (propeller),1.0
76.9774705712371,188.2051282051282,e-SAF combustion (propeller),1.0
90.06280202112787,188.2051282051282,e-SAF combustion (propeller),1.0
105.37249727360725,188.2051282051282,e-SAF combustion (propeller),1.0
123.28467394420659,188.2051282051282,e-SAF combustion (propeller),1.0
144.24172552410664,188.2051282051282,e-SAF combustion (propeller),1.0
168.7612475788147,188.2051282051282,e-SAF combustion (propeller),1.0
197.44882128159367,188.2051282051282,e-SAF combustion (propeller),1.0
231.0129700083158,188.2051282051282,e-SAF combustion (propeller),1.0
270.28265839051625,188.2051282051282,e-SAF combustion (propeller),1.0
316.22776601683796,188.2051282051282,e-SAF combustion (propeller),1.0
369.9830414406966,188.2051282051282,e-SAF combustion (propeller),0.998
432.8761281083057,188.2051282051282,e-SAF combustion (propeller),0.9973333333333333
506.4603543891704,188.2051282051282,e-SAF combustion (propeller),0.996
592.5530975545674,188.2051282051282,e-SAF combustion (propeller),0.9953333333333333
693.2806692144524,188.2051282051282,e-SAF combustion (propeller),0.986
811.1308307896873,188.2051282051282,e-SAF combustion (propeller),0.9826666666666667
949.0142360424725,188.2051282051282,e-SAF combustion (propeller),0.9733333333333334
1110.336318167638,188.2051282051282,e-SAF combustion (propeller),0.9613333333333334
1299.0813969063468,188.2051282051282,e-SAF combustion (propeller),0.946
1519.9110829529332,188.2051282051282,e-SAF combustion (propeller),0.9333333333333333
1778.2794100389228,188.2051282051282,e-SAF combustion (propeller),0.9166666666666666
2080.5675382171694,188.2051282051282,e-SAF combustion (propeller),0.8853333333333333
2434.2413552369194,188.2051282051282,e-SAF combustion (propeller),0.8486666666666667
2848.035868435799,188.2051282051282,e-SAF combustion (propeller),0.7986666666666666
3332.1709412448167,188.2051282051282,e-SAF combustion (propeller),0.7466666666666667
3898.603702549072,188.2051282051282,e-SAF combustion (propeller),0.7
4561.323862890211,188.2051282051282,e-SAF combustion (propeller),0.646
5336.699231206308,188.2051282051282,e-SAF combustion (propeller),0.5826666666666667
6243.879965653626,188.2051282051282,e-SAF combustion (propeller),0.5113333333333333
7305.271542664449,188.2051282051282,e-SAF combustion (propeller),0.44733333333333336
8547.08812559251,188.2051282051282,e-SAF combustion (propeller),0.39
10000.0,188.2051282051282,e-SAF combustion (propeller),0.33266666666666667
10.0,196.4102564102564,e-SAF combustion (propeller),1.0
11.69989106589066,196.4102564102564,e-SAF combustion (propeller),1.0
13.688745095370805,196.4102564102564,e-SAF combustion (propeller),1.0
16.015682644458355,196.4102564102564,e-SAF combustion (propeller),1.0
18.73817422860384,196.4102564102564,e-SAF combustion (propeller),1.0
21.923459724834466,196.4102564102564,e-SAF combustion (propeller),1.0
25.650209056800456,196.4102564102564,e-SAF combustion (propeller),1.0
30.010465178188735,196.4102564102564,e-SAF combustion (propeller),1.0
35.11191734215131,196.4102564102564,e-SAF combustion (propeller),1.0
41.08056080177274,196.4102564102564,e-SAF combustion (propeller),1.0
48.06380863064389,196.4102564102564,e-SAF combustion (propeller),1.0
56.23413251903491,196.4102564102564,e-SAF combustion (propeller),1.0
65.79332246575679,196.4102564102564,e-SAF combustion (propeller),1.0
76.9774705712371,196.4102564102564,e-SAF combustion (propeller),1.0
90.06280202112787,196.4102564102564,e-SAF combustion (propeller),1.0
105.37249727360725,196.4102564102564,e-SAF combustion (propeller),1.0
123.28467394420659,196.4102564102564,e-SAF combustion (propeller),1.0
144.24172552410664,196.4102564102564,e-SAF combustion (propeller),1.0
168.7612475788147,196.4102564102564,e-SAF combustion (propeller),1.0
197.44882128159367,196.4102564102564,e-SAF combustion (propeller),1.0
231.0129700083158,196.4102564102564,e-SAF combustion (propeller),1.0
270.28265839051625,196.4102564102564,e-SAF combustion (propeller),1.0
316.22776601683796,196.4102564102564,e-SAF combustion (propeller),0.9986666666666667
369.9830414406966,196.4102564102564,e-SAF combustion (propeller),0.9973333333333333
432.8761281083057,196.4102564102564,e-SAF combustion (propeller),0.9966666666666667
506.4603543891704,196.4102564102564,e-SAF combustion (propeller),0.9933333333333333
592.5530975545674,196.4102564102564,e-SAF combustion (propeller),0.984
693.2806692144524,196.4102564102564,e-SAF combustion (propeller),0.9773333333333334
811.1308307896873,196.4102564102564,e-SAF combustion (propeller),0.966
949.0142360424725,196.4102564102564,e-SAF combustion (propeller),0.9473333333333334
1110.336318167638,196.4102564102564,e-SAF combustion (propeller),0.9266666666666666
1299.0813969063468,196.4102564102564,e-SAF combustion (propeller),0.91
1519.9110829529332,196.4102564102564,e-SAF combustion (propeller),0.884
1778.2794100389228,196.4102564102564,e-SAF combustion (propeller),0.8553333333333333
2080.5675382171694,196.4102564102564,e-SAF combustion (propeller),0.8166666666666667
2434.2413552369194,196.4102564102564,e-SAF combustion (propeller),0.7733333333333333
2848.035868435799,196.4102564102564,e-SAF combustion (propeller),0.7133333333333334
3332.1709412448167,196.4102564102564,e-SAF combustion (propeller),0.662
3898.603702549072,196.4102564102564,e-SAF combustion (propeller),0.59
4561.323862890211,196.4102564102564,e-SAF combustion (propeller),0.504
5336.699231206308,196.4102564102564,e-SAF combustion (propeller),0.43066666666666664
6243.879965653626,196.4102564102564,e-SAF combustion (propeller),0.358
7305.271542664449,196.4102564102564,e-SAF combustion (propeller),0.2833333333333333
8547.08812559251,196.4102564102564,e-SAF combustion (propeller),0.214
10000.0,196.4102564102564,e-SAF combustion (propeller),0.16866666666666666
10.0,204.6153846153846,e-SAF combustion (propeller),1.0
11.69989106589066,204.6153846153846,e-SAF combustion (propeller),1.0
13.688745095370805,204.6153846153846,e-SAF combustion (propeller),1.0
16.015682644458355,204.6153846153846,e-SAF combustion (propeller),1.0
18.73817422860384,204.6153846153846,e-SAF combustion (propeller),1.0
21.923459724834466,204.6153846153846,e-SAF combustion (propeller),1.0
25.650209056800456,204.6153846153846,e-SAF combustion (propeller),1.0
30.010465178188735,204.6153846153846,e-SAF combustion (propeller),1.0
35.11191734215131,204.6153846153846,e-SAF combustion (propeller),1.0
41.08056080177274,204.6153846153846,e-SAF combustion (propeller),1.0
48.06380863064389,204.6153846153846,e-SAF combustion (propeller),1.0
56.23413251903491,204.6153846153846,e-SAF combustion (propeller),1.0
65.79332246575679,204.6153846153846,e-SAF combustion (propeller),1.0
76.9774705712371,204.6153846153846,e-SAF combustion (propeller),1.0
90.06280202112787,204.6153846153846,e-SAF combustion (propeller),1.0
105.37249727360725,204.6153846153846,e-SAF combustion (propeller),1.0
123.28467394420659,204.6153846153846,e-SAF combustion (propeller),1.0
144.24172552410664,204.6153846153846,e-SAF combustion (propeller),1.0
168.7612475788147,204.6153846153846,e-SAF combustion (propeller),1.0
197.44882128159367,204.6153846153846,e-SAF combustion (propeller),1.0
231.0129700083158,204.6153846153846,e-SAF combustion (propeller),1.0
270.28265839051625,204.6153846153846,e-SAF combustion (propeller),0.9993333333333333
316.22776601683796,204.6153846153846,e-SAF combustion (propeller),0.9973333333333333
369.9830414406966,204.6153846153846,e-SAF combustion (propeller),0.996
432.8761281083057,204.6153846153846,e-SAF combustion (propeller),0.992
506.4603543891704,204.6153846153846,e-SAF combustion (propeller),0.982
592.5530975545674,204.6153846153846,e-SAF combustion (propeller),0.972
693.2806692144524,204.6153846153846,e-SAF combustion (propeller),0.9586666666666667
811.1308307896873,204.6153846153846,e-SAF combustion (propeller),0.924
949.0142360424725,204.6153846153846,e-SAF combustion (propeller),0.9066666666666666
1110.336318167638,204.6153846153846,e-SAF combustion (propeller),0.8773333333333333
1299.0813969063468,204.6153846153846,e-SAF combustion (propeller),0.8493333333333334
1519.9110829529332,204.6153846153846,e-SAF combustion (propeller),0.8146666666666667
1778.2794100389228,204.6153846153846,e-SAF combustion (propeller),0.7773333333333333
2080.5675382171694,204.6153846153846,e-SAF combustion (propeller),0.7353333333333333
2434.2413552369194,204.6153846153846,e-SAF combustion (propeller),0.6773333333333333
2848.035868435799,204.6153846153846,e-SAF combustion (propeller),0.6006666666666667
3332.1709412448167,204.6153846153846,e-SAF combustion (propeller),0.5126666666666667
3898.603702549072,204.6153846153846,e-SAF combustion (propeller),0.43133333333333335
4561.323862890211,204.6153846153846,e-SAF combustion (propeller),0.342
5336.699231206308,204.6153846153846,e-SAF combustion (propeller),0.258
6243.879965653626,204.6153846153846,e-SAF combustion (propeller),0.18733333333333332
7305.271542664449,204.6153846153846,e-SAF combustion (propeller),0.134
8547.08812559251,204.6153846153846,e-SAF combustion (propeller),0.08533333333333333
10000.0,204.6153846153846,e-SAF combustion (propeller),0.058666666666666666
10.0,212.82051282051282,e-SAF combustion (propeller),1.0
11.69989106589066,212.82051282051282,e-SAF combustion (propeller),1.0
13.688745095370805,212.82051282051282,e-SAF combustion (propeller),1.0
16.015682644458355,212.82051282051282,e-SAF combustion (propeller),1.0
18.73817422860384,212.82051282051282,e-SAF combustion (propeller),1.0
21.923459724834466,212.82051282051282,e-SAF combustion (propeller),1.0
25.650209056800456,212.82051282051282,e-SAF combustion (propeller),1.0
30.010465178188735,212.82051282051282,e-SAF combustion (propeller),1.0
35.11191734215131,212.82051282051282,e-SAF combustion (propeller),1.0
41.08056080177274,212.82051282051282,e-SAF combustion (propeller),1.0
48.06380863064389,212.82051282051282,e-SAF combustion (propeller),1.0
56.23413251903491,212.82051282051282,e-SAF combustion (propeller),1.0
65.79332246575679,212.82051282051282,e-SAF combustion (propeller),1.0
76.9774705712371,212.82051282051282,e-SAF combustion (propeller),1.0
90.06280202112787,212.82051282051282,e-SAF combustion (propeller),0.9993333333333333
105.37249727360725,212.82051282051282,e-SAF combustion (propeller),1.0
123.28467394420659,212.82051282051282,e-SAF combustion (propeller),1.0
144.24172552410664,212.82051282051282,e-SAF combustion (propeller),1.0
168.7612475788147,212.82051282051282,e-SAF combustion (propeller),1.0
197.44882128159367,212.82051282051282,e-SAF combustion (propeller),1.0
231.0129700083158,212.82051282051282,e-SAF combustion (propeller),1.0
270.28265839051625,212.82051282051282,e-SAF combustion (propeller),0.9973333333333333
316.22776601683796,212.82051282051282,e-SAF combustion (propeller),0.996
369.9830414406966,212.82051282051282,e-SAF combustion (propeller),0.9926666666666667
432.8761281083057,212.82051282051282,e-SAF combustion (propeller),0.9806666666666667
506.4603543891704,212.82051282051282,e-SAF combustion (propeller),0.9693333333333334
592.5530975545674,212.82051282051282,e-SAF combustion (propeller),0.9493333333333334
693.2806692144524,212.82051282051282,e-SAF combustion (propeller),0.9133333333333333
811.1308307896873,212.82051282051282,e-SAF combustion (propeller),0.884
949.0142360424725,212.82051282051282,e-SAF combustion (propeller),0.8426666666666667
1110.336318167638,212.82051282051282,e-SAF combustion (propeller),0.806
1299.0813969063468,212.82051282051282,e-SAF combustion (propeller),0.7613333333333333
1519.9110829529332,212.82051282051282,e-SAF combustion (propeller),0.716
1778.2794100389228,212.82051282051282,e-SAF combustion (propeller),0.6693333333333333
2080.5675382171694,212.82051282051282,e-SAF combustion (propeller),0.6046666666666667
2434.2413552369194,212.82051282051282,e-SAF combustion (propeller),0.5286666666666666
2848.035868435799,212.82051282051282,e-SAF combustion (propeller),0.44866666666666666
3332.1709412448167,212.82051282051282,e-SAF combustion (propeller),0.3466666666666667
3898.603702549072,212.82051282051282,e-SAF combustion (propeller),0.256
4561.323862890211,212.82051282051282,e-SAF combustion (propeller),0.17466666666666666
5336.699231206308,212.82051282051282,e-SAF combustion (propeller),0.11533333333333333
6243.879965653626,212.82051282051282,e-SAF combustion (propeller),0.066
7305.271542664449,212.82051282051282,e-SAF combustion (propeller),0.03933333333333333
8547.08812559251,212.82051282051282,e-SAF combustion (propeller),0.02
10000.0,212.82051282051282,e-SAF combustion (propeller),0.007333333333333333
10.0,221.02564102564102,e-SAF combustion (propeller),1.0
11.69989106589066,221.02564102564102,e-SAF combustion (propeller),1.0
13.688745095370805,221.02564102564102,e-SAF combustion (propeller),1.0
16.015682644458355,221.02564102564102,e-SAF combustion (propeller),1.0
18.73817422860384,221.02564102564102,e-SAF combustion (propeller),1.0
21.923459724834466,221.02564102564102,e-SAF combustion (propeller),1.0
25.650209056800456,221.02564102564102,e-SAF combustion (propeller),1.0
30.010465178188735,221.02564102564102,e-SAF combustion (propeller),1.0
35.11191734215131,221.02564102564102,e-SAF combustion (propeller),1.0
41.08056080177274,221.02564102564102,e-SAF combustion (propeller),1.0
48.06380863064389,221.02564102564102,e-SAF combustion (propeller),1.0
56.23413251903491,221.02564102564102,e-SAF combustion (propeller),0.9993333333333333
65.79332246575679,221.02564102564102,e-SAF combustion (propeller),0.9993333333333333
76.9774705712371,221.02564102564102,e-SAF combustion (propeller),0.9986666666666667
90.06280202112787,221.02564102564102,e-SAF combustion (propeller),0.9986666666666667
105.37249727360725,221.02564102564102,e-SAF combustion (propeller),1.0
123.28467394420659,221.02564102564102,e-SAF combustion (propeller),1.0
144.24172552410664,221.02564102564102,e-SAF combustion (propeller),1.0
168.7612475788147,221.02564102564102,e-SAF combustion (propeller),1.0
197.44882128159367,221.02564102564102,e-SAF combustion (propeller),1.0
231.0129700083158,221.02564102564102,e-SAF combustion (propeller),0.9986666666666667
270.28265839051625,221.02564102564102,e-SAF combustion (propeller),0.996
316.22776601683796,221.02564102564102,e-SAF combustion (propeller),0.9933333333333333
369.9830414406966,221.02564102564102,e-SAF combustion (propeller),0.9806666666666667
432.8761281083057,221.02564102564102,e-SAF combustion (propeller),0.9686666666666667
506.4603543891704,221.02564102564102,e-SAF combustion (propeller),0.9413333333333334
592.5530975545674,221.02564102564102,e-SAF combustion (propeller),0.8973333333333333
693.2806692144524,221.02564102564102,e-SAF combustion (propeller),0.8533333333333334
811.1308307896873,221.02564102564102,e-SAF combustion (propeller),0.8006666666666666
949.0142360424725,221.02564102564102,e-SAF combustion (propeller),0.7466666666666667
1110.336318167638,221.02564102564102,e-SAF combustion (propeller),0.6933333333333334
1299.0813969063468,221.02564102564102,e-SAF combustion (propeller),0.6453333333333333
1519.9110829529332,221.02564102564102,e-SAF combustion (propeller),0.582
1778.2794100389228,221.02564102564102,e-SAF combustion (propeller),0.522
2080.5675382171694,221.02564102564102,e-SAF combustion (propeller),0.446
2434.2413552369194,221.02564102564102,e-SAF combustion (propeller),0.35
2848.035868435799,221.02564102564102,e-SAF combustion (propeller),0.2633333333333333
3332.1709412448167,221.02564102564102,e-SAF combustion (propeller),0.18
3898.603702549072,221.02564102564102,e-SAF combustion (propeller),0.11266666666666666
4561.323862890211,221.02564102564102,e-SAF combustion (propeller),0.06466666666666666
5336.699231206308,221.02564102564102,e-SAF combustion (propeller),0.03133333333333333
6243.879965653626,221.02564102564102,e-SAF combustion (propeller),0.010666666666666666
7305.271542664449,221.02564102564102,e-SAF combustion (propeller),0.0026666666666666666
8547.08812559251,221.02564102564102,e-SAF combustion (propeller),0.0
10000.0,221.02564102564102,e-SAF combustion (propeller),0.0
10.0,229.23076923076923,e-SAF combustion (propeller),1.0
11.69989106589066,229.23076923076923,e-SAF combustion (propeller),1.0
13.688745095370805,229.23076923076923,e-SAF combustion (propeller),1.0
16.015682644458355,229.23076923076923,e-SAF combustion (propeller),1.0
18.73817422860384,229.23076923076923,e-SAF combustion (propeller),1.0
21.923459724834466,229.23076923076923,e-SAF combustion (propeller),1.0
25.650209056800456,229.23076923076923,e-SAF combustion (propeller),1.0
30.010465178188735,229.23076923076923,e-SAF combustion (propeller),0.9993333333333333
35.11191734215131,229.23076923076923,e-SAF combustion (propeller),0.9993333333333333
41.08056080177274,229.23076923076923,e-SAF combustion (propeller),0.9993333333333333
48.06380863064389,229.23076923076923,e-SAF combustion (propeller),0.9986666666666667
56.23413251903491,229.23076923076923,e-SAF combustion (propeller),0.9986666666666667
65.79332246575679,229.23076923076923,e-SAF combustion (propeller),0.9986666666666667
76.9774705712371,229.23076923076923,e-SAF combustion (propeller),0.996
90.06280202112787,229.23076923076923,e-SAF combustion (propeller),0.996
105.37249727360725,229.23076923076923,e-SAF combustion (propeller),0.9993333333333333
123.28467394420659,229.23076923076923,e-SAF combustion (propeller),1.0
144.24172552410664,229.23076923076923,e-SAF combustion (propeller),1.0
168.7612475788147,229.23076923076923,e-SAF combustion (propeller),1.0
197.44882128159367,229.23076923076923,e-SAF combustion (propeller),0.9993333333333333
231.0129700083158,229.23076923076923,e-SAF combustion (propeller),0.9966666666666667
270.28265839051625,229.23076923076923,e-SAF combustion (propeller),0.994
316.22776601683796,229.23076923076923,e-SAF combustion (propeller),0.984
369.9830414406966,229.23076923076923,e-SAF combustion (propeller),0.97
432.8761281083057,229.23076923076923,e-SAF combustion (propeller),0.9426666666666667
506.4603543891704,229.23076923076923,e-SAF combustion (propeller),0.888
592.5530975545674,229.23076923076923,e-SAF combustion (propeller),0.8326666666666667
693.2806692144524,229.23076923076923,e-SAF combustion (propeller),0.7626666666666667
811.1308307896873,229.23076923076923,e-SAF combustion (propeller),0.698
949.0142360424725,229.23076923076923,e-SAF combustion (propeller),0.628
1110.336318167638,229.23076923076923,e-SAF combustion (propeller),0.558
1299.0813969063468,229.23076923076923,e-SAF combustion (propeller),0.494
1519.9110829529332,229.23076923076923,e-SAF combustion (propeller),0.4126666666666667
1778.2794100389228,229.23076923076923,e-SAF combustion (propeller),0.338
2080.5675382171694,229.23076923076923,e-SAF combustion (propeller),0.26266666666666666
2434.2413552369194,229.23076923076923,e-SAF combustion (propeller),0.18533333333333332
2848.035868435799,229.23076923076923,e-SAF combustion (propeller),0.12066666666666667
3332.1709412448167,229.23076923076923,e-SAF combustion (propeller),0.06733333333333333
3898.603702549072,229.23076923076923,e-SAF combustion (propeller),0.03
4561.323862890211,229.23076923076923,e-SAF combustion (propeller),0.007333333333333333
5336.699231206308,229.23076923076923,e-SAF combustion (propeller),0.0026666666666666666
6243.879965653626,229.23076923076923,e-SAF combustion (propeller),0.0
7305.271542664449,229.23076923076923,e-SAF combustion (propeller),0.0
8547.08812559251,229.23076923076923,e-SAF combustion (propeller),0.0
10000.0,229.23076923076923,e-SAF combustion (propeller),0.0
10.0,237.43589743589743,e-SAF combustion (propeller),1.0
11.69989106589066,237.43589743589743,e-SAF combustion (propeller),1.0
13.688745095370805,237.43589743589743,e-SAF combustion (propeller),1.0
16.015682644458355,237.43589743589743,e-SAF combustion (propeller),1.0
18.73817422860384,237.43589743589743,e-SAF combustion (propeller),0.9993333333333333
21.923459724834466,237.43589743589743,e-SAF combustion (propeller),0.9993333333333333
25.650209056800456,237.43589743589743,e-SAF combustion (propeller),0.9993333333333333
30.010465178188735,237.43589743589743,e-SAF combustion (propeller),0.9986666666666667
35.11191734215131,237.43589743589743,e-SAF combustion (propeller),0.9986666666666667
41.08056080177274,237.43589743589743,e-SAF combustion (propeller),0.9986666666666667
48.06380863064389,237.43589743589743,e-SAF combustion (propeller),0.9973333333333333
56.23413251903491,237.43589743589743,e-SAF combustion (propeller),0.996
65.79332246575679,237.43589743589743,e-SAF combustion (propeller),0.9953333333333333
76.9774705712371,237.43589743589743,e-SAF combustion (propeller),0.994
90.06280202112787,237.43589743589743,e-SAF combustion (propeller),0.992
105.37249727360725,237.43589743589743,e-SAF combustion (propeller),0.9953333333333333
123.28467394420659,237.43589743589743,e-SAF combustion (propeller),1.0
144.24172552410664,237.43589743589743,e-SAF combustion (propeller),1.0
168.7612475788147,237.43589743589743,e-SAF combustion (propeller),1.0
197.44882128159367,237.43589743589743,e-SAF combustion (propeller),0.9986666666666667
231.0129700083158,237.43589743589743,e-SAF combustion (propeller),0.9953333333333333
270.28265839051625,237.43589743589743,e-SAF combustion (propeller),0.9886666666666667
316.22776601683796,237.43589743589743,e-SAF combustion (propeller),0.976
369.9830414406966,237.43589743589743,e-SAF combustion (propeller),0.944
432.8761281083057,237.43589743589743,e-SAF combustion (propeller),0.8846666666666667
506.4603543891704,237.43589743589743,e-SAF combustion (propeller),0.816
592.5530975545674,237.43589743589743,e-SAF combustion (propeller),0.738
693.2806692144524,237.43589743589743,e-SAF combustion (propeller),0.644
811.1308307896873,237.43589743589743,e-SAF combustion (propeller),0.56
949.0142360424725,237.43589743589743,e-SAF combustion (propeller),0.4686666666666667
1110.336318167638,237.43589743589743,e-SAF combustion (propeller),0.39
1299.0813969063468,237.43589743589743,e-SAF combustion (propeller),0.302
1519.9110829529332,237.43589743589743,e-SAF combustion (propeller),0.23
1778.2794100389228,237.43589743589743,e-SAF combustion (propeller),0.176
2080.5675382171694,237.43589743589743,e-SAF combustion (propeller),0.116
2434.2413552369194,237.43589743589743,e-SAF combustion (propeller),0.07533333333333334
2848.035868435799,237.43589743589743,e-SAF combustion (propeller),0.034
3332.1709412448167,237.43589743589743,e-SAF combustion (propeller),0.01
3898.603702549072,237.43589743589743,e-SAF combustion (propeller),0.0026666666666666666
4561.323862890211,237.43589743589743,e-SAF combustion (propeller),0.0
5336.699231206308,237.43589743589743,e-SAF combustion (propeller),0.0
6243.879965653626,237.43589743589743,e-SAF combustion (propeller),0.0
7305.271542664449,237.43589743589743,e-SAF combustion (propeller),0.0
8547.08812559251,237.43589743589743,e-SAF combustion (propeller),0.0
10000.0,237.43589743589743,e-SAF combustion (propeller),0.0
10.0,245.64102564102564,e-SAF combustion (propeller),1.0
11.69989106589066,245.64102564102564,e-SAF combustion (propeller),1.0
13.688745095370805,245.64102564102564,e-SAF combustion (propeller),0.9993333333333333
16.015682644458355,245.64102564102564,e-SAF combustion (propeller),0.9993333333333333
18.73817422860384,245.64102564102564,e-SAF combustion (propeller),0.9993333333333333
21.923459724834466,245.64102564102564,e-SAF combustion (propeller),0.9986666666666667
25.650209056800456,245.64102564102564,e-SAF combustion (propeller),0.9986666666666667
30.010465178188735,245.64102564102564,e-SAF combustion (propeller),0.998
35.11191734215131,245.64102564102564,e-SAF combustion (propeller),0.9966666666666667
41.08056080177274,245.64102564102564,e-SAF combustion (propeller),0.996
48.06380863064389,245.64102564102564,e-SAF combustion (propeller),0.9946666666666667
56.23413251903491,245.64102564102564,e-SAF combustion (propeller),0.994
65.79332246575679,245.64102564102564,e-SAF combustion (propeller),0.9913333333333333
76.9774705712371,245.64102564102564,e-SAF combustion (propeller),0.988
90.06280202112787,245.64102564102564,e-SAF combustion (propeller),0.9846666666666667
105.37249727360725,245.64102564102564,e-SAF combustion (propeller),0.9866666666666667
123.28467394420659,245.64102564102564,e-SAF combustion (propeller),0.9986666666666667
144.24172552410664,245.64102564102564,e-SAF combustion (propeller),1.0
168.7612475788147,245.64102564102564,e-SAF combustion (propeller),0.9993333333333333
197.44882128159367,245.64102564102564,e-SAF combustion (propeller),0.9966666666666667
231.0129700083158,245.64102564102564,e-SAF combustion (propeller),0.992
270.28265839051625,245.64102564102564,e-SAF combustion (propeller),0.9786666666666667
316.22776601683796,245.64102564102564,e-SAF combustion (propeller),0.952
369.9830414406966,245.64102564102564,e-SAF combustion (propeller),0.8906666666666667
432.8761281083057,245.64102564102564,e-SAF combustion (propeller),0.816
506.4603543891704,245.64102564102564,e-SAF combustion (propeller),0.7253333333333334
592.5530975545674,245.64102564102564,e-SAF combustion (propeller),0.616
693.2806692144524,245.64102564102564,e-SAF combustion (propeller),0.5086666666666667
811.1308307896873,245.64102564102564,e-SAF combustion (propeller),0.4066666666666667
949.0142360424725,245.64102564102564,e-SAF combustion (propeller),0.306
1110.336318167638,245.64102564102564,e-SAF combustion (propeller),0.21333333333333335
1299.0813969063468,245.64102564102564,e-SAF combustion (propeller),0.164
1519.9110829529332,245.64102564102564,e-SAF combustion (propeller),0.11066666666666666
1778.2794100389228,245.64102564102564,e-SAF combustion (propeller),0.07133333333333333
2080.5675382171694,245.64102564102564,e-SAF combustion (propeller),0.036
2434.2413552369194,245.64102564102564,e-SAF combustion (propeller),0.014
2848.035868435799,245.64102564102564,e-SAF combustion (propeller),0.0033333333333333335
3332.1709412448167,245.64102564102564,e-SAF combustion (propeller),0.0
3898.603702549072,245.64102564102564,e-SAF combustion (propeller),0.0
4561.323862890211,245.64102564102564,e-SAF combustion (propeller),0.0
5336.699231206308,245.64102564102564,e-SAF combustion (propeller),0.0
6243.879965653626,245.64102564102564,e-SAF combustion (propeller),0.0
7305.271542664449,245.64102564102564,e-SAF combustion (propeller),0.0
8547.08812559251,245.64102564102564,e-SAF combustion (propeller),0.0
10000.0,245.64102564102564,e-SAF combustion (propeller),0.0
10.0,253.84615384615384,e-SAF combustion (propeller),0.9993333333333333
11.69989106589066,253.84615384615384,e-SAF combustion (propeller),0.9993333333333333
13.688745095370805,253.84615384615384,e-SAF combustion (propeller),0.9993333333333333
16.015682644458355,253.84615384615384,e-SAF combustion (propeller),0.9986666666666667
18.73817422860384,253.84615384615384,e-SAF combustion (propeller),0.998
21.923459724834466,253.84615384615384,e-SAF combustion (propeller),0.998
25.650209056800456,253.84615384615384,e-SAF combustion (propeller),0.996
30.010465178188735,253.84615384615384,e-SAF combustion (propeller),0.9953333333333333
35.11191734215131,253.84615384615384,e-SAF combustion (propeller),0.994
41.08056080177274,253.84615384615384,e-SAF combustion (propeller),0.992
48.06380863064389,253.84615384615384,e-SAF combustion (propeller),0.99
56.23413251903491,253.84615384615384,e-SAF combustion (propeller),0.9873333333333333
65.79332246575679,253.84615384615384,e-SAF combustion (propeller),0.9833333333333333
76.9774705712371,253.84615384615384,e-SAF combustion (propeller),0.9806666666666667
90.06280202112787,253.84615384615384,e-SAF combustion (propeller),0.9726666666666667
105.37249727360725,253.84615384615384,e-SAF combustion (propeller),0.9573333333333334
123.28467394420659,253.84615384615384,e-SAF combustion (propeller),0.9933333333333333
144.24172552410664,253.84615384615384,e-SAF combustion (propeller),0.9993333333333333
168.7612475788147,253.84615384615384,e-SAF combustion (propeller),0.998
197.44882128159367,253.84615384615384,e-SAF combustion (propeller),0.9933333333333333
231.0129700083158,253.84615384615384,e-SAF combustion (propeller),0.984
270.28265839051625,253.84615384615384,e-SAF combustion (propeller),0.9633333333333334
316.22776601683796,253.84615384615384,e-SAF combustion (propeller),0.9113333333333333
369.9830414406966,253.84615384615384,e-SAF combustion (propeller),0.83
432.8761281083057,253.84615384615384,e-SAF combustion (propeller),0.7273333333333334
506.4603543891704,253.84615384615384,e-SAF combustion (propeller),0.604
592.5530975545674,253.84615384615384,e-SAF combustion (propeller),0.4693333333333333
693.2806692144524,253.84615384615384,e-SAF combustion (propeller),0.34933333333333333
811.1308307896873,253.84615384615384,e-SAF combustion (propeller),0.24666666666666667
949.0142360424725,253.84615384615384,e-SAF combustion (propeller),0.16533333333333333
1110.336318167638,253.84615384615384,e-SAF combustion (propeller),0.10933333333333334
1299.0813969063468,253.84615384615384,e-SAF combustion (propeller),0.06666666666666667
1519.9110829529332,253.84615384615384,e-SAF combustion (propeller),0.03333333333333333
1778.2794100389228,253.84615384615384,e-SAF combustion (propeller),0.014
2080.5675382171694,253.84615384615384,e-SAF combustion (propeller),0.004666666666666667
2434.2413552369194,253.84615384615384,e-SAF combustion (propeller),0.0006666666666666666
2848.035868435799,253.84615384615384,e-SAF combustion (propeller),0.0
3332.1709412448167,253.84615384615384,e-SAF combustion (propeller),0.0
3898.603702549072,253.84615384615384,e-SAF combustion (propeller),0.0
4561.323862890211,253.84615384615384,e-SAF combustion (propeller),0.0
5336.699231206308,253.84615384615384,e-SAF combustion (propeller),0.0
6243.879965653626,253.84615384615384,e-SAF combustion (propeller),0.0
7305.271542664449,253.84615384615384,e-SAF combustion (propeller),0.0
8547.08812559251,253.84615384615384,e-SAF combustion (propeller),0.0
10000.0,253.84615384615384,e-SAF combustion (propeller),0.0
10.0,262.05128205128204,e-SAF combustion (propeller),0.9993333333333333
11.69989106589066,262.05128205128204,e-SAF combustion (propeller),0.9986666666666667
13.688745095370805,262.05128205128204,e-SAF combustion (propeller),0.998
16.015682644458355,262.05128205128204,e-SAF combustion (propeller),0.998
18.73817422860384,262.05128205128204,e-SAF combustion (propeller),0.996
21.923459724834466,262.05128205128204,e-SAF combustion (propeller),0.9946666666666667
25.650209056800456,262.05128205128204,e-SAF combustion (propeller),0.992
30.010465178188735,262.05128205128204,e-SAF combustion (propeller),0.9913333333333333
35.11191734215131,262.05128205128204,e-SAF combustion (propeller),0.9886666666666667
41.08056080177274,262.05128205128204,e-SAF combustion (propeller),0.9866666666666667
48.06380863064389,262.05128205128204,e-SAF combustion (propeller),0.9813333333333333
56.23413251903491,262.05128205128204,e-SAF combustion (propeller),0.9786666666666667
65.79332246575679,262.05128205128204,e-SAF combustion (propeller),0.9726666666666667
76.9774705712371,262.05128205128204,e-SAF combustion (propeller),0.9593333333333334
90.06280202112787,262.05128205128204,e-SAF combustion (propeller),0.9426666666666667
105.37249727360725,262.05128205128204,e-SAF combustion (propeller),0.9186666666666666
123.28467394420659,262.05128205128204,e-SAF combustion (propeller),0.9813333333333333
144.24172552410664,262.05128205128204,e-SAF combustion (propeller),0.998
168.7612475788147,262.05128205128204,e-SAF combustion (propeller),0.9966666666666667
197.44882128159367,262.05128205128204,e-SAF combustion (propeller),0.99
231.0129700083158,262.05128205128204,e-SAF combustion (propeller),0.9726666666666667
270.28265839051625,262.05128205128204,e-SAF combustion (propeller),0.926
316.22776601683796,262.05128205128204,e-SAF combustion (propeller),0.8466666666666667
369.9830414406966,262.05128205128204,e-SAF combustion (propeller),0.736
432.8761281083057,262.05128205128204,e-SAF combustion (propeller),0.614
506.4603543891704,262.05128205128204,e-SAF combustion (propeller),0.456
592.5530975545674,262.05128205128204,e-SAF combustion (propeller),0.32466666666666666
693.2806692144524,262.05128205128204,e-SAF combustion (propeller),0.216
811.1308307896873,262.05128205128204,e-SAF combustion (propeller),0.136
949.0142360424725,262.05128205128204,e-SAF combustion (propeller),0.08
1110.336318167638,262.05128205128204,e-SAF combustion (propeller),0.03666666666666667
1299.0813969063468,262.05128205128204,e-SAF combustion (propeller),0.016
1519.9110829529332,262.05128205128204,e-SAF combustion (propeller),0.006
1778.2794100389228,262.05128205128204,e-SAF combustion (propeller),0.0006666666666666666
2080.5675382171694,262.05128205128204,e-SAF combustion (propeller),0.0
2434.2413552369194,262.05128205128204,e-SAF combustion (propeller),0.0
2848.035868435799,262.05128205128204,e-SAF combustion (propeller),0.0
3332.1709412448167,262.05128205128204,e-SAF combustion (propeller),0.0
3898.603702549072,262.05128205128204,e-SAF combustion (propeller),0.0
4561.323862890211,262.05128205128204,e-SAF combustion (propeller),0.0
5336.699231206308,262.05128205128204,e-SAF combustion (propeller),0.0
6243.879965653626,262.05128205128204,e-SAF combustion (propeller),0.0
7305.271542664449,262.05128205128204,e-SAF combustion (propeller),0.0
8547.08812559251,262.05128205128204,e-SAF combustion (propeller),0.0
10000.0,262.05128205128204,e-SAF combustion (propeller),0.0
10.0,270.2564102564103,e-SAF combustion (propeller),0.998
11.69989106589066,270.2564102564103,e-SAF combustion (propeller),0.998
13.688745095370805,270.2564102564103,e-SAF combustion (propeller),0.9966666666666667
16.015682644458355,270.2564102564103,e-SAF combustion (propeller),0.9946666666666667
18.73817422860384,270.2564102564103,e-SAF combustion (propeller),0.992
21.923459724834466,270.2564102564103,e-SAF combustion (propeller),0.99
25.650209056800456,270.2564102564103,e-SAF combustion (propeller),0.9873333333333333
30.010465178188735,270.2564102564103,e-SAF combustion (propeller),0.9833333333333333
35.11191734215131,270.2564102564103,e-SAF combustion (propeller),0.9813333333333333
41.08056080177274,270.2564102564103,e-SAF combustion (propeller),0.9773333333333334
48.06380863064389,270.2564102564103,e-SAF combustion (propeller),0.9686666666666667
56.23413251903491,270.2564102564103,e-SAF combustion (propeller),0.9566666666666667
65.79332246575679,270.2564102564103,e-SAF combustion (propeller),0.9433333333333334
76.9774705712371,270.2564102564103,e-SAF combustion (propeller),0.9213333333333333
90.06280202112787,270.2564102564103,e-SAF combustion (propeller),0.9026666666666666
105.37249727360725,270.2564102564103,e-SAF combustion (propeller),0.8666666666666667
123.28467394420659,270.2564102564103,e-SAF combustion (propeller),0.938
144.24172552410664,270.2564102564103,e-SAF combustion (propeller),0.99
168.7612475788147,270.2564102564103,e-SAF combustion (propeller),0.9926666666666667
197.44882128159367,270.2564102564103,e-SAF combustion (propeller),0.9806666666666667
231.0129700083158,270.2564102564103,e-SAF combustion (propeller),0.948
270.28265839051625,270.2564102564103,e-SAF combustion (propeller),0.8786666666666667
316.22776601683796,270.2564102564103,e-SAF combustion (propeller),0.768
369.9830414406966,270.2564102564103,e-SAF combustion (propeller),0.6326666666666667
432.8761281083057,270.2564102564103,e-SAF combustion (propeller),0.4666666666666667
506.4603543891704,270.2564102564103,e-SAF combustion (propeller),0.3293333333333333
592.5530975545674,270.2564102564103,e-SAF combustion (propeller),0.20533333333333334
693.2806692144524,270.2564102564103,e-SAF combustion (propeller),0.11733333333333333
811.1308307896873,270.2564102564103,e-SAF combustion (propeller),0.056
949.0142360424725,270.2564102564103,e-SAF combustion (propeller),0.022
1110.336318167638,270.2564102564103,e-SAF combustion (propeller),0.008666666666666666
1299.0813969063468,270.2564102564103,e-SAF combustion (propeller),0.0026666666666666666
1519.9110829529332,270.2564102564103,e-SAF combustion (propeller),0.0
1778.2794100389228,270.2564102564103,e-SAF combustion (propeller),0.0
2080.5675382171694,270.2564102564103,e-SAF combustion (propeller),0.0
2434.2413552369194,270.2564102564103,e-SAF combustion (propeller),0.0
2848.035868435799,270.2564102564103,e-SAF combustion (propeller),0.0
3332.1709412448167,270.2564102564103,e-SAF combustion (propeller),0.0
3898.603702549072,270.2564102564103,e-SAF combustion (propeller),0.0
4561.323862890211,270.2564102564103,e-SAF combustion (propeller),0.0
5336.699231206308,270.2564102564103,e-SAF combustion (propeller),0.0
6243.879965653626,270.2564102564103,e-SAF combustion (propeller),0.0
7305.271542664449,270.2564102564103,e-SAF combustion (propeller),0.0
8547.08812559251,270.2564102564103,e-SAF combustion (propeller),0.0
10000.0,270.2564102564103,e-SAF combustion (propeller),0.0
10.0,278.46153846153845,e-SAF combustion (propeller),0.998
11.69989106589066,278.46153846153845,e-SAF combustion (propeller),0.996
13.688745095370805,278.46153846153845,e-SAF combustion (propeller),0.992
16.015682644458355,278.46153846153845,e-SAF combustion (propeller),0.99
18.73817422860384,278.46153846153845,e-SAF combustion (propeller),0.9893333333333333
21.923459724834466,278.46153846153845,e-SAF combustion (propeller),0.9833333333333333
25.650209056800456,278.46153846153845,e-SAF combustion (propeller),0.9793333333333333
30.010465178188735,278.46153846153845,e-SAF combustion (propeller),0.9753333333333334
35.11191734215131,278.46153846153845,e-SAF combustion (propeller),0.9673333333333334
41.08056080177274,278.46153846153845,e-SAF combustion (propeller),0.9553333333333334
48.06380863064389,278.46153846153845,e-SAF combustion (propeller),0.9373333333333334
56.23413251903491,278.46153846153845,e-SAF combustion (propeller),0.9206666666666666
65.79332246575679,278.46153846153845,e-SAF combustion (propeller),0.9066666666666666
76.9774705712371,278.46153846153845,e-SAF combustion (propeller),0.8793333333333333
90.06280202112787,278.46153846153845,e-SAF combustion (propeller),0.8353333333333334
105.37249727360725,278.46153846153845,e-SAF combustion (propeller),0.7866666666666666
123.28467394420659,278.46153846153845,e-SAF combustion (propeller),0.8426666666666667
144.24172552410664,278.46153846153845,e-SAF combustion (propeller),0.9653333333333334
168.7612475788147,278.46153846153845,e-SAF combustion (propeller),0.9846666666666667
197.44882128159367,278.46153846153845,e-SAF combustion (propeller),0.958
231.0129700083158,278.46153846153845,e-SAF combustion (propeller),0.8953333333333333
270.28265839051625,278.46153846153845,e-SAF combustion (propeller),0.7993333333333333
316.22776601683796,278.46153846153845,e-SAF combustion (propeller),0.6573333333333333
369.9830414406966,278.46153846153845,e-SAF combustion (propeller),0.4846666666666667
432.8761281083057,278.46153846153845,e-SAF combustion (propeller),0.34
506.4603543891704,278.46153846153845,e-SAF combustion (propeller),0.202
592.5530975545674,278.46153846153845,e-SAF combustion (propeller),0.112
693.2806692144524,278.46153846153845,e-SAF combustion (propeller),0.04666666666666667
811.1308307896873,278.46153846153845,e-SAF combustion (propeller),0.016666666666666666
949.0142360424725,278.46153846153845,e-SAF combustion (propeller),0.006
1110.336318167638,278.46153846153845,e-SAF combustion (propeller),0.0
1299.0813969063468,278.46153846153845,e-SAF combustion (propeller),0.0
1519.9110829529332,278.46153846153845,e-SAF combustion (propeller),0.0
1778.2794100389228,278.46153846153845,e-SAF combustion (propeller),0.0
2080.5675382171694,278.46153846153845,e-SAF combustion (propeller),0.0
2434.2413552369194,278.46153846153845,e-SAF combustion (propeller),0.0
2848.035868435799,278.46153846153845,e-SAF combustion (propeller),0.0
3332.1709412448167,278.46153846153845,e-SAF combustion (propeller),0.0
3898.603702549072,278.46153846153845,e-SAF combustion (propeller),0.0
4561.323862890211,278.46153846153845,e-SAF combustion (propeller),0.0
5336.699231206308,278.46153846153845,e-SAF combustion (propeller),0.0
6243.879965653626,278.46153846153845,e-SAF combustion (propeller),0.0
7305.271542664449,278.46153846153845,e-SAF combustion (propeller),0.0
8547.08812559251,278.46153846153845,e-SAF combustion (propeller),0.0
10000.0,278.46153846153845,e-SAF combustion (propeller),0.0
10.0,286.66666666666663,e-SAF combustion (propeller),0.9953333333333333
11.69989106589066,286.66666666666663,e-SAF combustion (propeller),0.9913333333333333
13.688745095370805,286.66666666666663,e-SAF combustion (propeller),0.99
16.015682644458355,286.66666666666663,e-SAF combustion (propeller),0.9853333333333333
18.73817422860384,286.66666666666663,e-SAF combustion (propeller),0.9806666666666667
21.923459724834466,286.66666666666663,e-SAF combustion (propeller),0.9746666666666667
25.650209056800456,286.66666666666663,e-SAF combustion (propeller),0.9666666666666667
30.010465178188735,286.66666666666663,e-SAF combustion (propeller),0.956
35.11191734215131,286.66666666666663,e-SAF combustion (propeller),0.936
41.08056080177274,286.66666666666663,e-SAF combustion (propeller),0.9186666666666666
48.06380863064389,286.66666666666663,e-SAF combustion (propeller),0.9046666666666666
56.23413251903491,286.66666666666663,e-SAF combustion (propeller),0.88
65.79332246575679,286.66666666666663,e-SAF combustion (propeller),0.84
76.9774705712371,286.66666666666663,e-SAF combustion (propeller),0.8006666666666666
90.06280202112787,286.66666666666663,e-SAF combustion (propeller),0.74
105.37249727360725,286.66666666666663,e-SAF combustion (propeller),0.658
123.28467394420659,286.66666666666663,e-SAF combustion (propeller),0.6346666666666667
144.24172552410664,286.66666666666663,e-SAF combustion (propeller),0.8393333333333334
168.7612475788147,286.66666666666663,e-SAF combustion (propeller),0.9133333333333333
197.44882128159367,286.66666666666663,e-SAF combustion (propeller),0.8626666666666667
231.0129700083158,286.66666666666663,e-SAF combustion (propeller),0.7773333333333333
270.28265839051625,286.66666666666663,e-SAF combustion (propeller),0.6473333333333333
316.22776601683796,286.66666666666663,e-SAF combustion (propeller),0.48333333333333334
369.9830414406966,286.66666666666663,e-SAF combustion (propeller),0.32666666666666666
432.8761281083057,286.66666666666663,e-SAF combustion (propeller),0.192
506.4603543891704,286.66666666666663,e-SAF combustion (propeller),0.10733333333333334
592.5530975545674,286.66666666666663,e-SAF combustion (propeller),0.04466666666666667
693.2806692144524,286.66666666666663,e-SAF combustion (propeller),0.013333333333333334
811.1308307896873,286.66666666666663,e-SAF combustion (propeller),0.004
949.0142360424725,286.66666666666663,e-SAF combustion (propeller),0.0
1110.336318167638,286.66666666666663,e-SAF combustion (propeller),0.0
1299.0813969063468,286.66666666666663,e-SAF combustion (propeller),0.0
1519.9110829529332,286.66666666666663,e-SAF combustion (propeller),0.0
1778.2794100389228,286.66666666666663,e-SAF combustion (propeller),0.0
2080.5675382171694,286.66666666666663,e-SAF combustion (propeller),0.0
2434.2413552369194,286.66666666666663,e-SAF combustion (propeller),0.0
2848.035868435799,286.66666666666663,e-SAF combustion (propeller),0.0
3332.1709412448167,286.66666666666663,e-SAF combustion (propeller),0.0
3898.603702549072,286.66666666666663,e-SAF combustion (propeller),0.0
4561.323862890211,286.66666666666663,e-SAF combustion (propeller),0.0
5336.699231206308,286.66666666666663,e-SAF combustion (propeller),0.0
6243.879965653626,286.66666666666663,e-SAF combustion (propeller),0.0
7305.271542664449,286.66666666666663,e-SAF combustion (propeller),0.0
8547.08812559251,286.66666666666663,e-SAF combustion (propeller),0.0
10000.0,286.66666666666663,e-SAF combustion (propeller),0.0
10.0,294.87179487179486,e-SAF combustion (propeller),0.99
11.69989106589066,294.87179487179486,e-SAF combustion (propeller),0.9873333333333333
13.688745095370805,294.87179487179486,e-SAF combustion (propeller),0.9813333333333333
16.015682644458355,294.87179487179486,e-SAF combustion (propeller),0.976
18.73817422860384,294.87179487179486,e-SAF combustion (propeller),0.9706666666666667
21.923459724834466,294.87179487179486,e-SAF combustion (propeller),0.9593333333333334
25.650209056800456,294.87179487179486,e-SAF combustion (propeller),0.9386666666666666
30.010465178188735,294.87179487179486,e-SAF combustion (propeller),0.918
35.11191734215131,294.87179487179486,e-SAF combustion (propeller),0.9
41.08056080177274,294.87179487179486,e-SAF combustion (propeller),0.8733333333333333
48.06380863064389,294.87179487179486,e-SAF combustion (propeller),0.836
56.23413251903491,294.87179487179486,e-SAF combustion (propeller),0.7993333333333333
65.79332246575679,294.87179487179486,e-SAF combustion (propeller),0.7353333333333333
76.9774705712371,294.87179487179486,e-SAF combustion (propeller),0.6746666666666666
90.06280202112787,294.87179487179486,e-SAF combustion (propeller),0.5866666666666667
105.37249727360725,294.87179487179486,e-SAF combustion (propeller),0.494
123.28467394420659,294.87179487179486,e-SAF combustion (propeller),0.4026666666666667
144.24172552410664,294.87179487179486,e-SAF combustion (propeller),0.6606666666666666
168.7612475788147,294.87179487179486,e-SAF combustion (propeller),0.782
197.44882128159367,294.87179487179486,e-SAF combustion (propeller),0.728
231.0129700083158,294.87179487179486,e-SAF combustion (propeller),0.622
270.28265839051625,294.87179487179486,e-SAF combustion (propeller),0.49533333333333335
316.22776601683796,294.87179487179486,e-SAF combustion (propeller),0.33866666666666667
369.9830414406966,294.87179487179486,e-SAF combustion (propeller),0.20533333333333334
432.8761281083057,294.87179487179486,e-SAF combustion (propeller),0.11466666666666667
506.4603543891704,294.87179487179486,e-SAF combustion (propeller),0.05
592.5530975545674,294.87179487179486,e-SAF combustion (propeller),0.014666666666666666
693.2806692144524,294.87179487179486,e-SAF combustion (propeller),0.0033333333333333335
811.1308307896873,294.87179487179486,e-SAF combustion (propeller),0.0
949.0142360424725,294.87179487179486,e-SAF combustion (propeller),0.0
1110.336318167638,294.87179487179486,e-SAF combustion (propeller),0.0
1299.0813969063468,294.87179487179486,e-SAF combustion (propeller),0.0
1519.9110829529332,294.87179487179486,e-SAF combustion (propeller),0.0
1778.2794100389228,294.87179487179486,e-SAF combustion (propeller),0.0
2080.5675382171694,294.87179487179486,e-SAF combustion (propeller),0.0
2434.2413552369194,294.87179487179486,e-SAF combustion (propeller),0.0
2848.035868435799,294.87179487179486,e-SAF combustion (propeller),0.0
3332.1709412448167,294.87179487179486,e-SAF combustion (propeller),0.0
3898.603702549072,294.87179487179486,e-SAF combustion (propeller),0.0
4561.323862890211,294.87179487179486,e-SAF combustion (propeller),0.0
5336.699231206308,294.87179487179486,e-SAF combustion (propeller),0.0
6243.879965653626,294.87179487179486,e-SAF combustion (propeller),0.0
7305.271542664449,294.87179487179486,e-SAF combustion (propeller),0.0
8547.08812559251,294.87179487179486,e-SAF combustion (propeller),0.0
10000.0,294.87179487179486,e-SAF combustion (propeller),0.0
10.0,303.0769230769231,e-SAF combustion (propeller),0.9826666666666667
11.69989106589066,303.0769230769231,e-SAF combustion (propeller),0.9726666666666667
13.688745095370805,303.0769230769231,e-SAF combustion (propeller),0.968
16.015682644458355,303.0769230769231,e-SAF combustion (propeller),0.956
18.73817422860384,303.0769230769231,e-SAF combustion (propeller),0.9353333333333333
21.923459724834466,303.0769230769231,e-SAF combustion (propeller),0.91
25.650209056800456,303.0769230769231,e-SAF combustion (propeller),0.8873333333333333
30.010465178188735,303.0769230769231,e-SAF combustion (propeller),0.8553333333333333
35.11191734215131,303.0769230769231,e-SAF combustion (propeller),0.818
41.08056080177274,303.0769230769231,e-SAF combustion (propeller),0.7693333333333333
48.06380863064389,303.0769230769231,e-SAF combustion (propeller),0.716
56.23413251903491,303.0769230769231,e-SAF combustion (propeller),0.6526666666666666
65.79332246575679,303.0769230769231,e-SAF combustion (propeller),0.5813333333333334
76.9774705712371,303.0769230769231,e-SAF combustion (propeller),0.51
90.06280202112787,303.0769230769231,e-SAF combustion (propeller),0.43733333333333335
105.37249727360725,303.0769230769231,e-SAF combustion (propeller),0.36
123.28467394420659,303.0769230769231,e-SAF combustion (propeller),0.288
144.24172552410664,303.0769230769231,e-SAF combustion (propeller),0.49933333333333335
168.7612475788147,303.0769230769231,e-SAF combustion (propeller),0.6686666666666666
197.44882128159367,303.0769230769231,e-SAF combustion (propeller),0.64
231.0129700083158,303.0769230769231,e-SAF combustion (propeller),0.5213333333333333
270.28265839051625,303.0769230769231,e-SAF combustion (propeller),0.36466666666666664
316.22776601683796,303.0769230769231,e-SAF combustion (propeller),0.232
369.9830414406966,303.0769230769231,e-SAF combustion (propeller),0.13066666666666665
432.8761281083057,303.0769230769231,e-SAF combustion (propeller),0.058
506.4603543891704,303.0769230769231,e-SAF combustion (propeller),0.016
592.5530975545674,303.0769230769231,e-SAF combustion (propeller),0.0026666666666666666
693.2806692144524,303.0769230769231,e-SAF combustion (propeller),0.0
811.1308307896873,303.0769230769231,e-SAF combustion (propeller),0.0
949.0142360424725,303.0769230769231,e-SAF combustion (propeller),0.0
1110.336318167638,303.0769230769231,e-SAF combustion (propeller),0.0
1299.0813969063468,303.0769230769231,e-SAF combustion (propeller),0.0
1519.9110829529332,303.0769230769231,e-SAF combustion (propeller),0.0
1778.2794100389228,303.0769230769231,e-SAF combustion (propeller),0.0
2080.5675382171694,303.0769230769231,e-SAF combustion (propeller),0.0
2434.2413552369194,303.0769230769231,e-SAF combustion (propeller),0.0
2848.035868435799,303.0769230769231,e-SAF combustion (propeller),0.0
3332.1709412448167,303.0769230769231,e-SAF combustion (propeller),0.0
3898.603702549072,303.0769230769231,e-SAF combustion (propeller),0.0
4561.323862890211,303.0769230769231,e-SAF combustion (propeller),0.0
5336.699231206308,303.0769230769231,e-SAF combustion (propeller),0.0
6243.879965653626,303.0769230769231,e-SAF combustion (propeller),0.0
7305.271542664449,303.0769230769231,e-SAF combustion (propeller),0.0
8547.08812559251,303.0769230769231,e-SAF combustion (propeller),0.0
10000.0,303.0769230769231,e-SAF combustion (propeller),0.0
10.0,311.28205128205127,e-SAF combustion (propeller),0.9326666666666666
11.69989106589066,311.28205128205127,e-SAF combustion (propeller),0.9193333333333333
13.688745095370805,311.28205128205127,e-SAF combustion (propeller),0.9086666666666666
16.015682644458355,311.28205128205127,e-SAF combustion (propeller),0.876
18.73817422860384,311.28205128205127,e-SAF combustion (propeller),0.844
21.923459724834466,311.28205128205127,e-SAF combustion (propeller),0.812
25.650209056800456,311.28205128205127,e-SAF combustion (propeller),0.774
30.010465178188735,311.28205128205127,e-SAF combustion (propeller),0.7226666666666667
35.11191734215131,311.28205128205127,e-SAF combustion (propeller),0.6693333333333333
41.08056080177274,311.28205128205127,e-SAF combustion (propeller),0.626
48.06380863064389,311.28205128205127,e-SAF combustion (propeller),0.5653333333333334
56.23413251903491,311.28205128205127,e-SAF combustion (propeller),0.5106666666666667
65.79332246575679,311.28205128205127,e-SAF combustion (propeller),0.452
76.9774705712371,311.28205128205127,e-SAF combustion (propeller),0.3873333333333333
90.06280202112787,311.28205128205127,e-SAF combustion (propeller),0.3253333333333333
105.37249727360725,311.28205128205127,e-SAF combustion (propeller),0.25133333333333335
123.28467394420659,311.28205128205127,e-SAF combustion (propeller),0.186
144.24172552410664,311.28205128205127,e-SAF combustion (propeller),0.304
168.7612475788147,311.28205128205127,e-SAF combustion (propeller),0.5033333333333333
197.44882128159367,311.28205128205127,e-SAF combustion (propeller),0.506
231.0129700083158,311.28205128205127,e-SAF combustion (propeller),0.38466666666666666
270.28265839051625,311.28205128205127,e-SAF combustion (propeller),0.25866666666666666
316.22776601683796,311.28205128205127,e-SAF combustion (propeller),0.14333333333333334
369.9830414406966,311.28205128205127,e-SAF combustion (propeller),0.06933333333333333
432.8761281083057,311.28205128205127,e-SAF combustion (propeller),0.021333333333333333
506.4603543891704,311.28205128205127,e-SAF combustion (propeller),0.004
592.5530975545674,311.28205128205127,e-SAF combustion (propeller),0.0
693.2806692144524,311.28205128205127,e-SAF combustion (propeller),0.0
811.1308307896873,311.28205128205127,e-SAF combustion (propeller),0.0
949.0142360424725,311.28205128205127,e-SAF combustion (propeller),0.0
1110.336318167638,311.28205128205127,e-SAF combustion (propeller),0.0
1299.0813969063468,311.28205128205127,e-SAF combustion (propeller),0.0
1519.9110829529332,311.28205128205127,e-SAF combustion (propeller),0.0
1778.2794100389228,311.28205128205127,e-SAF combustion (propeller),0.0
2080.5675382171694,311.28205128205127,e-SAF combustion (propeller),0.0
2434.2413552369194,311.28205128205127,e-SAF combustion (propeller),0.0
2848.035868435799,311.28205128205127,e-SAF combustion (propeller),0.0
3332.1709412448167,311.28205128205127,e-SAF combustion (propeller),0.0
3898.603702549072,311.28205128205127,e-SAF combustion (propeller),0.0
4561.323862890211,311.28205128205127,e-SAF combustion (propeller),0.0
5336.699231206308,311.28205128205127,e-SAF combustion (propeller),0.0
6243.879965653626,311.28205128205127,e-SAF combustion (propeller),0.0
7305.271542664449,311.28205128205127,e-SAF combustion (propeller),0.0
8547.08812559251,311.28205128205127,e-SAF combustion (propeller),0.0
10000.0,311.28205128205127,e-SAF combustion (propeller),0.0
10.0,319.48717948717945,e-SAF combustion (propeller),0.8286666666666667
11.69989106589066,319.48717948717945,e-SAF combustion (propeller),0.8133333333333334
13.688745095370805,319.48717948717945,e-SAF combustion (propeller),0.7886666666666666
16.015682644458355,319.48717948717945,e-SAF combustion (propeller),0.7506666666666667
18.73817422860384,319.48717948717945,e-SAF combustion (propeller),0.7246666666666667
21.923459724834466,319.48717948717945,e-SAF combustion (propeller),0.6886666666666666
25.650209056800456,319.48717948717945,e-SAF combustion (propeller),0.6446666666666667
30.010465178188735,319.48717948717945,e-SAF combustion (propeller),0.6066666666666667
35.11191734215131,319.48717948717945,e-SAF combustion (propeller),0.5606666666666666
41.08056080177274,319.48717948717945,e-SAF combustion (propeller),0.5146666666666667
48.06380863064389,319.48717948717945,e-SAF combustion (propeller),0.454
56.23413251903491,319.48717948717945,e-SAF combustion (propeller),0.4013333333333333
65.79332246575679,319.48717948717945,e-SAF combustion (propeller),0.33466666666666667
76.9774705712371,319.48717948717945,e-SAF combustion (propeller),0.2773333333333333
90.06280202112787,319.48717948717945,e-SAF combustion (propeller),0.22466666666666665
105.37249727360725,319.48717948717945,e-SAF combustion (propeller),0.16733333333333333
123.28467394420659,319.48717948717945,e-SAF combustion (propeller),0.12066666666666667
144.24172552410664,319.48717948717945,e-SAF combustion (propeller),0.17066666666666666
168.7612475788147,319.48717948717945,e-SAF combustion (propeller),0.35
197.44882128159367,319.48717948717945,e-SAF combustion (propeller),0.4046666666666667
231.0129700083158,319.48717948717945,e-SAF combustion (propeller),0.2773333333333333
270.28265839051625,319.48717948717945,e-SAF combustion (propeller),0.16533333333333333
316.22776601683796,319.48717948717945,e-SAF combustion (propeller),0.09
369.9830414406966,319.48717948717945,e-SAF combustion (propeller),0.028
432.8761281083057,319.48717948717945,e-SAF combustion (propeller),0.004666666666666667
506.4603543891704,319.48717948717945,e-SAF combustion (propeller),0.0006666666666666666
592.5530975545674,319.48717948717945,e-SAF combustion (propeller),0.0
693.2806692144524,319.48717948717945,e-SAF combustion (propeller),0.0
811.1308307896873,319.48717948717945,e-SAF combustion (propeller),0.0
949.0142360424725,319.48717948717945,e-SAF combustion (propeller),0.0
1110.336318167638,319.48717948717945,e-SAF combustion (propeller),0.0
1299.0813969063468,319.48717948717945,e-SAF combustion (propeller),0.0
1519.9110829529332,319.48717948717945,e-SAF combustion (propeller),0.0
1778.2794100389228,319.48717948717945,e-SAF combustion (propeller),0.0
2080.5675382171694,319.48717948717945,e-SAF combustion (propeller),0.0
2434.2413552369194,319.48717948717945,e-SAF combustion (propeller),0.0
2848.035868435799,319.48717948717945,e-SAF combustion (propeller),0.0
3332.1709412448167,319.48717948717945,e-SAF combustion (propeller),0.0
3898.603702549072,319.48717948717945,e-SAF combustion (propeller),0.0
4561.323862890211,319.48717948717945,e-SAF combustion (propeller),0.0
5336.699231206308,319.48717948717945,e-SAF combustion (propeller),0.0
6243.879965653626,319.48717948717945,e-SAF combustion (propeller),0.0
7305.271542664449,319.48717948717945,e-SAF combustion (propeller),0.0
8547.08812559251,319.48717948717945,e-SAF combustion (propeller),0.0
10000.0,319.48717948717945,e-SAF combustion (propeller),0.0
10.0,327.6923076923077,e-SAF combustion (propeller),0.7526666666666667
11.69989106589066,327.6923076923077,e-SAF combustion (propeller),0.7326666666666667
13.688745095370805,327.6923076923077,e-SAF combustion (propeller),0.7046666666666667
16.015682644458355,327.6923076923077,e-SAF combustion (propeller),0.6786666666666666
18.73817422860384,327.6923076923077,e-SAF combustion (propeller),0.64
21.923459724834466,327.6923076923077,e-SAF combustion (propeller),0.5966666666666667
25.650209056800456,327.6923076923077,e-SAF combustion (propeller),0.5573333333333333
30.010465178188735,327.6923076923077,e-SAF combustion (propeller),0.5033333333333333
35.11191734215131,327.6923076923077,e-SAF combustion (propeller),0.44266666666666665
41.08056080177274,327.6923076923077,e-SAF combustion (propeller),0.38533333333333336
48.06380863064389,327.6923076923077,e-SAF combustion (propeller),0.3333333333333333
56.23413251903491,327.6923076923077,e-SAF combustion (propeller),0.288
65.79332246575679,327.6923076923077,e-SAF combustion (propeller),0.24
76.9774705712371,327.6923076923077,e-SAF combustion (propeller),0.19266666666666668
90.06280202112787,327.6923076923077,e-SAF combustion (propeller),0.14266666666666666
105.37249727360725,327.6923076923077,e-SAF combustion (propeller),0.10733333333333334
123.28467394420659,327.6923076923077,e-SAF combustion (propeller),0.06933333333333333
144.24172552410664,327.6923076923077,e-SAF combustion (propeller),0.07733333333333334
168.7612475788147,327.6923076923077,e-SAF combustion (propeller),0.20666666666666667
197.44882128159367,327.6923076923077,e-SAF combustion (propeller),0.29
231.0129700083158,327.6923076923077,e-SAF combustion (propeller),0.19
270.28265839051625,327.6923076923077,e-SAF combustion (propeller),0.09733333333333333
316.22776601683796,327.6923076923077,e-SAF combustion (propeller),0.03866666666666667
369.9830414406966,327.6923076923077,e-SAF combustion (propeller),0.009333333333333334
432.8761281083057,327.6923076923077,e-SAF combustion (propeller),0.0006666666666666666
506.4603543891704,327.6923076923077,e-SAF combustion (propeller),0.0
592.5530975545674,327.6923076923077,e-SAF combustion (propeller),0.0
693.2806692144524,327.6923076923077,e-SAF combustion (propeller),0.0
811.1308307896873,327.6923076923077,e-SAF combustion (propeller),0.0
949.0142360424725,327.6923076923077,e-SAF combustion (propeller),0.0
1110.336318167638,327.6923076923077,e-SAF combustion (propeller),0.0
1299.0813969063468,327.6923076923077,e-SAF combustion (propeller),0.0
1519.9110829529332,327.6923076923077,e-SAF combustion (propeller),0.0
1778.2794100389228,327.6923076923077,e-SAF combustion (propeller),0.0
2080.5675382171694,327.6923076923077,e-SAF combustion (propeller),0.0
2434.2413552369194,327.6923076923077,e-SAF combustion (propeller),0.0
2848.035868435799,327.6923076923077,e-SAF combustion (propeller),0.0
3332.1709412448167,327.6923076923077,e-SAF combustion (propeller),0.0
3898.603702549072,327.6923076923077,e-SAF combustion (propeller),0.0
4561.323862890211,327.6923076923077,e-SAF combustion (propeller),0.0
5336.699231206308,327.6923076923077,e-SAF combustion (propeller),0.0
6243.879965653626,327.6923076923077,e-SAF combustion (propeller),0.0
7305.271542664449,327.6923076923077,e-SAF combustion (propeller),0.0
8547.08812559251,327.6923076923077,e-SAF combustion (propeller),0.0
10000.0,327.6923076923077,e-SAF combustion (propeller),0.0
10.0,335.8974358974359,e-SAF combustion (propeller),0.66
11.69989106589066,335.8974358974359,e-SAF combustion (propeller),0.6313333333333333
13.688745095370805,335.8974358974359,e-SAF combustion (propeller),0.6066666666666667
16.015682644458355,335.8974358974359,e-SAF combustion (propeller),0.566
18.73817422860384,335.8974358974359,e-SAF combustion (propeller),0.5273333333333333
21.923459724834466,335.8974358974359,e-SAF combustion (propeller),0.4866666666666667
25.650209056800456,335.8974358974359,e-SAF combustion (propeller),0.43733333333333335
30.010465178188735,335.8974358974359,e-SAF combustion (propeller),0.39
35.11191734215131,335.8974358974359,e-SAF combustion (propeller),0.3313333333333333
41.08056080177274,335.8974358974359,e-SAF combustion (propeller),0.28733333333333333
48.06380863064389,335.8974358974359,e-SAF combustion (propeller),0.25066666666666665
56.23413251903491,335.8974358974359,e-SAF combustion (propeller),0.204
65.79332246575679,335.8974358974359,e-SAF combustion (propeller),0.16266666666666665
76.9774705712371,335.8974358974359,e-SAF combustion (propeller),0.11933333333333333
90.06280202112787,335.8974358974359,e-SAF combustion (propeller),0.08733333333333333
105.37249727360725,335.8974358974359,e-SAF combustion (propeller),0.056666666666666664
123.28467394420659,335.8974358974359,e-SAF combustion (propeller),0.03
144.24172552410664,335.8974358974359,e-SAF combustion (propeller),0.028666666666666667
168.7612475788147,335.8974358974359,e-SAF combustion (propeller),0.098
197.44882128159367,335.8974358974359,e-SAF combustion (propeller),0.18866666666666668
231.0129700083158,335.8974358974359,e-SAF combustion (propeller),0.10933333333333334
270.28265839051625,335.8974358974359,e-SAF combustion (propeller),0.054
316.22776601683796,335.8974358974359,e-SAF combustion (propeller),0.02
369.9830414406966,335.8974358974359,e-SAF combustion (propeller),0.0026666666666666666
432.8761281083057,335.8974358974359,e-SAF combustion (propeller),0.0
506.4603543891704,335.8974358974359,e-SAF combustion (propeller),0.0
592.5530975545674,335.8974358974359,e-SAF combustion (propeller),0.0
693.2806692144524,335.8974358974359,e-SAF combustion (propeller),0.0
811.1308307896873,335.8974358974359,e-SAF combustion (propeller),0.0
949.0142360424725,335.8974358974359,e-SAF combustion (propeller),0.0
1110.336318167638,335.8974358974359,e-SAF combustion (propeller),0.0
1299.0813969063468,335.8974358974359,e-SAF combustion (propeller),0.0
1519.9110829529332,335.8974358974359,e-SAF combustion (propeller),0.0
1778.2794100389228,335.8974358974359,e-SAF combustion (propeller),0.0
2080.5675382171694,335.8974358974359,e-SAF combustion (propeller),0.0
2434.2413552369194,335.8974358974359,e-SAF combustion (propeller),0.0
2848.035868435799,335.8974358974359,e-SAF combustion (propeller),0.0
3332.1709412448167,335.8974358974359,e-SAF combustion (propeller),0.0
3898.603702549072,335.8974358974359,e-SAF combustion (propeller),0.0
4561.323862890211,335.8974358974359,e-SAF combustion (propeller),0.0
5336.699231206308,335.8974358974359,e-SAF combustion (propeller),0.0
6243.879965653626,335.8974358974359,e-SAF combustion (propeller),0.0
7305.271542664449,335.8974358974359,e-SAF combustion (propeller),0.0
8547.08812559251,335.8974358974359,e-SAF combustion (propeller),0.0
10000.0,335.8974358974359,e-SAF combustion (propeller),0.0
10.0,344.1025641025641,e-SAF combustion (propeller),0.57
11.69989106589066,344.1025641025641,e-SAF combustion (propeller),0.5486666666666666
13.688745095370805,344.1025641025641,e-SAF combustion (propeller),0.5186666666666667
16.015682644458355,344.1025641025641,e-SAF combustion (propeller),0.482
18.73817422860384,344.1025641025641,e-SAF combustion (propeller),0.44066666666666665
21.923459724834466,344.1025641025641,e-SAF combustion (propeller),0.39866666666666667
25.650209056800456,344.1025641025641,e-SAF combustion (propeller),0.346
30.010465178188735,344.1025641025641,e-SAF combustion (propeller),0.29333333333333333
35.11191734215131,344.1025641025641,e-SAF combustion (propeller),0.254
41.08056080177274,344.1025641025641,e-SAF combustion (propeller),0.21066666666666667
48.06380863064389,344.1025641025641,e-SAF combustion (propeller),0.17
56.23413251903491,344.1025641025641,e-SAF combustion (propeller),0.12933333333333333
65.79332246575679,344.1025641025641,e-SAF combustion (propeller),0.09933333333333333
76.9774705712371,344.1025641025641,e-SAF combustion (propeller),0.068
90.06280202112787,344.1025641025641,e-SAF combustion (propeller),0.042666666666666665
105.37249727360725,344.1025641025641,e-SAF combustion (propeller),0.028
123.28467394420659,344.1025641025641,e-SAF combustion (propeller),0.015333333333333332
144.24172552410664,344.1025641025641,e-SAF combustion (propeller),0.004
168.7612475788147,344.1025641025641,e-SAF combustion (propeller),0.043333333333333335
197.44882128159367,344.1025641025641,e-SAF combustion (propeller),0.10933333333333334
231.0129700083158,344.1025641025641,e-SAF combustion (propeller),0.06533333333333333
270.28265839051625,344.1025641025641,e-SAF combustion (propeller),0.022
316.22776601683796,344.1025641025641,e-SAF combustion (propeller),0.004666666666666667
369.9830414406966,344.1025641025641,e-SAF combustion (propeller),0.0006666666666666666
432.8761281083057,344.1025641025641,e-SAF combustion (propeller),0.0
506.4603543891704,344.1025641025641,e-SAF combustion (propeller),0.0
592.5530975545674,344.1025641025641,e-SAF combustion (propeller),0.0
693.2806692144524,344.1025641025641,e-SAF combustion (propeller),0.0
811.1308307896873,344.1025641025641,e-SAF combustion (propeller),0.0
949.0142360424725,344.1025641025641,e-SAF combustion (propeller),0.0
1110.336318167638,344.1025641025641,e-SAF combustion (propeller),0.0
1299.0813969063468,344.1025641025641,e-SAF combustion (propeller),0.0
1519.9110829529332,344.1025641025641,e-SAF combustion (propeller),0.0
1778.2794100389228,344.1025641025641,e-SAF combustion (propeller),0.0
2080.5675382171694,344.1025641025641,e-SAF combustion (propeller),0.0
2434.2413552369194,344.1025641025641,e-SAF combustion (propeller),0.0
2848.035868435799,344.1025641025641,e-SAF combustion (propeller),0.0
3332.1709412448167,344.1025641025641,e-SAF combustion (propeller),0.0
3898.603702549072,344.1025641025641,e-SAF combustion (propeller),0.0
4561.323862890211,344.1025641025641,e-SAF combustion (propeller),0.0
5336.699231206308,344.1025641025641,e-SAF combustion (propeller),0.0
6243.879965653626,344.1025641025641,e-SAF combustion (propeller),0.0
7305.271542664449,344.1025641025641,e-SAF combustion (propeller),0.0
8547.08812559251,344.1025641025641,e-SAF combustion (propeller),0.0
10000.0,344.1025641025641,e-SAF combustion (propeller),0.0
10.0,352.30769230769226,e-SAF combustion (propeller),0.49333333333333335
11.69989106589066,352.30769230769226,e-SAF combustion (propeller),0.4653333333333333
13.688745095370805,352.30769230769226,e-SAF combustion (propeller),0.44
16.015682644458355,352.30769230769226,e-SAF combustion (propeller),0.396
18.73817422860384,352.30769230769226,e-SAF combustion (propeller),0.35533333333333333
21.923459724834466,352.30769230769226,e-SAF combustion (propeller),0.2966666666666667
25.650209056800456,352.30769230769226,e-SAF combustion (propeller),0.24933333333333332
30.010465178188735,352.30769230769226,e-SAF combustion (propeller),0.21266666666666667
35.11191734215131,352.30769230769226,e-SAF combustion (propeller),0.17266666666666666
41.08056080177274,352.30769230769226,e-SAF combustion (propeller),0.13866666666666666
48.06380863064389,352.30769230769226,e-SAF combustion (propeller),0.10066666666666667
56.23413251903491,352.30769230769226,e-SAF combustion (propeller),0.07733333333333334
65.79332246575679,352.30769230769226,e-SAF combustion (propeller),0.056
76.9774705712371,352.30769230769226,e-SAF combustion (propeller),0.034666666666666665
90.06280202112787,352.30769230769226,e-SAF combustion (propeller),0.026
105.37249727360725,352.30769230769226,e-SAF combustion (propeller),0.01
123.28467394420659,352.30769230769226,e-SAF combustion (propeller),0.0026666666666666666
144.24172552410664,352.30769230769226,e-SAF combustion (propeller),0.0
168.7612475788147,352.30769230769226,e-SAF combustion (propeller),0.007333333333333333
197.44882128159367,352.30769230769226,e-SAF combustion (propeller),0.034
231.0129700083158,352.30769230769226,e-SAF combustion (propeller),0.024666666666666667
270.28265839051625,352.30769230769226,e-SAF combustion (propeller),0.004666666666666667
316.22776601683796,352.30769230769226,e-SAF combustion (propeller),0.0
369.9830414406966,352.30769230769226,e-SAF combustion (propeller),0.0
432.8761281083057,352.30769230769226,e-SAF combustion (propeller),0.0
506.4603543891704,352.30769230769226,e-SAF combustion (propeller),0.0
592.5530975545674,352.30769230769226,e-SAF combustion (propeller),0.0
693.2806692144524,352.30769230769226,e-SAF combustion (propeller),0.0
811.1308307896873,352.30769230769226,e-SAF combustion (propeller),0.0
949.0142360424725,352.30769230769226,e-SAF combustion (propeller),0.0
1110.336318167638,352.30769230769226,e-SAF combustion (propeller),0.0
1299.0813969063468,352.30769230769226,e-SAF combustion (propeller),0.0
1519.9110829529332,352.30769230769226,e-SAF combustion (propeller),0.0
1778.2794100389228,352.30769230769226,e-SAF combustion (propeller),0.0
2080.5675382171694,352.30769230769226,e-SAF combustion (propeller),0.0
2434.2413552369194,352.30769230769226,e-SAF combustion (propeller),0.0
2848.035868435799,352.30769230769226,e-SAF combustion (propeller),0.0
3332.1709412448167,352.30769230769226,e-SAF combustion (propeller),0.0
3898.603702549072,352.30769230769226,e-SAF combustion (propeller),0.0
4561.323862890211,352.30769230769226,e-SAF combustion (propeller),0.0
5336.699231206308,352.30769230769226,e-SAF combustion (propeller),0.0
6243.879965653626,352.30769230769226,e-SAF combustion (propeller),0.0
7305.271542664449,352.30769230769226,e-SAF combustion (propeller),0.0
8547.08812559251,352.30769230769226,e-SAF combustion (propeller),0.0
10000.0,352.30769230769226,e-SAF combustion (propeller),0.0
10.0,360.5128205128205,e-SAF combustion (propeller),0.4033333333333333
11.69989106589066,360.5128205128205,e-SAF combustion (propeller),0.37533333333333335
13.688745095370805,360.5128205128205,e-SAF combustion (propeller),0.3413333333333333
16.015682644458355,360.5128205128205,e-SAF combustion (propeller),0.3006666666666667
18.73817422860384,360.5128205128205,e-SAF combustion (propeller),0.25466666666666665
21.923459724834466,360.5128205128205,e-SAF combustion (propeller),0.212
25.650209056800456,360.5128205128205,e-SAF combustion (propeller),0.17533333333333334
30.010465178188735,360.5128205128205,e-SAF combustion (propeller),0.14133333333333334
35.11191734215131,360.5128205128205,e-SAF combustion (propeller),0.11066666666666666
41.08056080177274,360.5128205128205,e-SAF combustion (propeller),0.08466666666666667
48.06380863064389,360.5128205128205,e-SAF combustion (propeller),0.06
56.23413251903491,360.5128205128205,e-SAF combustion (propeller),0.046
65.79332246575679,360.5128205128205,e-SAF combustion (propeller),0.02666666666666667
76.9774705712371,360.5128205128205,e-SAF combustion (propeller),0.018
90.06280202112787,360.5128205128205,e-SAF combustion (propeller),0.007333333333333333
105.37249727360725,360.5128205128205,e-SAF combustion (propeller),0.0013333333333333333
123.28467394420659,360.5128205128205,e-SAF combustion (propeller),0.0
144.24172552410664,360.5128205128205,e-SAF combustion (propeller),0.0
168.7612475788147,360.5128205128205,e-SAF combustion (propeller),0.0
197.44882128159367,360.5128205128205,e-SAF combustion (propeller),0.004
231.0129700083158,360.5128205128205,e-SAF combustion (propeller),0.0033333333333333335
270.28265839051625,360.5128205128205,e-SAF combustion (propeller),0.0006666666666666666
316.22776601683796,360.5128205128205,e-SAF combustion (propeller),0.0
369.9830414406966,360.5128205128205,e-SAF combustion (propeller),0.0
432.8761281083057,360.5128205128205,e-SAF combustion (propeller),0.0
506.4603543891704,360.5128205128205,e-SAF combustion (propeller),0.0
592.5530975545674,360.5128205128205,e-SAF combustion (propeller),0.0
693.2806692144524,360.5128205128205,e-SAF combustion (propeller),0.0
811.1308307896873,360.5128205128205,e-SAF combustion (propeller),0.0
949.0142360424725,360.5128205128205,e-SAF combustion (propeller),0.0
1110.336318167638,360.5128205128205,e-SAF combustion (propeller),0.0
1299.0813969063468,360.5128205128205,e-SAF combustion (propeller),0.0
1519.9110829529332,360.5128205128205,e-SAF combustion (propeller),0.0
1778.2794100389228,360.5128205128205,e-SAF combustion (propeller),0.0
2080.5675382171694,360.5128205128205,e-SAF combustion (propeller),0.0
2434.2413552369194,360.5128205128205,e-SAF combustion (propeller),0.0
2848.035868435799,360.5128205128205,e-SAF combustion (propeller),0.0
3332.1709412448167,360.5128205128205,e-SAF combustion (propeller),0.0
3898.603702549072,360.5128205128205,e-SAF combustion (propeller),0.0
4561.323862890211,360.5128205128205,e-SAF combustion (propeller),0.0
5336.699231206308,360.5128205128205,e-SAF combustion (propeller),0.0
6243.879965653626,360.5128205128205,e-SAF combustion (propeller),0.0
7305.271542664449,360.5128205128205,e-SAF combustion (propeller),0.0
8547.08812559251,360.5128205128205,e-SAF combustion (propeller),0.0
10000.0,360.5128205128205,e-SAF combustion (propeller),0.0
10.0,368.71794871794873,e-SAF combustion (propeller),0.30533333333333335
11.69989106589066,368.71794871794873,e-SAF combustion (propeller),0.28
13.688745095370805,368.71794871794873,e-SAF combustion (propeller),0.24933333333333332
16.015682644458355,368.71794871794873,e-SAF combustion (propeller),0.21
18.73817422860384,368.71794871794873,e-SAF combustion (propeller),0.17266666666666666
21.923459724834466,368.71794871794873,e-SAF combustion (propeller),0.14933333333333335
25.650209056800456,368.71794871794873,e-SAF combustion (propeller),0.12266666666666666
30.010465178188735,368.71794871794873,e-SAF combustion (propeller),0.09333333333333334
35.11191734215131,368.71794871794873,e-SAF combustion (propeller),0.072
41.08056080177274,368.71794871794873,e-SAF combustion (propeller),0.048666666666666664
48.06380863064389,368.71794871794873,e-SAF combustion (propeller),0.029333333333333333
56.23413251903491,368.71794871794873,e-SAF combustion (propeller),0.017333333333333333
65.79332246575679,368.71794871794873,e-SAF combustion (propeller),0.01
76.9774705712371,368.71794871794873,e-SAF combustion (propeller),0.004
90.06280202112787,368.71794871794873,e-SAF combustion (propeller),0.0006666666666666666
105.37249727360725,368.71794871794873,e-SAF combustion (propeller),0.0
123.28467394420659,368.71794871794873,e-SAF combustion (propeller),0.0
144.24172552410664,368.71794871794873,e-SAF combustion (propeller),0.0
168.7612475788147,368.71794871794873,e-SAF combustion (propeller),0.0
197.44882128159367,368.71794871794873,e-SAF combustion (propeller),0.0
231.0129700083158,368.71794871794873,e-SAF combustion (propeller),0.0
270.28265839051625,368.71794871794873,e-SAF combustion (propeller),0.0
316.22776601683796,368.71794871794873,e-SAF combustion (propeller),0.0
369.9830414406966,368.71794871794873,e-SAF combustion (propeller),0.0
432.8761281083057,368.71794871794873,e-SAF combustion (propeller),0.0
506.4603543891704,368.71794871794873,e-SAF combustion (propeller),0.0
592.5530975545674,368.71794871794873,e-SAF combustion (propeller),0.0
693.2806692144524,368.71794871794873,e-SAF combustion (propeller),0.0
811.1308307896873,368.71794871794873,e-SAF combustion (propeller),0.0
949.0142360424725,368.71794871794873,e-SAF combustion (propeller),0.0
1110.336318167638,368.71794871794873,e-SAF combustion (propeller),0.0
1299.0813969063468,368.71794871794873,e-SAF combustion (propeller),0.0
1519.9110829529332,368.71794871794873,e-SAF combustion (propeller),0.0
1778.2794100389228,368.71794871794873,e-SAF combustion (propeller),0.0
2080.5675382171694,368.71794871794873,e-SAF combustion (propeller),0.0
2434.2413552369194,368.71794871794873,e-SAF combustion (propeller),0.0
2848.035868435799,368.71794871794873,e-SAF combustion (propeller),0.0
3332.1709412448167,368.71794871794873,e-SAF combustion (propeller),0.0
3898.603702549072,368.71794871794873,e-SAF combustion (propeller),0.0
4561.323862890211,368.71794871794873,e-SAF combustion (propeller),0.0
5336.699231206308,368.71794871794873,e-SAF combustion (propeller),0.0
6243.879965653626,368.71794871794873,e-SAF combustion (propeller),0.0
7305.271542664449,368.71794871794873,e-SAF combustion (propeller),0.0
8547.08812559251,368.71794871794873,e-SAF combustion (propeller),0.0
10000.0,368.71794871794873,e-SAF combustion (propeller),0.0
10.0,376.9230769230769,e-SAF combustion (propeller),0.22466666666666665
11.69989106589066,376.9230769230769,e-SAF combustion (propeller),0.198
13.688745095370805,376.9230769230769,e-SAF combustion (propeller),0.16866666666666666
16.015682644458355,376.9230769230769,e-SAF combustion (propeller),0.14066666666666666
18.73817422860384,376.9230769230769,e-SAF combustion (propeller),0.11533333333333333
21.923459724834466,376.9230769230769,e-SAF combustion (propeller),0.09466666666666666
25.650209056800456,376.9230769230769,e-SAF combustion (propeller),0.066
30.010465178188735,376.9230769230769,e-SAF combustion (propeller),0.044
35.11191734215131,376.9230769230769,e-SAF combustion (propeller),0.03
41.08056080177274,376.9230769230769,e-SAF combustion (propeller),0.017333333333333333
48.06380863064389,376.9230769230769,e-SAF combustion (propeller),0.010666666666666666
56.23413251903491,376.9230769230769,e-SAF combustion (propeller),0.004666666666666667
65.79332246575679,376.9230769230769,e-SAF combustion (propeller),0.002
76.9774705712371,376.9230769230769,e-SAF combustion (propeller),0.0
90.06280202112787,376.9230769230769,e-SAF combustion (propeller),0.0
105.37249727360725,376.9230769230769,e-SAF combustion (propeller),0.0
123.28467394420659,376.9230769230769,e-SAF combustion (propeller),0.0
144.24172552410664,376.9230769230769,e-SAF combustion (propeller),0.0
168.7612475788147,376.9230769230769,e-SAF combustion (propeller),0.0
197.44882128159367,376.9230769230769,e-SAF combustion (propeller),0.0
231.0129700083158,376.9230769230769,e-SAF combustion (propeller),0.0
270.28265839051625,376.9230769230769,e-SAF combustion (propeller),0.0
316.22776601683796,376.9230769230769,e-SAF combustion (propeller),0.0
369.9830414406966,376.9230769230769,e-SAF combustion (propeller),0.0
432.8761281083057,376.9230769230769,e-SAF combustion (propeller),0.0
506.4603543891704,376.9230769230769,e-SAF combustion (propeller),0.0
592.5530975545674,376.9230769230769,e-SAF combustion (propeller),0.0
693.2806692144524,376.9230769230769,e-SAF combustion (propeller),0.0
811.1308307896873,376.9230769230769,e-SAF combustion (propeller),0.0
949.0142360424725,376.9230769230769,e-SAF combustion (propeller),0.0
1110.336318167638,376.9230769230769,e-SAF combustion (propeller),0.0
1299.0813969063468,376.9230769230769,e-SAF combustion (propeller),0.0
1519.9110829529332,376.9230769230769,e-SAF combustion (propeller),0.0
1778.2794100389228,376.9230769230769,e-SAF combustion (propeller),0.0
2080.5675382171694,376.9230769230769,e-SAF combustion (propeller),0.0
2434.2413552369194,376.9230769230769,e-SAF combustion (propeller),0.0
2848.035868435799,376.9230769230769,e-SAF combustion (propeller),0.0
3332.1709412448167,376.9230769230769,e-SAF combustion (propeller),0.0
3898.603702549072,376.9230769230769,e-SAF combustion (propeller),0.0
4561.323862890211,376.9230769230769,e-SAF combustion (propeller),0.0
5336.699231206308,376.9230769230769,e-SAF combustion (propeller),0.0
6243.879965653626,376.9230769230769,e-SAF combustion (propeller),0.0
7305.271542664449,376.9230769230769,e-SAF combustion (propeller),0.0
8547.08812559251,376.9230769230769,e-SAF combustion (propeller),0.0
10000.0,376.9230769230769,e-SAF combustion (propeller),0.0
10.0,385.1282051282051,e-SAF combustion (propeller),0.122
11.69989106589066,385.1282051282051,e-SAF combustion (propeller),0.09866666666666667
13.688745095370805,385.1282051282051,e-SAF combustion (propeller),0.08
16.015682644458355,385.1282051282051,e-SAF combustion (propeller),0.06666666666666667
18.73817422860384,385.1282051282051,e-SAF combustion (propeller),0.05333333333333334
21.923459724834466,385.1282051282051,e-SAF combustion (propeller),0.03933333333333333
25.650209056800456,385.1282051282051,e-SAF combustion (propeller),0.02666666666666667
30.010465178188735,385.1282051282051,e-SAF combustion (propeller),0.014
35.11191734215131,385.1282051282051,e-SAF combustion (propeller),0.006
41.08056080177274,385.1282051282051,e-SAF combustion (propeller),0.004
48.06380863064389,385.1282051282051,e-SAF combustion (propeller),0.002
56.23413251903491,385.1282051282051,e-SAF combustion (propeller),0.0
65.79332246575679,385.1282051282051,e-SAF combustion (propeller),0.0
76.9774705712371,385.1282051282051,e-SAF combustion (propeller),0.0
90.06280202112787,385.1282051282051,e-SAF combustion (propeller),0.0
105.37249727360725,385.1282051282051,e-SAF combustion (propeller),0.0
123.28467394420659,385.1282051282051,e-SAF combustion (propeller),0.0
144.24172552410664,385.1282051282051,e-SAF combustion (propeller),0.0
168.7612475788147,385.1282051282051,e-SAF combustion (propeller),0.0
197.44882128159367,385.1282051282051,e-SAF combustion (propeller),0.0
231.0129700083158,385.1282051282051,e-SAF combustion (propeller),0.0
270.28265839051625,385.1282051282051,e-SAF combustion (propeller),0.0
316.22776601683796,385.1282051282051,e-SAF combustion (propeller),0.0
369.9830414406966,385.1282051282051,e-SAF combustion (propeller),0.0
432.8761281083057,385.1282051282051,e-SAF combustion (propeller),0.0
506.4603543891704,385.1282051282051,e-SAF combustion (propeller),0.0
592.5530975545674,385.1282051282051,e-SAF combustion (propeller),0.0
693.2806692144524,385.1282051282051,e-SAF combustion (propeller),0.0
811.1308307896873,385.1282051282051,e-SAF combustion (propeller),0.0
949.0142360424725,385.1282051282051,e-SAF combustion (propeller),0.0
1110.336318167638,385.1282051282051,e-SAF combustion (propeller),0.0
1299.0813969063468,385.1282051282051,e-SAF combustion (propeller),0.0
1519.9110829529332,385.1282051282051,e-SAF combustion (propeller),0.0
1778.2794100389228,385.1282051282051,e-SAF combustion (propeller),0.0
2080.5675382171694,385.1282051282051,e-SAF combustion (propeller),0.0
2434.2413552369194,385.1282051282051,e-SAF combustion (propeller),0.0
2848.035868435799,385.1282051282051,e-SAF combustion (propeller),0.0
3332.1709412448167,385.1282051282051,e-SAF combustion (propeller),0.0
3898.603702549072,385.1282051282051,e-SAF combustion (propeller),0.0
4561.323862890211,385.1282051282051,e-SAF combustion (propeller),0.0
5336.699231206308,385.1282051282051,e-SAF combustion (propeller),0.0
6243.879965653626,385.1282051282051,e-SAF combustion (propeller),0.0
7305.271542664449,385.1282051282051,e-SAF combustion (propeller),0.0
8547.08812559251,385.1282051282051,e-SAF combustion (propeller),0.0
10000.0,385.1282051282051,e-SAF combustion (propeller),0.0
10.0,393.3333333333333,e-SAF combustion (propeller),0.048
11.69989106589066,393.3333333333333,e-SAF combustion (propeller),0.034666666666666665
13.688745095370805,393.3333333333333,e-SAF combustion (propeller),0.028
16.015682644458355,393.3333333333333,e-SAF combustion (propeller),0.019333333333333334
18.73817422860384,393.3333333333333,e-SAF combustion (propeller),0.014
21.923459724834466,393.3333333333333,e-SAF combustion (propeller),0.007333333333333333
25.650209056800456,393.3333333333333,e-SAF combustion (propeller),0.0033333333333333335
30.010465178188735,393.3333333333333,e-SAF combustion (propeller),0.002
35.11191734215131,393.3333333333333,e-SAF combustion (propeller),0.0
41.08056080177274,393.3333333333333,e-SAF combustion (propeller),0.0
48.06380863064389,393.3333333333333,e-SAF combustion (propeller),0.0
56.23413251903491,393.3333333333333,e-SAF combustion (propeller),0.0
65.79332246575679,393.3333333333333,e-SAF combustion (propeller),0.0
76.9774705712371,393.3333333333333,e-SAF combustion (propeller),0.0
90.06280202112787,393.3333333333333,e-SAF combustion (propeller),0.0
105.37249727360725,393.3333333333333,e-SAF combustion (propeller),0.0
123.28467394420659,393.3333333333333,e-SAF combustion (propeller),0.0
144.24172552410664,393.3333333333333,e-SAF combustion (propeller),0.0
168.7612475788147,393.3333333333333,e-SAF combustion (propeller),0.0
197.44882128159367,393.3333333333333,e-SAF combustion (propeller),0.0
231.0129700083158,393.3333333333333,e-SAF combustion (propeller),0.0
270.28265839051625,393.3333333333333,e-SAF combustion (propeller),0.0
316.22776601683796,393.3333333333333,e-SAF combustion (propeller),0.0
369.9830414406966,393.3333333333333,e-SAF combustion (propeller),0.0
432.8761281083057,393.3333333333333,e-SAF combustion (propeller),0.0
506.4603543891704,393.3333333333333,e-SAF combustion (propeller),0.0
592.5530975545674,393.3333333333333,e-SAF combustion (propeller),0.0
693.2806692144524,393.3333333333333,e-SAF combustion (propeller),0.0
811.1308307896873,393.3333333333333,e-SAF combustion (propeller),0.0
949.0142360424725,393.3333333333333,e-SAF combustion (propeller),0.0
1110.336318167638,393.3333333333333,e-SAF combustion (propeller),0.0
1299.0813969063468,393.3333333333333,e-SAF combustion (propeller),0.0
1519.9110829529332,393.3333333333333,e-SAF combustion (propeller),0.0
1778.2794100389228,393.3333333333333,e-SAF combustion (propeller),0.0
2080.5675382171694,393.3333333333333,e-SAF combustion (propeller),0.0
2434.2413552369194,393.3333333333333,e-SAF combustion (propeller),0.0
2848.035868435799,393.3333333333333,e-SAF combustion (propeller),0.0
3332.1709412448167,393.3333333333333,e-SAF combustion (propeller),0.0
3898.603702549072,393.3333333333333,e-SAF combustion (propeller),0.0
4561.323862890211,393.3333333333333,e-SAF combustion (propeller),0.0
5336.699231206308,393.3333333333333,e-SAF combustion (propeller),0.0
6243.879965653626,393.3333333333333,e-SAF combustion (propeller),0.0
7305.271542664449,393.3333333333333,e-SAF combustion (propeller),0.0
8547.08812559251,393.3333333333333,e-SAF combustion (propeller),0.0
10000.0,393.3333333333333,e-SAF combustion (propeller),0.0
10.0,401.53846153846155,e-SAF combustion (propeller),0.005333333333333333
11.69989106589066,401.53846153846155,e-SAF combustion (propeller),0.0033333333333333335
13.688745095370805,401.53846153846155,e-SAF combustion (propeller),0.002
16.015682644458355,401.53846153846155,e-SAF combustion (propeller),0.0006666666666666666
18.73817422860384,401.53846153846155,e-SAF combustion (propeller),0.0
21.923459724834466,401.53846153846155,e-SAF combustion (propeller),0.0
25.650209056800456,401.53846153846155,e-SAF combustion (propeller),0.0
30.010465178188735,401.53846153846155,e-SAF combustion (propeller),0.0
35.11191734215131,401.53846153846155,e-SAF combustion (propeller),0.0
41.08056080177274,401.53846153846155,e-SAF combustion (propeller),0.0
48.06380863064389,401.53846153846155,e-SAF combustion (propeller),0.0
56.23413251903491,401.53846153846155,e-SAF combustion (propeller),0.0
65.79332246575679,401.53846153846155,e-SAF combustion (propeller),0.0
76.9774705712371,401.53846153846155,e-SAF combustion (propeller),0.0
90.06280202112787,401.53846153846155,e-SAF combustion (propeller),0.0
105.37249727360725,401.53846153846155,e-SAF combustion (propeller),0.0
123.28467394420659,401.53846153846155,e-SAF combustion (propeller),0.0
144.24172552410664,401.53846153846155,e-SAF combustion (propeller),0.0
168.7612475788147,401.53846153846155,e-SAF combustion (propeller),0.0
197.44882128159367,401.53846153846155,e-SAF combustion (propeller),0.0
231.0129700083158,401.53846153846155,e-SAF combustion (propeller),0.0
270.28265839051625,401.53846153846155,e-SAF combustion (propeller),0.0
316.22776601683796,401.53846153846155,e-SAF combustion (propeller),0.0
369.9830414406966,401.53846153846155,e-SAF combustion (propeller),0.0
432.8761281083057,401.53846153846155,e-SAF combustion (propeller),0.0
506.4603543891704,401.53846153846155,e-SAF combustion (propeller),0.0
592.5530975545674,401.53846153846155,e-SAF combustion (propeller),0.0
693.2806692144524,401.53846153846155,e-SAF combustion (propeller),0.0
811.1308307896873,401.53846153846155,e-SAF combustion (propeller),0.0
949.0142360424725,401.53846153846155,e-SAF combustion (propeller),0.0
1110.336318167638,401.53846153846155,e-SAF combustion (propeller),0.0
1299.0813969063468,401.53846153846155,e-SAF combustion (propeller),0.0
1519.9110829529332,401.53846153846155,e-SAF combustion (propeller),0.0
1778.2794100389228,401.53846153846155,e-SAF combustion (propeller),0.0
2080.5675382171694,401.53846153846155,e-SAF combustion (propeller),0.0
2434.2413552369194,401.53846153846155,e-SAF combustion (propeller),0.0
2848.035868435799,401.53846153846155,e-SAF combustion (propeller),0.0
3332.1709412448167,401.53846153846155,e-SAF combustion (propeller),0.0
3898.603702549072,401.53846153846155,e-SAF combustion (propeller),0.0
4561.323862890211,401.53846153846155,e-SAF combustion (propeller),0.0
5336.699231206308,401.53846153846155,e-SAF combustion (propeller),0.0
6243.879965653626,401.53846153846155,e-SAF combustion (propeller),0.0
7305.271542664449,401.53846153846155,e-SAF combustion (propeller),0.0
8547.08812559251,401.53846153846155,e-SAF combustion (propeller),0.0
10000.0,401.53846153846155,e-SAF combustion (propeller),0.0
10.0,409.7435897435897,e-SAF combustion (propeller),0.0
11.69989106589066,409.7435897435897,e-SAF combustion (propeller),0.0
13.688745095370805,409.7435897435897,e-SAF combustion (propeller),0.0
16.015682644458355,409.7435897435897,e-SAF combustion (propeller),0.0
18.73817422860384,409.7435897435897,e-SAF combustion (propeller),0.0
21.923459724834466,409.7435897435897,e-SAF combustion (propeller),0.0
25.650209056800456,409.7435897435897,e-SAF combustion (propeller),0.0
30.010465178188735,409.7435897435897,e-SAF combustion (propeller),0.0
35.11191734215131,409.7435897435897,e-SAF combustion (propeller),0.0
41.08056080177274,409.7435897435897,e-SAF combustion (propeller),0.0
48.06380863064389,409.7435897435897,e-SAF combustion (propeller),0.0
56.23413251903491,409.7435897435897,e-SAF combustion (propeller),0.0
65.79332246575679,409.7435897435897,e-SAF combustion (propeller),0.0
76.9774705712371,409.7435897435897,e-SAF combustion (propeller),0.0
90.06280202112787,409.7435897435897,e-SAF combustion (propeller),0.0
105.37249727360725,409.7435897435897,e-SAF combustion (propeller),0.0
123.28467394420659,409.7435897435897,e-SAF combustion (propeller),0.0
144.24172552410664,409.7435897435897,e-SAF combustion (propeller),0.0
168.7612475788147,409.7435897435897,e-SAF combustion (propeller),0.0
197.44882128159367,409.7435897435897,e-SAF combustion (propeller),0.0
231.0129700083158,409.7435897435897,e-SAF combustion (propeller),0.0
270.28265839051625,409.7435897435897,e-SAF combustion (propeller),0.0
316.22776601683796,409.7435897435897,e-SAF combustion (propeller),0.0
369.9830414406966,409.7435897435897,e-SAF combustion (propeller),0.0
432.8761281083057,409.7435897435897,e-SAF combustion (propeller),0.0
506.4603543891704,409.7435897435897,e-SAF combustion (propeller),0.0
592.5530975545674,409.7435897435897,e-SAF combustion (propeller),0.0
693.2806692144524,409.7435897435897,e-SAF combustion (propeller),0.0
811.1308307896873,409.7435897435897,e-SAF combustion (propeller),0.0
949.0142360424725,409.7435897435897,e-SAF combustion (propeller),0.0
1110.336318167638,409.7435897435897,e-SAF combustion (propeller),0.0
1299.0813969063468,409.7435897435897,e-SAF combustion (propeller),0.0
1519.9110829529332,409.7435897435897,e-SAF combustion (propeller),0.0
1778.2794100389228,409.7435897435897,e-SAF combustion (propeller),0.0
2080.5675382171694,409.7435897435897,e-SAF combustion (propeller),0.0
2434.2413552369194,409.7435897435897,e-SAF combustion (propeller),0.0
2848.035868435799,409.7435897435897,e-SAF combustion (propeller),0.0
3332.1709412448167,409.7435897435897,e-SAF combustion (propeller),0.0
3898.603702549072,409.7435897435897,e-SAF combustion (propeller),0.0
4561.323862890211,409.7435897435897,e-SAF combustion (propeller),0.0
5336.699231206308,409.7435897435897,e-SAF combustion (propeller),0.0
6243.879965653626,409.7435897435897,e-SAF combustion (propeller),0.0
7305.271542664449,409.7435897435897,e-SAF combustion (propeller),0.0
8547.08812559251,409.7435897435897,e-SAF combustion (propeller),0.0
10000.0,409.7435897435897,e-SAF combustion (propeller),0.0
10.0,417.9487179487179,e-SAF combustion (propeller),0.0
11.69989106589066,417.9487179487179,e-SAF combustion (propeller),0.0
13.688745095370805,417.9487179487179,e-SAF combustion (propeller),0.0
16.015682644458355,417.9487179487179,e-SAF combustion (propeller),0.0
18.73817422860384,417.9487179487179,e-SAF combustion (propeller),0.0
21.923459724834466,417.9487179487179,e-SAF combustion (propeller),0.0
25.650209056800456,417.9487179487179,e-SAF combustion (propeller),0.0
30.010465178188735,417.9487179487179,e-SAF combustion (propeller),0.0
35.11191734215131,417.9487179487179,e-SAF combustion (propeller),0.0
41.08056080177274,417.9487179487179,e-SAF combustion (propeller),0.0
48.06380863064389,417.9487179487179,e-SAF combustion (propeller),0.0
56.23413251903491,417.9487179487179,e-SAF combustion (propeller),0.0
65.79332246575679,417.9487179487179,e-SAF combustion (propeller),0.0
76.9774705712371,417.9487179487179,e-SAF combustion (propeller),0.0
90.06280202112787,417.9487179487179,e-SAF combustion (propeller),0.0
105.37249727360725,417.9487179487179,e-SAF combustion (propeller),0.0
123.28467394420659,417.9487179487179,e-SAF combustion (propeller),0.0
144.24172552410664,417.9487179487179,e-SAF combustion (propeller),0.0
168.7612475788147,417.9487179487179,e-SAF combustion (propeller),0.0
197.44882128159367,417.9487179487179,e-SAF combustion (propeller),0.0
231.0129700083158,417.9487179487179,e-SAF combustion (propeller),0.0
270.28265839051625,417.9487179487179,e-SAF combustion (propeller),0.0
316.22776601683796,417.9487179487179,e-SAF combustion (propeller),0.0
369.9830414406966,417.9487179487179,e-SAF combustion (propeller),0.0
432.8761281083057,417.9487179487179,e-SAF combustion (propeller),0.0
506.4603543891704,417.9487179487179,e-SAF combustion (propeller),0.0
592.5530975545674,417.9487179487179,e-SAF combustion (propeller),0.0
693.2806692144524,417.9487179487179,e-SAF combustion (propeller),0.0
811.1308307896873,417.9487179487179,e-SAF combustion (propeller),0.0
949.0142360424725,417.9487179487179,e-SAF combustion (propeller),0.0
1110.336318167638,417.9487179487179,e-SAF combustion (propeller),0.0
1299.0813969063468,417.9487179487179,e-SAF combustion (propeller),0.0
1519.9110829529332,417.9487179487179,e-SAF combustion (propeller),0.0
1778.2794100389228,417.9487179487179,e-SAF combustion (propeller),0.0
2080.5675382171694,417.9487179487179,e-SAF combustion (propeller),0.0
2434.2413552369194,417.9487179487179,e-SAF combustion (propeller),0.0
2848.035868435799,417.9487179487179,e-SAF combustion (propeller),0.0
3332.1709412448167,417.9487179487179,e-SAF combustion (propeller),0.0
3898.603702549072,417.9487179487179,e-SAF combustion (propeller),0.0
4561.323862890211,417.9487179487179,e-SAF combustion (propeller),0.0
5336.699231206308,417.9487179487179,e-SAF combustion (propeller),0.0
6243.879965653626,417.9487179487179,e-SAF combustion (propeller),0.0
7305.271542664449,417.9487179487179,e-SAF combustion (propeller),0.0
8547.08812559251,417.9487179487179,e-SAF combustion (propeller),0.0
10000.0,417.9487179487179,e-SAF combustion (propeller),0.0
10.0,426.15384615384613,e-SAF combustion (propeller),0.0
11.69989106589066,426.15384615384613,e-SAF combustion (propeller),0.0
13.688745095370805,426.15384615384613,e-SAF combustion (propeller),0.0
16.015682644458355,426.15384615384613,e-SAF combustion (propeller),0.0
18.73817422860384,426.15384615384613,e-SAF combustion (propeller),0.0
21.923459724834466,426.15384615384613,e-SAF combustion (propeller),0.0
25.650209056800456,426.15384615384613,e-SAF combustion (propeller),0.0
30.010465178188735,426.15384615384613,e-SAF combustion (propeller),0.0
35.11191734215131,426.15384615384613,e-SAF combustion (propeller),0.0
41.08056080177274,426.15384615384613,e-SAF combustion (propeller),0.0
48.06380863064389,426.15384615384613,e-SAF combustion (propeller),0.0
56.23413251903491,426.15384615384613,e-SAF combustion (propeller),0.0
65.79332246575679,426.15384615384613,e-SAF combustion (propeller),0.0
76.9774705712371,426.15384615384613,e-SAF combustion (propeller),0.0
90.06280202112787,426.15384615384613,e-SAF combustion (propeller),0.0
105.37249727360725,426.15384615384613,e-SAF combustion (propeller),0.0
123.28467394420659,426.15384615384613,e-SAF combustion (propeller),0.0
144.24172552410664,426.15384615384613,e-SAF combustion (propeller),0.0
168.7612475788147,426.15384615384613,e-SAF combustion (propeller),0.0
197.44882128159367,426.15384615384613,e-SAF combustion (propeller),0.0
231.0129700083158,426.15384615384613,e-SAF combustion (propeller),0.0
270.28265839051625,426.15384615384613,e-SAF combustion (propeller),0.0
316.22776601683796,426.15384615384613,e-SAF combustion (propeller),0.0
369.9830414406966,426.15384615384613,e-SAF combustion (propeller),0.0
432.8761281083057,426.15384615384613,e-SAF combustion (propeller),0.0
506.4603543891704,426.15384615384613,e-SAF combustion (propeller),0.0
592.5530975545674,426.15384615384613,e-SAF combustion (propeller),0.0
693.2806692144524,426.15384615384613,e-SAF combustion (propeller),0.0
811.1308307896873,426.15384615384613,e-SAF combustion (propeller),0.0
949.0142360424725,426.15384615384613,e-SAF combustion (propeller),0.0
1110.336318167638,426.15384615384613,e-SAF combustion (propeller),0.0
1299.0813969063468,426.15384615384613,e-SAF combustion (propeller),0.0
1519.9110829529332,426.15384615384613,e-SAF combustion (propeller),0.0
1778.2794100389228,426.15384615384613,e-SAF combustion (propeller),0.0
2080.5675382171694,426.15384615384613,e-SAF combustion (propeller),0.0
2434.2413552369194,426.15384615384613,e-SAF combustion (propeller),0.0
2848.035868435799,426.15384615384613,e-SAF combustion (propeller),0.0
3332.1709412448167,426.15384615384613,e-SAF combustion (propeller),0.0
3898.603702549072,426.15384615384613,e-SAF combustion (propeller),0.0
4561.323862890211,426.15384615384613,e-SAF combustion (propeller),0.0
5336.699231206308,426.15384615384613,e-SAF combustion (propeller),0.0
6243.879965653626,426.15384615384613,e-SAF combustion (propeller),0.0
7305.271542664449,426.15384615384613,e-SAF combustion (propeller),0.0
8547.08812559251,426.15384615384613,e-SAF combustion (propeller),0.0
10000.0,426.15384615384613,e-SAF combustion (propeller),0.0
10.0,434.35897435897436,e-SAF combustion (propeller),0.0
11.69989106589066,434.35897435897436,e-SAF combustion (propeller),0.0
13.688745095370805,434.35897435897436,e-SAF combustion (propeller),0.0
16.015682644458355,434.35897435897436,e-SAF combustion (propeller),0.0
18.73817422860384,434.35897435897436,e-SAF combustion (propeller),0.0
21.923459724834466,434.35897435897436,e-SAF combustion (propeller),0.0
25.650209056800456,434.35897435897436,e-SAF combustion (propeller),0.0
30.010465178188735,434.35897435897436,e-SAF combustion (propeller),0.0
35.11191734215131,434.35897435897436,e-SAF combustion (propeller),0.0
41.08056080177274,434.35897435897436,e-SAF combustion (propeller),0.0
48.06380863064389,434.35897435897436,e-SAF combustion (propeller),0.0
56.23413251903491,434.35897435897436,e-SAF combustion (propeller),0.0
65.79332246575679,434.35897435897436,e-SAF combustion (propeller),0.0
76.9774705712371,434.35897435897436,e-SAF combustion (propeller),0.0
90.06280202112787,434.35897435897436,e-SAF combustion (propeller),0.0
105.37249727360725,434.35897435897436,e-SAF combustion (propeller),0.0
123.28467394420659,434.35897435897436,e-SAF combustion (propeller),0.0
144.24172552410664,434.35897435897436,e-SAF combustion (propeller),0.0
168.7612475788147,434.35897435897436,e-SAF combustion (propeller),0.0
197.44882128159367,434.35897435897436,e-SAF combustion (propeller),0.0
231.0129700083158,434.35897435897436,e-SAF combustion (propeller),0.0
270.28265839051625,434.35897435897436,e-SAF combustion (propeller),0.0
316.22776601683796,434.35897435897436,e-SAF combustion (propeller),0.0
369.9830414406966,434.35897435897436,e-SAF combustion (propeller),0.0
432.8761281083057,434.35897435897436,e-SAF combustion (propeller),0.0
506.4603543891704,434.35897435897436,e-SAF combustion (propeller),0.0
592.5530975545674,434.35897435897436,e-SAF combustion (propeller),0.0
693.2806692144524,434.35897435897436,e-SAF combustion (propeller),0.0
811.1308307896873,434.35897435897436,e-SAF combustion (propeller),0.0
949.0142360424725,434.35897435897436,e-SAF combustion (propeller),0.0
1110.336318167638,434.35897435897436,e-SAF combustion (propeller),0.0
1299.0813969063468,434.35897435897436,e-SAF combustion (propeller),0.0
1519.9110829529332,434.35897435897436,e-SAF combustion (propeller),0.0
1778.2794100389228,434.35897435897436,e-SAF combustion (propeller),0.0
2080.5675382171694,434.35897435897436,e-SAF combustion (propeller),0.0
2434.2413552369194,434.35897435897436,e-SAF combustion (propeller),0.0
2848.035868435799,434.35897435897436,e-SAF combustion (propeller),0.0
3332.1709412448167,434.35897435897436,e-SAF combustion (propeller),0.0
3898.603702549072,434.35897435897436,e-SAF combustion (propeller),0.0
4561.323862890211,434.35897435897436,e-SAF combustion (propeller),0.0
5336.699231206308,434.35897435897436,e-SAF combustion (propeller),0.0
6243.879965653626,434.35897435897436,e-SAF combustion (propeller),0.0
7305.271542664449,434.35897435897436,e-SAF combustion (propeller),0.0
8547.08812559251,434.35897435897436,e-SAF combustion (propeller),0.0
10000.0,434.35897435897436,e-SAF combustion (propeller),0.0
10.0,442.56410256410254,e-SAF combustion (propeller),0.0
11.69989106589066,442.56410256410254,e-SAF combustion (propeller),0.0
13.688745095370805,442.56410256410254,e-SAF combustion (propeller),0.0
16.015682644458355,442.56410256410254,e-SAF combustion (propeller),0.0
18.73817422860384,442.56410256410254,e-SAF combustion (propeller),0.0
21.923459724834466,442.56410256410254,e-SAF combustion (propeller),0.0
25.650209056800456,442.56410256410254,e-SAF combustion (propeller),0.0
30.010465178188735,442.56410256410254,e-SAF combustion (propeller),0.0
35.11191734215131,442.56410256410254,e-SAF combustion (propeller),0.0
41.08056080177274,442.56410256410254,e-SAF combustion (propeller),0.0
48.06380863064389,442.56410256410254,e-SAF combustion (propeller),0.0
56.23413251903491,442.56410256410254,e-SAF combustion (propeller),0.0
65.79332246575679,442.56410256410254,e-SAF combustion (propeller),0.0
76.9774705712371,442.56410256410254,e-SAF combustion (propeller),0.0
90.06280202112787,442.56410256410254,e-SAF combustion (propeller),0.0
105.37249727360725,442.56410256410254,e-SAF combustion (propeller),0.0
123.28467394420659,442.56410256410254,e-SAF combustion (propeller),0.0
144.24172552410664,442.56410256410254,e-SAF combustion (propeller),0.0
168.7612475788147,442.56410256410254,e-SAF combustion (propeller),0.0
197.44882128159367,442.56410256410254,e-SAF combustion (propeller),0.0
231.0129700083158,442.56410256410254,e-SAF combustion (propeller),0.0
270.28265839051625,442.56410256410254,e-SAF combustion (propeller),0.0
316.22776601683796,442.56410256410254,e-SAF combustion (propeller),0.0
369.9830414406966,442.56410256410254,e-SAF combustion (propeller),0.0
432.8761281083057,442.56410256410254,e-SAF combustion (propeller),0.0
506.4603543891704,442.56410256410254,e-SAF combustion (propeller),0.0
592.5530975545674,442.56410256410254,e-SAF combustion (propeller),0.0
693.2806692144524,442.56410256410254,e-SAF combustion (propeller),0.0
811.1308307896873,442.56410256410254,e-SAF combustion (propeller),0.0
949.0142360424725,442.56410256410254,e-SAF combustion (propeller),0.0
1110.336318167638,442.56410256410254,e-SAF combustion (propeller),0.0
1299.0813969063468,442.56410256410254,e-SAF combustion (propeller),0.0
1519.9110829529332,442.56410256410254,e-SAF combustion (propeller),0.0
1778.2794100389228,442.56410256410254,e-SAF combustion (propeller),0.0
2080.5675382171694,442.56410256410254,e-SAF combustion (propeller),0.0
2434.2413552369194,442.56410256410254,e-SAF combustion (propeller),0.0
2848.035868435799,442.56410256410254,e-SAF combustion (propeller),0.0
3332.1709412448167,442.56410256410254,e-SAF combustion (propeller),0.0
3898.603702549072,442.56410256410254,e-SAF combustion (propeller),0.0
4561.323862890211,442.56410256410254,e-SAF combustion (propeller),0.0
5336.699231206308,442.56410256410254,e-SAF combustion (propeller),0.0
6243.879965653626,442.56410256410254,e-SAF combustion (propeller),0.0
7305.271542664449,442.56410256410254,e-SAF combustion (propeller),0.0
8547.08812559251,442.56410256410254,e-SAF combustion (propeller),0.0
10000.0,442.56410256410254,e-SAF combustion (propeller),0.0
10.0,450.7692307692307,e-SAF combustion (propeller),0.0
11.69989106589066,450.7692307692307,e-SAF combustion (propeller),0.0
13.688745095370805,450.7692307692307,e-SAF combustion (propeller),0.0
16.015682644458355,450.7692307692307,e-SAF combustion (propeller),0.0
18.73817422860384,450.7692307692307,e-SAF combustion (propeller),0.0
21.923459724834466,450.7692307692307,e-SAF combustion (propeller),0.0
25.650209056800456,450.7692307692307,e-SAF combustion (propeller),0.0
30.010465178188735,450.7692307692307,e-SAF combustion (propeller),0.0
35.11191734215131,450.7692307692307,e-SAF combustion (propeller),0.0
41.08056080177274,450.7692307692307,e-SAF combustion (propeller),0.0
48.06380863064389,450.7692307692307,e-SAF combustion (propeller),0.0
56.23413251903491,450.7692307692307,e-SAF combustion (propeller),0.0
65.79332246575679,450.7692307692307,e-SAF combustion (propeller),0.0
76.9774705712371,450.7692307692307,e-SAF combustion (propeller),0.0
90.06280202112787,450.7692307692307,e-SAF combustion (propeller),0.0
105.37249727360725,450.7692307692307,e-SAF combustion (propeller),0.0
123.28467394420659,450.7692307692307,e-SAF combustion (propeller),0.0
144.24172552410664,450.7692307692307,e-SAF combustion (propeller),0.0
168.7612475788147,450.7692307692307,e-SAF combustion (propeller),0.0
197.44882128159367,450.7692307692307,e-SAF combustion (propeller),0.0
231.0129700083158,450.7692307692307,e-SAF combustion (propeller),0.0
270.28265839051625,450.7692307692307,e-SAF combustion (propeller),0.0
316.22776601683796,450.7692307692307,e-SAF combustion (propeller),0.0
369.9830414406966,450.7692307692307,e-SAF combustion (propeller),0.0
432.8761281083057,450.7692307692307,e-SAF combustion (propeller),0.0
506.4603543891704,450.7692307692307,e-SAF combustion (propeller),0.0
592.5530975545674,450.7692307692307,e-SAF combustion (propeller),0.0
693.2806692144524,450.7692307692307,e-SAF combustion (propeller),0.0
811.1308307896873,450.7692307692307,e-SAF combustion (propeller),0.0
949.0142360424725,450.7692307692307,e-SAF combustion (propeller),0.0
1110.336318167638,450.7692307692307,e-SAF combustion (propeller),0.0
1299.0813969063468,450.7692307692307,e-SAF combustion (propeller),0.0
1519.9110829529332,450.7692307692307,e-SAF combustion (propeller),0.0
1778.2794100389228,450.7692307692307,e-SAF combustion (propeller),0.0
2080.5675382171694,450.7692307692307,e-SAF combustion (propeller),0.0
2434.2413552369194,450.7692307692307,e-SAF combustion (propeller),0.0
2848.035868435799,450.7692307692307,e-SAF combustion (propeller),0.0
3332.1709412448167,450.7692307692307,e-SAF combustion (propeller),0.0
3898.603702549072,450.7692307692307,e-SAF combustion (propeller),0.0
4561.323862890211,450.7692307692307,e-SAF combustion (propeller),0.0
5336.699231206308,450.7692307692307,e-SAF combustion (propeller),0.0
6243.879965653626,450.7692307692307,e-SAF combustion (propeller),0.0
7305.271542664449,450.7692307692307,e-SAF combustion (propeller),0.0
8547.08812559251,450.7692307692307,e-SAF combustion (propeller),0.0
10000.0,450.7692307692307,e-SAF combustion (propeller),0.0
10.0,458.97435897435895,e-SAF combustion (propeller),0.0
11.69989106589066,458.97435897435895,e-SAF combustion (propeller),0.0
13.688745095370805,458.97435897435895,e-SAF combustion (propeller),0.0
16.015682644458355,458.97435897435895,e-SAF combustion (propeller),0.0
18.73817422860384,458.97435897435895,e-SAF combustion (propeller),0.0
21.923459724834466,458.97435897435895,e-SAF combustion (propeller),0.0
25.650209056800456,458.97435897435895,e-SAF combustion (propeller),0.0
30.010465178188735,458.97435897435895,e-SAF combustion (propeller),0.0
35.11191734215131,458.97435897435895,e-SAF combustion (propeller),0.0
41.08056080177274,458.97435897435895,e-SAF combustion (propeller),0.0
48.06380863064389,458.97435897435895,e-SAF combustion (propeller),0.0
56.23413251903491,458.97435897435895,e-SAF combustion (propeller),0.0
65.79332246575679,458.97435897435895,e-SAF combustion (propeller),0.0
76.9774705712371,458.97435897435895,e-SAF combustion (propeller),0.0
90.06280202112787,458.97435897435895,e-SAF combustion (propeller),0.0
105.37249727360725,458.97435897435895,e-SAF combustion (propeller),0.0
123.28467394420659,458.97435897435895,e-SAF combustion (propeller),0.0
144.24172552410664,458.97435897435895,e-SAF combustion (propeller),0.0
168.7612475788147,458.97435897435895,e-SAF combustion (propeller),0.0
197.44882128159367,458.97435897435895,e-SAF combustion (propeller),0.0
231.0129700083158,458.97435897435895,e-SAF combustion (propeller),0.0
270.28265839051625,458.97435897435895,e-SAF combustion (propeller),0.0
316.22776601683796,458.97435897435895,e-SAF combustion (propeller),0.0
369.9830414406966,458.97435897435895,e-SAF combustion (propeller),0.0
432.8761281083057,458.97435897435895,e-SAF combustion (propeller),0.0
506.4603543891704,458.97435897435895,e-SAF combustion (propeller),0.0
592.5530975545674,458.97435897435895,e-SAF combustion (propeller),0.0
693.2806692144524,458.97435897435895,e-SAF combustion (propeller),0.0
811.1308307896873,458.97435897435895,e-SAF combustion (propeller),0.0
949.0142360424725,458.97435897435895,e-SAF combustion (propeller),0.0
1110.336318167638,458.97435897435895,e-SAF combustion (propeller),0.0
1299.0813969063468,458.97435897435895,e-SAF combustion (propeller),0.0
1519.9110829529332,458.97435897435895,e-SAF combustion (propeller),0.0
1778.2794100389228,458.97435897435895,e-SAF combustion (propeller),0.0
2080.5675382171694,458.97435897435895,e-SAF combustion (propeller),0.0
2434.2413552369194,458.97435897435895,e-SAF combustion (propeller),0.0
2848.035868435799,458.97435897435895,e-SAF combustion (propeller),0.0
3332.1709412448167,458.97435897435895,e-SAF combustion (propeller),0.0
3898.603702549072,458.97435897435895,e-SAF combustion (propeller),0.0
4561.323862890211,458.97435897435895,e-SAF combustion (propeller),0.0
5336.699231206308,458.97435897435895,e-SAF combustion (propeller),0.0
6243.879965653626,458.97435897435895,e-SAF combustion (propeller),0.0
7305.271542664449,458.97435897435895,e-SAF combustion (propeller),0.0
8547.08812559251,458.97435897435895,e-SAF combustion (propeller),0.0
10000.0,458.97435897435895,e-SAF combustion (propeller),0.0
10.0,467.1794871794872,e-SAF combustion (propeller),0.0
11.69989106589066,467.1794871794872,e-SAF combustion (propeller),0.0
13.688745095370805,467.1794871794872,e-SAF combustion (propeller),0.0
16.015682644458355,467.1794871794872,e-SAF combustion (propeller),0.0
18.73817422860384,467.1794871794872,e-SAF combustion (propeller),0.0
21.923459724834466,467.1794871794872,e-SAF combustion (propeller),0.0
25.650209056800456,467.1794871794872,e-SAF combustion (propeller),0.0
30.010465178188735,467.1794871794872,e-SAF combustion (propeller),0.0
35.11191734215131,467.1794871794872,e-SAF combustion (propeller),0.0
41.08056080177274,467.1794871794872,e-SAF combustion (propeller),0.0
48.06380863064389,467.1794871794872,e-SAF combustion (propeller),0.0
56.23413251903491,467.1794871794872,e-SAF combustion (propeller),0.0
65.79332246575679,467.1794871794872,e-SAF combustion (propeller),0.0
76.9774705712371,467.1794871794872,e-SAF combustion (propeller),0.0
90.06280202112787,467.1794871794872,e-SAF combustion (propeller),0.0
105.37249727360725,467.1794871794872,e-SAF combustion (propeller),0.0
123.28467394420659,467.1794871794872,e-SAF combustion (propeller),0.0
144.24172552410664,467.1794871794872,e-SAF combustion (propeller),0.0
168.7612475788147,467.1794871794872,e-SAF combustion (propeller),0.0
197.44882128159367,467.1794871794872,e-SAF combustion (propeller),0.0
231.0129700083158,467.1794871794872,e-SAF combustion (propeller),0.0
270.28265839051625,467.1794871794872,e-SAF combustion (propeller),0.0
316.22776601683796,467.1794871794872,e-SAF combustion (propeller),0.0
369.9830414406966,467.1794871794872,e-SAF combustion (propeller),0.0
432.8761281083057,467.1794871794872,e-SAF combustion (propeller),0.0
506.4603543891704,467.1794871794872,e-SAF combustion (propeller),0.0
592.5530975545674,467.1794871794872,e-SAF combustion (propeller),0.0
693.2806692144524,467.1794871794872,e-SAF combustion (propeller),0.0
811.1308307896873,467.1794871794872,e-SAF combustion (propeller),0.0
949.0142360424725,467.1794871794872,e-SAF combustion (propeller),0.0
1110.336318167638,467.1794871794872,e-SAF combustion (propeller),0.0
1299.0813969063468,467.1794871794872,e-SAF combustion (propeller),0.0
1519.9110829529332,467.1794871794872,e-SAF combustion (propeller),0.0
1778.2794100389228,467.1794871794872,e-SAF combustion (propeller),0.0
2080.5675382171694,467.1794871794872,e-SAF combustion (propeller),0.0
2434.2413552369194,467.1794871794872,e-SAF combustion (propeller),0.0
2848.035868435799,467.1794871794872,e-SAF combustion (propeller),0.0
3332.1709412448167,467.1794871794872,e-SAF combustion (propeller),0.0
3898.603702549072,467.1794871794872,e-SAF combustion (propeller),0.0
4561.323862890211,467.1794871794872,e-SAF combustion (propeller),0.0
5336.699231206308,467.1794871794872,e-SAF combustion (propeller),0.0
6243.879965653626,467.1794871794872,e-SAF combustion (propeller),0.0
7305.271542664449,467.1794871794872,e-SAF combustion (propeller),0.0
8547.08812559251,467.1794871794872,e-SAF combustion (propeller),0.0
10000.0,467.1794871794872,e-SAF combustion (propeller),0.0
10.0,475.38461538461536,e-SAF combustion (propeller),0.0
11.69989106589066,475.38461538461536,e-SAF combustion (propeller),0.0
13.688745095370805,475.38461538461536,e-SAF combustion (propeller),0.0
16.015682644458355,475.38461538461536,e-SAF combustion (propeller),0.0
18.73817422860384,475.38461538461536,e-SAF combustion (propeller),0.0
21.923459724834466,475.38461538461536,e-SAF combustion (propeller),0.0
25.650209056800456,475.38461538461536,e-SAF combustion (propeller),0.0
30.010465178188735,475.38461538461536,e-SAF combustion (propeller),0.0
35.11191734215131,475.38461538461536,e-SAF combustion (propeller),0.0
41.08056080177274,475.38461538461536,e-SAF combustion (propeller),0.0
48.06380863064389,475.38461538461536,e-SAF combustion (propeller),0.0
56.23413251903491,475.38461538461536,e-SAF combustion (propeller),0.0
65.79332246575679,475.38461538461536,e-SAF combustion (propeller),0.0
76.9774705712371,475.38461538461536,e-SAF combustion (propeller),0.0
90.06280202112787,475.38461538461536,e-SAF combustion (propeller),0.0
105.37249727360725,475.38461538461536,e-SAF combustion (propeller),0.0
123.28467394420659,475.38461538461536,e-SAF combustion (propeller),0.0
144.24172552410664,475.38461538461536,e-SAF combustion (propeller),0.0
168.7612475788147,475.38461538461536,e-SAF combustion (propeller),0.0
197.44882128159367,475.38461538461536,e-SAF combustion (propeller),0.0
231.0129700083158,475.38461538461536,e-SAF combustion (propeller),0.0
270.28265839051625,475.38461538461536,e-SAF combustion (propeller),0.0
316.22776601683796,475.38461538461536,e-SAF combustion (propeller),0.0
369.9830414406966,475.38461538461536,e-SAF combustion (propeller),0.0
432.8761281083057,475.38461538461536,e-SAF combustion (propeller),0.0
506.4603543891704,475.38461538461536,e-SAF combustion (propeller),0.0
592.5530975545674,475.38461538461536,e-SAF combustion (propeller),0.0
693.2806692144524,475.38461538461536,e-SAF combustion (propeller),0.0
811.1308307896873,475.38461538461536,e-SAF combustion (propeller),0.0
949.0142360424725,475.38461538461536,e-SAF combustion (propeller),0.0
1110.336318167638,475.38461538461536,e-SAF combustion (propeller),0.0
1299.0813969063468,475.38461538461536,e-SAF combustion (propeller),0.0
1519.9110829529332,475.38461538461536,e-SAF combustion (propeller),0.0
1778.2794100389228,475.38461538461536,e-SAF combustion (propeller),0.0
2080.5675382171694,475.38461538461536,e-SAF combustion (propeller),0.0
2434.2413552369194,475.38461538461536,e-SAF combustion (propeller),0.0
2848.035868435799,475.38461538461536,e-SAF combustion (propeller),0.0
3332.1709412448167,475.38461538461536,e-SAF combustion (propeller),0.0
3898.603702549072,475.38461538461536,e-SAF combustion (propeller),0.0
4561.323862890211,475.38461538461536,e-SAF combustion (propeller),0.0
5336.699231206308,475.38461538461536,e-SAF combustion (propeller),0.0
6243.879965653626,475.38461538461536,e-SAF combustion (propeller),0.0
7305.271542664449,475.38461538461536,e-SAF combustion (propeller),0.0
8547.08812559251,475.38461538461536,e-SAF combustion (propeller),0.0
10000.0,475.38461538461536,e-SAF combustion (propeller),0.0
10.0,483.58974358974353,e-SAF combustion (propeller),0.0
11.69989106589066,483.58974358974353,e-SAF combustion (propeller),0.0
13.688745095370805,483.58974358974353,e-SAF combustion (propeller),0.0
16.015682644458355,483.58974358974353,e-SAF combustion (propeller),0.0
18.73817422860384,483.58974358974353,e-SAF combustion (propeller),0.0
21.923459724834466,483.58974358974353,e-SAF combustion (propeller),0.0
25.650209056800456,483.58974358974353,e-SAF combustion (propeller),0.0
30.010465178188735,483.58974358974353,e-SAF combustion (propeller),0.0
35.11191734215131,483.58974358974353,e-SAF combustion (propeller),0.0
41.08056080177274,483.58974358974353,e-SAF combustion (propeller),0.0
48.06380863064389,483.58974358974353,e-SAF combustion (propeller),0.0
56.23413251903491,483.58974358974353,e-SAF combustion (propeller),0.0
65.79332246575679,483.58974358974353,e-SAF combustion (propeller),0.0
76.9774705712371,483.58974358974353,e-SAF combustion (propeller),0.0
90.06280202112787,483.58974358974353,e-SAF combustion (propeller),0.0
105.37249727360725,483.58974358974353,e-SAF combustion (propeller),0.0
123.28467394420659,483.58974358974353,e-SAF combustion (propeller),0.0
144.24172552410664,483.58974358974353,e-SAF combustion (propeller),0.0
168.7612475788147,483.58974358974353,e-SAF combustion (propeller),0.0
197.44882128159367,483.58974358974353,e-SAF combustion (propeller),0.0
231.0129700083158,483.58974358974353,e-SAF combustion (propeller),0.0
270.28265839051625,483.58974358974353,e-SAF combustion (propeller),0.0
316.22776601683796,483.58974358974353,e-SAF combustion (propeller),0.0
369.9830414406966,483.58974358974353,e-SAF combustion (propeller),0.0
432.8761281083057,483.58974358974353,e-SAF combustion (propeller),0.0
506.4603543891704,483.58974358974353,e-SAF combustion (propeller),0.0
592.5530975545674,483.58974358974353,e-SAF combustion (propeller),0.0
693.2806692144524,483.58974358974353,e-SAF combustion (propeller),0.0
811.1308307896873,483.58974358974353,e-SAF combustion (propeller),0.0
949.0142360424725,483.58974358974353,e-SAF combustion (propeller),0.0
1110.336318167638,483.58974358974353,e-SAF combustion (propeller),0.0
1299.0813969063468,483.58974358974353,e-SAF combustion (propeller),0.0
1519.9110829529332,483.58974358974353,e-SAF combustion (propeller),0.0
1778.2794100389228,483.58974358974353,e-SAF combustion (propeller),0.0
2080.5675382171694,483.58974358974353,e-SAF combustion (propeller),0.0
2434.2413552369194,483.58974358974353,e-SAF combustion (propeller),0.0
2848.035868435799,483.58974358974353,e-SAF combustion (propeller),0.0
3332.1709412448167,483.58974358974353,e-SAF combustion (propeller),0.0
3898.603702549072,483.58974358974353,e-SAF combustion (propeller),0.0
4561.323862890211,483.58974358974353,e-SAF combustion (propeller),0.0
5336.699231206308,483.58974358974353,e-SAF combustion (propeller),0.0
6243.879965653626,483.58974358974353,e-SAF combustion (propeller),0.0
7305.271542664449,483.58974358974353,e-SAF combustion (propeller),0.0
8547.08812559251,483.58974358974353,e-SAF combustion (propeller),0.0
10000.0,483.58974358974353,e-SAF combustion (propeller),0.0
10.0,491.79487179487177,e-SAF combustion (propeller),0.0
11.69989106589066,491.79487179487177,e-SAF combustion (propeller),0.0
13.688745095370805,491.79487179487177,e-SAF combustion (propeller),0.0
16.015682644458355,491.79487179487177,e-SAF combustion (propeller),0.0
18.73817422860384,491.79487179487177,e-SAF combustion (propeller),0.0
21.923459724834466,491.79487179487177,e-SAF combustion (propeller),0.0
25.650209056800456,491.79487179487177,e-SAF combustion (propeller),0.0
30.010465178188735,491.79487179487177,e-SAF combustion (propeller),0.0
35.11191734215131,491.79487179487177,e-SAF combustion (propeller),0.0
41.08056080177274,491.79487179487177,e-SAF combustion (propeller),0.0
48.06380863064389,491.79487179487177,e-SAF combustion (propeller),0.0
56.23413251903491,491.79487179487177,e-SAF combustion (propeller),0.0
65.79332246575679,491.79487179487177,e-SAF combustion (propeller),0.0
76.9774705712371,491.79487179487177,e-SAF combustion (propeller),0.0
90.06280202112787,491.79487179487177,e-SAF combustion (propeller),0.0
105.37249727360725,491.79487179487177,e-SAF combustion (propeller),0.0
123.28467394420659,491.79487179487177,e-SAF combustion (propeller),0.0
144.24172552410664,491.79487179487177,e-SAF combustion (propeller),0.0
168.7612475788147,491.79487179487177,e-SAF combustion (propeller),0.0
197.44882128159367,491.79487179487177,e-SAF combustion (propeller),0.0
231.0129700083158,491.79487179487177,e-SAF combustion (propeller),0.0
270.28265839051625,491.79487179487177,e-SAF combustion (propeller),0.0
316.22776601683796,491.79487179487177,e-SAF combustion (propeller),0.0
369.9830414406966,491.79487179487177,e-SAF combustion (propeller),0.0
432.8761281083057,491.79487179487177,e-SAF combustion (propeller),0.0
506.4603543891704,491.79487179487177,e-SAF combustion (propeller),0.0
592.5530975545674,491.79487179487177,e-SAF combustion (propeller),0.0
693.2806692144524,491.79487179487177,e-SAF combustion (propeller),0.0
811.1308307896873,491.79487179487177,e-SAF combustion (propeller),0.0
949.0142360424725,491.79487179487177,e-SAF combustion (propeller),0.0
1110.336318167638,491.79487179487177,e-SAF combustion (propeller),0.0
1299.0813969063468,491.79487179487177,e-SAF combustion (propeller),0.0
1519.9110829529332,491.79487179487177,e-SAF combustion (propeller),0.0
1778.2794100389228,491.79487179487177,e-SAF combustion (propeller),0.0
2080.5675382171694,491.79487179487177,e-SAF combustion (propeller),0.0
2434.2413552369194,491.79487179487177,e-SAF combustion (propeller),0.0
2848.035868435799,491.79487179487177,e-SAF combustion (propeller),0.0
3332.1709412448167,491.79487179487177,e-SAF combustion (propeller),0.0
3898.603702549072,491.79487179487177,e-SAF combustion (propeller),0.0
4561.323862890211,491.79487179487177,e-SAF combustion (propeller),0.0
5336.699231206308,491.79487179487177,e-SAF combustion (propeller),0.0
6243.879965653626,491.79487179487177,e-SAF combustion (propeller),0.0
7305.271542664449,491.79487179487177,e-SAF combustion (propeller),0.0
8547.08812559251,491.79487179487177,e-SAF combustion (propeller),0.0
10000.0,491.79487179487177,e-SAF combustion (propeller),0.0
10.0,500.0,e-SAF combustion (propeller),0.0
11.69989106589066,500.0,e-SAF combustion (propeller),0.0
13.688745095370805,500.0,e-SAF combustion (propeller),0.0
16.015682644458355,500.0,e-SAF combustion (propeller),0.0
18.73817422860384,500.0,e-SAF combustion (propeller),0.0
21.923459724834466,500.0,e-SAF combustion (propeller),0.0
25.650209056800456,500.0,e-SAF combustion (propeller),0.0
30.010465178188735,500.0,e-SAF combustion (propeller),0.0
35.11191734215131,500.0,e-SAF combustion (propeller),0.0
41.08056080177274,500.0,e-SAF combustion (propeller),0.0
48.06380863064389,500.0,e-SAF combustion (propeller),0.0
56.23413251903491,500.0,e-SAF combustion (propeller),0.0
65.79332246575679,500.0,e-SAF combustion (propeller),0.0
76.9774705712371,500.0,e-SAF combustion (propeller),0.0
90.06280202112787,500.0,e-SAF combustion (propeller),0.0
105.37249727360725,500.0,e-SAF combustion (propeller),0.0
123.28467394420659,500.0,e-SAF combustion (propeller),0.0
144.24172552410664,500.0,e-SAF combustion (propeller),0.0
168.7612475788147,500.0,e-SAF combustion (propeller),0.0
197.44882128159367,500.0,e-SAF combustion (propeller),0.0
231.0129700083158,500.0,e-SAF combustion (propeller),0.0
270.28265839051625,500.0,e-SAF combustion (propeller),0.0
316.22776601683796,500.0,e-SAF combustion (propeller),0.0
369.9830414406966,500.0,e-SAF combustion (propeller),0.0
432.8761281083057,500.0,e-SAF combustion (propeller),0.0
506.4603543891704,500.0,e-SAF combustion (propeller),0.0
592.5530975545674,500.0,e-SAF combustion (propeller),0.0
693.2806692144524,500.0,e-SAF combustion (propeller),0.0
811.1308307896873,500.0,e-SAF combustion (propeller),0.0
949.0142360424725,500.0,e-SAF combustion (propeller),0.0
1110.336318167638,500.0,e-SAF combustion (propeller),0.0
1299.0813969063468,500.0,e-SAF combustion (propeller),0.0
1519.9110829529332,500.0,e-SAF combustion (propeller),0.0
1778.2794100389228,500.0,e-SAF combustion (propeller),0.0
2080.5675382171694,500.0,e-SAF combustion (propeller),0.0
2434.2413552369194,500.0,e-SAF combustion (propeller),0.0
2848.035868435799,500.0,e-SAF combustion (propeller),0.0
3332.1709412448167,500.0,e-SAF combustion (propeller),0.0
3898.603702549072,500.0,e-SAF combustion (propeller),0.0
4561.323862890211,500.0,e-SAF combustion (propeller),0.0
5336.699231206308,500.0,e-SAF combustion (propeller),0.0
6243.879965653626,500.0,e-SAF combustion (propeller),0.0
7305.271542664449,500.0,e-SAF combustion (propeller),0.0
8547.08812559251,500.0,e-SAF combustion (propeller),0.0
10000.0,500.0,e-SAF combustion (propeller),0.0
